Date,Open,High,Low,Close,Volume,Dividends,Stock Splits,daily_return,cum_return,middle_band,upper_band,lower_band,Conversion,Baseline,SpanA,SpanB,Lagging
2016-02-18,68.46084749803092,70.20630496806582,68.21841993807573,69.5113525390625,2890700,0.0,0,,,,,,,,,,69.97064208984375
2016-02-19,69.1719461989516,69.4143737144379,68.47699389742453,69.0588150024414,2136300,0.0,0,-0.006510268036674871,0.9934897319633251,,,,,,,,70.59120178222656
2016-02-22,69.59214868132706,70.70730161881924,69.29315558644285,70.10932159423828,2448300,0.0,0,0.015211766836134233,1.0086024661200448,,,,,,,,70.983154296875
2016-02-23,69.72145715655476,70.04469185339872,69.36589837350752,69.77802276611328,2372100,0.0,0,-0.004725460475033749,1.003836355031373,,,,,,,,70.63204956054688
2016-02-24,69.42246538032454,70.23862538144512,69.18812039533721,69.73761749267578,1913900,0.0,0,-0.0005790544334128844,1.003255079139571,,,,,,,,71.13013458251953
2016-02-25,70.2628593353644,71.32145293493645,69.51942397938761,70.0931625366211,3588800,0.0,0,0.005098325075167054,1.008369999666337,,,,,,,,71.05665588378906
2016-02-26,68.92145105844924,69.81842434863555,68.33962987938908,69.32549285888672,2797300,0.0,0,-0.010952133559864685,0.9973261967522304,,,,,,,,70.34625244140625
2016-02-29,69.35780128750767,70.48911930641262,69.26082905782306,69.89921569824219,2169100,0.0,0,0.008275784501428518,1.005579853434181,,,,,,,,71.03215026855469
2016-03-01,70.30325748372407,70.91740260868488,69.90729833449345,70.90123748779297,1936500,0.0,0,0.014335236519341654,1.019995078472245,,,,69.76993643650609,,,,70.85249328613281
2016-03-02,70.78810571413827,71.48305794222277,70.51336031313085,71.44265747070312,1575400,0.0,0,0.007636255756514387,1.027784021761845,,,,69.91134391080593,,,,71.89769744873047
2016-03-03,71.47497806330033,71.47497806330033,70.40023176971252,71.02245330810547,2354700,0.0,0,-0.0058816983784508725,1.0217389061476507,,,,69.91134391080593,,,,71.4567642211914
2016-03-04,70.82043925022045,71.0305426918233,70.3436729323698,70.50528717041016,2319100,0.0,0,-0.007281727307444252,1.0142988820536771,,,,69.91134391080593,,,,71.5955810546875
2016-03-07,70.14165309851377,70.40023958234842,69.3820526049797,69.71336364746094,1841800,0.0,0,-0.01123211541618363,1.0029061599439442,,,,69.91134391080593,,,,71.77521514892578
2016-03-08,69.42245018031339,69.89921644300469,68.98608438986408,69.0749740600586,3321700,0.0,0,-0.009157348806617116,0.9937221984170326,,,,69.91134391080593,,,,71.17096710205078
2016-03-09,69.26890986306293,69.49517222807324,68.42041982908721,68.8648681640625,3123400,0.0,0,-0.003041707924687942,0.9906995857311691,,,,69.91134391080593,,,,71.26895141601562
2016-03-10,69.91538758200922,70.1093320772408,68.28306148753447,68.68710327148438,2293800,0.0,0,-0.0025813582065477014,0.9881422352253185,,,,69.88305971487861,,,,71.513916015625
2016-03-11,69.28505111562197,69.38202331807247,68.42040234729114,69.31737518310547,2977200,0.0,0,0.009175986198310948,0.9972094147377142,,,,69.88305971487861,,,,71.93035888671875
2016-03-14,68.94568976660479,69.20427626172518,68.19417180185042,68.68710327148438,2925100,0.0,0,-0.00909255305695289,0.9881422352253186,,,,69.8386148720366,,,,71.5302505493164
2016-03-15,68.37194767651961,69.34164544233147,68.14568527550938,68.92952728271484,2969400,0.0,0,0.003529396344933877,0.9916297808185977,,,,69.81033166940486,,,,70.13394165039062
2016-03-16,68.86012441537146,69.50520398551606,68.63965094933751,69.4153823852539,2984100,0.885,0,0.007048577317907867,0.9986193599994375,69.7037166595459,71.24796718889753,68.15946613019428,69.58811398366635,,,,71.65274810791016
2016-03-17,69.61950716119361,70.87700308050512,69.57050960653505,70.20742797851562,3877800,0.0,0,0.011410231652487113,1.0100138382296895,69.73852043151855,71.29532169621423,68.18171916682287,69.51134417800725,,,,71.18728637695312
2016-03-18,70.1911043034124,70.86884680825274,70.13394567227067,70.56671905517578,3649200,0.0,0,0.005117565007083158,1.0151826497048835,69.81391563415528,71.37785823656284,68.24997303174771,69.51134417800725,,,,71.4975814819336
2016-03-21,70.33809047291095,70.41974477717983,69.83999111809955,70.158447265625,2055300,0.0,0,-0.005785613884521923,1.0093091948714252,69.81637191772461,71.38233755277543,68.2504062826738,69.51134417800725,,,,71.64456176757812
2016-03-22,70.11762017365898,70.44423737650504,69.9788010096432,70.22377014160156,2089000,0.0,0,0.0009310764209082834,1.010248938864176,69.83865928649902,71.41457185286806,68.26274672012998,69.51134417800725,,,,71.15463256835938
2016-03-23,70.30540893506395,70.39523051498183,69.89713129173626,69.94612884521484,1837200,0.0,0,-0.0039536654871544785,1.0062547525011543,69.84908485412598,71.42494394499401,68.27322576325794,69.51134417800725,,,,70.94234466552734
2016-03-24,69.92162999745477,69.9951232159608,69.40720238720344,69.88080596923828,2122800,0.0,0,-0.0009339026627351865,1.0053150085084035,69.83846702575684,71.41041938343427,68.26651466807941,69.51134417800725,69.81437160886608,,,71.47309875488281
2016-03-28,69.97880315928893,70.46057413898666,69.84815752010202,69.97064208984375,1544900,0.0,0,0.001285562170605381,1.0066074034528838,69.87072448730468,71.4254444402398,68.31600453436957,69.51134417800725,69.81437160886608,,,70.46057891845703
2016-03-29,70.01961557557937,70.82800356207251,69.9787853194664,70.59120178222656,2174700,0.0,0,0.008868858050294914,1.0155348616264834,69.9053237915039,71.49186190060206,68.31878568240575,69.75832701492132,69.81437160886608,,,71.78339385986328
2016-03-30,70.86066975277227,71.5220775691752,70.83617408991627,70.983154296875,2535500,0.0,0,0.00555242728205152,1.0211735450980528,69.909419631958,71.50672429003406,68.31211497388195,70.46463997818933,69.83388142234229,,,71.80789947509766
2016-03-31,71.01583163585579,71.32612047789382,70.61572119194444,70.63204956054688,3056500,0.0,0,-0.004946310709998736,1.0161225034551669,69.8688892364502,71.34368102153516,68.39409745136524,70.46463997818933,69.83388142234229,,,72.13449096679688
2016-04-01,70.32990762600951,71.35876907585877,70.20742931159401,71.13013458251953,4645600,0.0,0,0.0070518273938191545,1.023288023960508,69.8742733001709,71.36674402579015,68.38180257455164,70.46463997818933,69.83388142234229,,,73.05720520019531
2016-04-04,71.32612069021114,71.44860525947789,70.99949724877445,71.05665588378906,1883200,0.0,0,-0.0010330178504754928,1.022230949165579,69.90184173583984,71.45958198080062,68.34410149087905,70.46463997818933,69.83388142234229,,,73.96359252929688
2016-04-05,70.73819556412478,71.0321560210755,70.20743951168609,70.34625244140625,1895900,0.0,0,-0.009997704416946585,1.0120109862899669,69.93348617553711,71.50041162374396,68.36656072733027,70.46463997818933,69.83388142234229,,,73.58797454833984
2016-04-06,70.24825785677734,71.17096941685622,70.03595171510125,71.03215026855469,1691200,0.0,0,0.009750310831692754,1.021878407971382,70.03134498596191,71.61613635177618,68.44655362014764,70.46463997818933,69.83388142234229,,,73.8655776977539
2016-04-07,70.81983655976607,71.07296668295061,70.460550271513,70.85249328613281,1897500,0.0,0,-0.0025292347443043317,1.0192938375974865,70.13072624206544,71.65809165228455,68.60336083184632,70.68511754463862,69.83388142234229,,,73.36749267578125
2016-04-08,71.21995504710915,72.02834305866153,70.89333167754758,71.89769744873047,1887600,0.0,0,0.014751833197692354,1.0343302902691602,70.29125595092773,71.85283799300117,68.7296739088543,71.00356418906397,70.08701416708546,,,73.7757797241211
2016-04-11,72.11000479802117,72.52644979300806,71.30978400118563,71.4567642211914,1717900,0.0,0,-0.006132786489490671,1.0279869634393266,70.39822540283203,71.97148899327367,68.82496181239038,71.28120075405465,70.33606753425872,,,73.58797454833984
2016-04-12,71.53025512448833,71.88137421202939,71.1138101067481,71.5955810546875,1024500,0.0,0,0.0019426688992856267,1.0299840017420712,70.54364929199218,71.98847193469636,69.098826649288,71.28120075405465,70.33606753425872,,,73.89008331298828
2016-04-13,71.87319780197976,71.99568234812001,71.56290901760418,71.77521514892578,1477400,0.0,0,0.0025090109136913785,1.0325682428433696,70.68593368530273,72.02217316404591,69.34969420655955,71.28120075405465,70.33606753425872,,,73.106201171875
2016-04-14,71.76704901722292,71.76704901722292,71.0403152560924,71.17096710205078,1320900,0.0,0,-0.008418617006180296,1.0238754462741266,70.77371292114258,71.9884350063368,69.55899083594835,71.28120075405465,70.33606753425872,,,73.42465209960938
2016-04-15,71.14646686503363,71.44042729546122,70.8688410306426,71.26895141601562,1275500,0.0,0,0.0013767455741375834,1.0252850622632528,70.82678909301758,72.03049563834767,69.62308254768749,71.28120075405465,70.33606753425872,,,73.78395080566406
2016-04-18,71.1954599410149,71.64456162657709,71.08114269524833,71.513916015625,1059900,0.0,0,0.0034371854046153505,1.0288091571148341,70.87414894104003,72.10769118298245,69.64060669909762,71.28120075405465,70.33606753425872,,,74.54335021972656
2016-04-19,71.61190279375434,72.02834777294741,71.35877262494239,71.93035888671875,1502900,0.0,0,0.0058232424442083985,1.0348001622655354,70.96274452209472,72.23234177154255,69.6931472726469,71.49350003226053,70.33606753425872,,,74.37187194824219
2016-04-20,71.89770421081623,72.15083438686797,71.12197285642097,71.5302505493164,2248100,0.0,0,-0.005562440443713901,1.0290441479917878,71.02806854248047,72.27278815379294,69.78334893116799,71.69764541182533,70.33606753425872,,,74.15139770507812
2016-04-21,71.3016161023167,71.37510932661218,70.10944598556654,70.13394165039062,3036000,0.0,0,-0.019520536950490608,1.0089566536772279,71.03745918273925,72.25151503408087,69.82340333139764,71.3179478892873,70.58305037117279,,,74.14324188232422
2016-04-22,70.27276726191772,71.73440241534462,70.22377592342191,71.65274810791016,2758600,0.0,0,0.02165579777464388,1.0308064149326432,71.12605628967285,72.24330137044863,70.00881120889706,71.13014018621726,70.96682609010574,,,74.15139770507812
2016-04-25,71.56290104138147,71.56290104138147,70.75451309467313,71.18728637695312,2182000,0.0,0,-0.006496076469475254,1.024110217636015,71.18688850402832,72.16878005740695,70.20499695064969,71.13014018621726,70.96682609010574,,,74.14324188232422
2016-04-26,71.35876857335838,71.82420485432789,71.15462974433977,71.4975814819336,1336800,0.0,0,0.004358855643652237,1.0285741662378798,71.23220748901367,72.182774566289,70.28164041173835,71.13014018621726,70.96682609010574,,,74.95976257324219
2016-04-27,71.3424402873816,71.81603763656545,70.96682558914898,71.64456176757812,1508500,0.0,0,0.0020557378669048276,1.030688645100335,71.26527786254883,72.22496191120227,70.30559381389538,71.13014018621726,70.96682609010574,,,75.74366760253906
2016-04-28,71.09747394315853,71.84870336860472,70.97498939492161,71.15463256835938,1424200,0.0,0,-0.006838330602232268,1.023640455397172,71.29140701293946,72.20772266809782,70.3750913577811,71.13014018621726,70.96682609010574,,,75.97230529785156
2016-04-29,70.98317493537397,71.28530273469525,70.32992799677507,70.94234466552734,1800200,0.0,0,-0.0029834726871519335,1.020586452057031,71.28201751708984,72.20865382313251,70.35538121104717,71.13014018621726,70.96682609010574,,,76.77252960205078
2016-05-02,71.09748398908613,71.63641358554906,71.01582968866491,71.47309875488281,1378900,0.0,0,0.007481485026436863,1.0282219543162798,71.30283966064454,72.22696908327914,70.37871023800993,71.13014018621726,71.18730365655503,69.66285789343667,,76.74803161621094
2016-05-03,70.97500667047807,71.07299557888302,69.88898629749812,70.46057891845703,2212100,0.0,0,-0.014166446594098603,1.0136557029135786,71.30855598449708,72.20983373588008,70.40727823311407,70.86884483305141,71.20771804525309,69.66285789343667,,77.09915924072266
2016-05-04,70.2074415645069,72.02018946227503,70.16661129936071,71.78339385986328,1681800,0.0,0,0.01877383015738654,1.0326859029181445,71.3461181640625,72.260851292837,70.431385035288,70.95458787988657,71.20771804525309,69.7863493118937,,76.86233520507812
2016-05-05,71.75890190416949,72.28966427548136,71.73440623361772,71.80789947509766,1635400,0.0,0,0.0003413827894820365,1.0330384441123415,71.39388847351074,72.30017619802844,70.48760074899305,71.08932528648974,71.20771804525309,70.14926070026581,,77.16448211669922
2016-05-06,71.74254791826161,72.27331010006628,71.15462711563626,72.13449096679688,2171300,0.0,0,0.004548127630616516,1.0377368348034979,71.40572814941406,72.34400821025967,70.46744808856845,71.08932528648974,71.20771804525309,70.14926070026581,,76.47857666015625
2016-05-09,72.29780850628146,73.23684836668588,72.0610067168005,73.05720520019531,2472900,0.0,0,0.012791581683485598,1.0510111302918486,71.48575019836426,72.67124381790961,70.3002565788189,71.562917332092,71.562917332092,70.14926070026581,,77.45541381835938
2016-05-10,73.48998888355631,74.30654431559581,72.95922660676591,73.96359252929688,3191400,0.0,0,0.012406542607506399,1.0640505446607778,71.60415077209473,73.21276841880602,69.99553312538343,72.09776530654696,72.09776530654696,70.14926070026581,,78.02423858642578
2016-05-11,73.81660906250431,74.4535212747691,73.49815295637191,73.58797454833984,2525700,0.0,0,-0.005078417206522912,1.0586468520661625,71.69478874206543,73.52351548600942,69.86606199812144,72.1712537861336,72.1712537861336,70.14926070026581,,77.82638549804688
2016-05-12,73.84924933596898,74.05338812229812,73.49813037429003,73.8655776977539,1555500,0.0,0,0.0037723982908608455,1.062640489641522,71.82951927185059,73.87112188257689,69.78791666112429,72.1712537861336,72.1712537861336,70.14926070026581,,77.82638549804688
2016-05-13,73.68594874533625,74.03706777456644,73.23684706690301,73.36749267578125,2381700,0.0,0,-0.006743127685411743,1.0554749691361809,71.93444633483887,74.06478349538986,69.80410917428787,72.1712537861336,72.1712537861336,70.25949948349046,,78.61775970458984
2016-05-16,73.31851069006913,73.99625317255568,73.16336316930577,73.7757797241211,1420400,0.0,0,0.0055649584502512894,1.061348643484704,72.04753952026367,74.31389891000481,69.78118013052253,72.3100662870649,72.1712537861336,70.54528917807471,,78.51056671142578
2016-05-17,73.64513317688096,73.9717503515026,73.171529551927,73.58797454833984,3032000,0.0,0,-0.0025456210220147213,1.0586468520661625,72.13042030334472,74.49381074240384,69.7670298642856,72.80407419520267,72.1712537861336,70.80863414415668,,79.20304870605469
2016-05-18,73.53896430399148,74.38818251714238,73.0000410749628,73.89008331298828,3794700,0.0,0,0.004105409430041895,1.0629930308357192,72.24841194152832,74.71469447145705,69.78212941159958,72.80407419520267,72.1712537861336,70.80863414415668,,79.49978637695312
2016-05-19,73.17969439457498,73.43282456535954,72.77957777839046,73.106201171875,1883200,0.0,0,-0.010608759741044915,1.0517159931651778,72.39702491760254,74.68569802479676,70.10835181040831,73.2572639957848,72.1712537861336,70.80863414415668,,80.10982513427734
2016-05-20,73.35932617954556,73.54713664227336,72.93472015877607,73.42465209960938,1611700,0.0,0,0.004356004314677531,1.0562972725692208,72.4856201171875,74.78948592168146,70.18175431269353,73.61654952657977,72.1712537861336,70.80863414415668,,81.6101303100586
2016-05-23,73.60430761026898,74.02891993207984,73.23686015046897,73.78395080566406,2092200,0.0,0,0.004893434231969529,1.061466193801947,72.61545333862304,74.90447741818826,70.32642925905782,73.61654952657977,72.1712537861336,70.80863414415668,,82.70650482177734
2016-05-24,74.0044206147587,74.57601318637526,73.92276631304887,74.54335021972656,1721400,0.0,0,0.010292203192841187,1.0723910195508883,72.76774177551269,75.14359533713944,70.39188821388593,73.67779548238286,72.23249974193669,70.80863414415668,,83.61326599121094
2016-05-25,74.70665644353586,75.09860580101183,74.20039605116636,74.37187194824219,1535900,0.0,0,-0.002300383212974988,1.0699241092517684,72.9041072845459,75.3196187496513,70.4885958194405,73.93909178970114,72.49379604925497,70.91478378325962,,83.40718841552734
2016-05-26,74.64133595420707,74.64133595420707,73.95542614332072,74.15139770507812,1069100,0.0,0,-0.00296448425175444,1.0667523360793192,73.05394554138184,75.38624608091567,70.721645001848,73.93909178970114,72.49379604925497,71.01685647304203,,84.5447769165039
2016-05-27,74.23306348569851,74.51068936534699,74.0860832465246,74.14324188232422,1220600,0.0,0,-0.00010998879328405486,1.066635005277141,73.21399040222168,75.37603198202426,71.0519488224191,73.93909178970114,72.49379604925497,70.95049913023004,,84.0171890258789
2016-05-31,74.16773230262169,74.29021686490393,73.56347678998229,74.15139770507812,2031900,0.0,0,0.00011000089214951991,1.0667523360793194,73.34790534973145,75.3891793917011,71.30663130776179,73.93909178970114,72.49379604925497,71.0484831381615,,83.67923736572266
2016-06-01,73.85744247350199,74.44536343019769,73.75945980060209,74.14324188232422,1977300,0.0,0,-0.00010998879328405486,1.0666350052771412,73.5320384979248,75.10430066179995,71.95977633404965,73.93909178970114,72.49379604925497,71.0484831381615,,84.24801635742188
2016-06-02,74.0288902340168,74.95976257324219,73.91456678568171,74.95976257324219,1212700,0.0,0,0.011012746006087815,1.0783815856714605,73.69085693359375,75.16187914339847,72.21983472378903,74.01666297989395,72.49379604925497,71.0484831381615,,82.87962341308594
2016-06-03,74.66581490937739,75.8498175435198,74.66581490937739,75.74366760253906,2055300,0.0,0,0.010457677591106718,1.089658952614599,73.88764533996581,75.35136392528484,72.42392675464679,74.54333884699439,72.86940192050896,71.0484831381615,,82.55812072753906
2016-06-06,75.77633377165085,76.27443299935379,75.64568193430205,75.97230529785156,1990900,0.0,0,0.0030185717506083787,1.0929481663467588,74.07953605651855,75.5798055124118,72.5792666006253,74.91895489466805,73.08170964842596,71.0484831381615,,82.26958465576172
2016-06-07,75.98863723061818,77.16447890267848,75.94781320189668,76.77252960205078,2047900,0.0,0,0.010533105466023596,1.1044603046517865,74.26530227661132,76.10003983379076,72.43056471943189,75.36397784633039,73.52673260008831,71.0484831381615,,81.99757385253906
2016-06-08,76.8296859010056,77.3686153943311,76.53573172170933,76.74803161621094,1431200,0.0,0,-0.0003190983280976223,1.104107873215122,74.40452423095704,76.52955643389689,72.27949202801719,75.46604609215669,73.62880084591461,71.15872192138615,70.33606753425872,82.525146484375
2016-06-09,76.68272047290905,77.24613946166372,76.36425813601734,77.09915924072266,1695200,0.0,0,0.004575070097792011,1.109159244130605,74.58008346557617,76.97266094460487,72.18750598654746,75.46604609215669,73.7676133468459,71.03828143915226,70.33606753425872,81.93163299560547
2016-06-10,76.84600684294922,77.123632607891,76.45405762381915,76.86233520507812,1847000,0.0,0,-0.003071681169766194,1.105752260566137,74.72992134094238,77.295765391305,72.16407729057977,75.46604609215669,74.26162125498368,71.08115296256983,70.33606753425872,82.15418243408203
2016-06-13,76.8460260222225,77.35229259207365,76.78886739577342,77.16448211669922,2138400,0.0,0,0.003931013946101514,1.1100989881233556,74.91977081298828,77.61437542948184,72.22516619649471,75.5640375974666,74.26162125498368,71.14852166587141,70.33606753425872,81.18971252441406
2016-06-14,76.99300428515437,77.27879741015332,76.33159644875352,76.47857666015625,2866600,0.0,0,-0.008888875266546137,1.100231456684408,75.05491065979004,77.77772721090078,72.3320941086793,75.64159109000641,74.7148110555658,71.14852166587141,70.33606753425872,81.00833129882812
2016-06-15,76.58161060052923,77.61204129674397,76.40025379171546,77.45541381835938,2273400,0.885,0,0.012772690089982275,1.1142843721078877,75.24828262329102,78.0753888461788,72.42117640040324,76.13892810306068,75.19580953756721,71.562917332092,70.69126682109763,81.50296020507812
2016-06-16,77.24935244191737,78.06545205393572,77.1586740084429,78.02423858642578,2084900,0.0,0,0.007343899412897814,1.122467564454012,75.45499038696289,78.45579434343831,72.45418643048747,76.85556699411887,75.4225149161631,72.09776530654696,71.2261147955526,80.22521209716797
2016-06-17,77.78516574768959,77.97476150513094,77.34001885868469,77.82638549804688,2495300,0.0,0,-0.0025357900565700087,1.1196212223652473,75.69099960327148,78.65767422652101,72.72432498002195,77.00663262791619,75.4225149161631,72.1712537861336,71.29960327513925,79.74711608886719
2016-06-20,78.3209910560798,78.65896910985612,77.72746187073993,77.82638549804688,1470700,0.0,0,0.0,1.1196212223652473,75.91108627319336,78.82462894715641,72.99754359923031,77.49528277930482,75.71927344412329,72.1712537861336,71.29960327513925,79.19479370117188
2016-06-21,77.9830107361464,78.74140638353876,77.9830107361464,78.61775970458984,1682300,0.0,0,0.010168456385049929,1.1310060419326446,76.15277671813965,79.12244413891635,73.18310929736295,77.53650141614614,75.76049208096461,72.1712537861336,71.29960327513925,79.60698699951172
2016-06-22,78.70016870957174,78.84030576210394,78.32097100252912,78.51056671142578,2052600,0.0,0,-0.0013634704622320637,1.1294639486018634,76.35113754272462,79.39417844121506,73.30809664423417,77.58595110542873,75.8099417702472,72.24066003659925,71.29960327513925,79.98616027832031
2016-06-23,79.02169184649321,79.4750839953969,78.749656557151,79.20304870605469,2080400,0.0,0,0.008820239410246566,1.1394260910337743,76.59269638061524,79.73539453459787,73.4499982266326,77.9033402220752,76.12733088689367,72.48766399066814,71.29960327513925,80.57144927978516
2016-06-24,77.69446989158097,80.24169140287368,77.44716402344113,79.49978637695312,9755600,0.0,0,0.003746543545308567,1.143695000500493,76.86011581420898,80.03676005675676,73.6834715716612,78.28664392581359,76.51063459063207,72.48766399066814,71.29960327513925,79.84601593017578
2016-06-27,79.27723515419314,80.11807034298155,78.9722316139035,80.10982513427734,4207100,0.0,0,0.007673464107584849,1.152471103036858,77.15844497680663,80.37931013090932,73.93757982270395,78.32097259729457,76.58820578082488,72.7142588909592,71.29960327513925,79.22775268554688
2016-06-28,80.67862300600356,81.6101303100586,80.04387402605569,81.6101303100586,3221700,0.0,0,0.018728104489886155,1.1740547022761065,77.53138160705566,80.99406566076222,74.06869755334911,79.38440215925075,77.42349523026378,72.89390165635669,71.29960327513925,79.8542709350586
2016-06-29,81.94810921121982,82.89610057979128,81.7172874134732,82.70650482177734,3860100,0.0,0,0.013434294340094022,1.1898272987178553,77.95954475402831,81.74673957449265,74.17234993356398,80.11805971923798,78.22978868488678,72.89390165635669,71.29960327513925,79.31843566894531
2016-06-30,82.65702331686501,83.62151119750693,82.35201986565957,83.61326599121094,2818300,0.0,0,0.0109636016101462,1.2028720912058743,78.39221992492676,82.6617951932132,74.12264465664033,80.53433761047404,78.59249399374461,72.95514761215978,71.36084923094232,79.05464172363281
2016-07-01,83.71219818727423,84.2315330307078,82.78892995414202,83.40718841552734,2727400,0.0,0,-0.0024646516702894194,1.1999074304971393,78.77539596557617,83.39083422316499,74.15995770798735,80.83934852707446,78.89750491034505,73.21644391947805,71.62214553826061,78.98870086669922
2016-07-05,83.36596393220611,84.61072599139118,83.25880140245175,84.5447769165039,2131600,0.0,0,0.013638974320884678,1.2162729371291285,79.20401954650879,84.27360685147039,74.13443224154719,81.02894500741616,79.08710139068674,73.21644391947805,71.62214553826061,79.27723693847656
2016-07-06,84.39638673708576,84.75910032573985,83.44839560369331,84.0171890258789,2439600,0.0,0,-0.006240336894448806,1.208682984245842,79.56625251770019,84.9196428828729,74.21286215252748,81.10313217459048,79.16128855786107,73.21644391947805,71.86912837517467,79.35965728759766
2016-07-07,83.91829809802489,84.18208816655645,83.38247275246823,83.67923736572266,1910000,0.0,0,-0.004022410938458676,1.2038211645888826,79.91281280517578,85.38890785364221,74.43671775670934,81.10313217459048,79.25928006317096,73.21644391947805,72.25290409410763,79.56572723388672
2016-07-08,84.26450677154939,84.40464384538208,83.38245829323446,84.24801635742188,2450700,0.0,0,0.006797134027564766,1.2120036983898124,80.27025566101074,85.8978879312168,74.64262339080467,81.86566596982168,79.33683355571078,73.21644391947805,72.25290409410763,79.31018829345703
2016-07-11,83.82762115051781,83.92653849717931,82.31082351277652,82.87962341308594,3075800,0.0,0,-0.016242435175334413,1.1923178068864502,80.57112007141113,86.07862935936926,75.063610783453,82.40148717589777,79.71245761755861,73.25522951457447,72.25290409410763,78.14788055419922
2016-07-12,82.6570380637402,82.87961464869434,81.63485242440677,82.55812072753906,4041900,0.0,0,-0.003879152345377501,1.1876926244694312,80.84080200195312,86.17844132228117,75.50316268162507,83.19697637507332,80.20239113002094,73.70637038375168,72.62850996536162,77.96650695800781
2016-07-13,82.65702129269023,83.01973488983552,81.76673400126468,82.26958465576172,2437600,0.0,0,-0.003494944764181107,1.1835417043500853,81.1303524017334,86.10193691772191,76.1587678857449,83.19697637507332,80.35345676381826,74.000332271547,72.84081769327861,77.73570251464844
2016-07-14,82.59934200219566,82.59934200219566,81.61013081109506,81.99757385253906,1552200,0.0,0,-0.003306334951863721,1.1796285190460043,81.35746040344239,86.04035898861694,76.67456181826783,83.18461556841746,80.54534838724669,74.44535522320935,73.28584064494096,76.96906280517578
2016-07-15,82.21189776985311,82.76420719647754,82.03054093382698,82.525146484375,1654900,0.0,0,0.006434002947266482,1.1872182524142258,81.58250579833984,86.02705569604831,77.13795590063137,83.18461556841746,80.54534838724669,74.54742346903565,73.60838645721657,77.24932861328125
2016-07-18,82.38502517248254,82.70651915635828,81.89041323797954,81.93163299560547,1289300,0.0,0,-0.007191910757551989,1.178679884693126,81.78776817321777,85.88114270919345,77.69439363724209,83.18461556841746,80.54534838724669,74.6168297195013,73.62880084591461,77.24932861328125
2016-07-19,81.25564358708554,82.15418243408203,80.16750901196359,82.15418243408203,1797500,0.0,0,0.0027162822262860598,1.1818815119143988,82.00415802001953,85.66757763481174,78.34073840522733,82.28607642867283,80.54534838724669,74.86383367357018,73.62880084591461,78.1231460571289
2016-07-20,82.17068478775762,82.25311800476308,81.11552451588454,81.18971252441406,1971800,0.0,0,-0.011739754216918086,1.1680065134510043,82.13275566101075,85.47479686266168,78.79071445935982,82.28607642867283,80.54534838724669,74.91282942622513,73.62880084591461,77.89232635498047
2016-07-21,80.49724173362537,81.24739195868885,80.38183400669253,81.00833129882812,2490100,0.0,0,-0.0022340419733768435,1.1653971378747772,82.25764389038086,85.20874967771627,79.30653810304545,82.04702375457146,80.57967705872765,75.17820107278611,73.62880084591461,76.8783950805664
2016-07-22,80.94240557503288,82.06351483512337,80.78577807436928,81.50296020507812,2461000,0.0,0,0.006105901680968806,1.172512938217923,82.37263946533203,84.99640918168116,79.7488697489829,81.59362195089955,80.95888716709138,75.66736882031395,73.75051379712104,77.26583099365234
2016-07-25,81.48645826406482,81.50294867719738,79.84601435536727,80.22521209716797,2227900,0.0,0,-0.01567732147022738,1.1541310759574797,82.40891075134277,84.88731864003222,79.93050286265333,81.43287462260139,81.04955959221226,76.13904095514098,73.97721917571693,77.64501953125
2016-07-26,80.2417217227877,80.43956900775738,79.32670475912329,79.74711608886719,1907200,0.0,0,-0.005959423425664689,1.147253120187131,82.39077529907226,84.94126281230118,79.84028778584334,81.04545597780042,81.10313217459048,76.21457377203964,73.97721917571693,78.1231460571289
2016-07-27,79.65642471258928,79.72237379686344,79.02168207189034,79.19479370117188,1759100,0.0,0,-0.006925923027483849,1.1393073333836743,82.27000846862794,85.1662158861777,79.37380105107817,80.89294463418395,81.10313217459048,76.60727811171405,74.27397770367712,78.10664367675781
2016-07-28,79.2690088598273,79.76361454358029,79.01345766330714,79.60698699951172,2109500,0.0,0,0.005204802981054302,1.1452372035888068,82.11503257751465,85.22730447031611,79.0027606847132,80.85998840983271,81.10313217459048,76.64849674855537,74.31519634051844,79.18655395507812
2016-07-29,79.67291157586133,80.37360326959228,79.63169182771517,79.98616027832031,1920800,0.0,0,0.004763065317506809,1.150692043193539,81.93367729187011,85.09844017737043,78.76891440636979,80.63328783403512,81.10313217459048,76.69794643783797,74.36464602980104,80.81050109863281
2016-08-01,79.8872479580828,80.57969448778184,79.82129887261118,80.57144927978516,1802800,0.0,0,0.007317378399316343,1.1591120922946687,81.79189033508301,84.93364537432993,78.6501352958361,80.63328783403512,81.10313217459048,77.01533555448444,74.6820351464475,81.48646545410156
2016-08-02,80.348866623389,80.54670756013273,79.7306081929711,79.84601593017578,1509400,0.0,0,-0.009003603088859724,1.1486759070801498,81.5569522857666,84.53700770854643,78.57689686298677,80.53848624921525,81.86566596982168,77.39863925822283,75.0653388501859,80.5054931640625
2016-08-03,79.75533267763883,79.92844427292687,79.00517614214114,79.22775268554688,1665000,0.0,0,-0.007743194665712161,1.1397814859238147,81.31748046875,84.23671653759183,78.39824439990818,80.53434548863225,81.8821382339405,77.45458918905973,75.0653388501859,76.91961669921875
2016-08-04,79.28547109672215,79.96967868642385,79.13708880364528,79.8542709350586,1365100,0.0,0,0.00790781296041998,1.1487946647302498,81.1262321472168,83.89735577699493,78.35510851743867,80.25406240966926,81.8821382339405,78.40394869475728,75.74955830377836,77.43069458007812
2016-08-05,80.06858595853352,80.09332157864628,79.12059473279292,79.31843566894531,1396600,0.0,0,-0.006710164150757203,1.1410860639543958,80.87975311279297,83.354383265828,78.40512295975793,79.7924353149615,81.8821382339405,79.17392420206238,76.39254343864471,75.73253631591797
2016-08-08,79.32667692808617,79.63168037921604,78.93098878622222,79.05464172363281,912300,0.0,0,-0.0033257582942445296,1.1372910875127527,80.68850402832031,83.10526516919904,78.27174288744158,79.75534163700203,81.84504455598103,79.56341580210932,76.75524874750252,76.06964874267578
2016-08-09,79.1453283563254,79.32668517815563,78.74139496615793,78.98870086669922,1739700,0.0,0,-0.0008341174597200629,1.1363424531598743,80.51003303527833,82.87421952786664,78.14584654269001,79.66054472696987,81.75024764594889,79.86842671870976,77.06025966410296,76.12791442871094
2016-08-10,78.97223339132225,79.43386446112444,78.97223339132225,79.27723693847656,1292900,0.0,0,0.003652877799120491,1.1404933732792202,80.36041564941407,82.63641165458777,78.08441964424036,79.66054472696987,81.75024764594889,80.05802319905145,77.24985614444465,75.22065734863281
2016-08-11,79.35141836929584,79.59047907431143,78.95573016703713,79.35965728759766,1050300,0.0,0,0.0010396470954840975,1.1416790839021689,80.228519821167,82.41263988078579,78.0443997615482,79.66054472696987,81.57301940577,80.13221036622578,77.324043311619,76.4109115600586
2016-08-12,79.40910605781808,79.95317014962106,79.28545312673808,79.56572723388672,1118200,0.0,0,0.0025966587222305826,1.1446436348533717,80.08054885864257,82.00518219438709,78.15591552289806,79.64405126314533,81.57301940577,80.18120611888072,77.324043311619,76.21947479248047
2016-08-15,79.63168216438197,79.96142124178569,79.29370416974926,79.31018829345703,1261600,0.0,0,-0.003211671021098317,1.1409674160618286,79.94947662353516,81.69931293970754,78.19964030736278,79.41735827240211,81.33396673166862,80.60124976276623,77.324043311619,77.7760009765625
2016-08-16,79.00519351290771,79.08763301481324,77.86760008407256,78.14788055419922,1583500,0.0,0,-0.014655213463333872,1.124246295024734,79.74916152954101,81.3532605495339,78.14506250954813,78.98046083135942,80.44366748695404,81.05697239672818,77.324043311619,78.9329833984375
2016-08-17,78.33745947986203,78.37867922195679,77.60379335317283,77.96650695800781,1707700,0.0,0,-0.0023209023060530853,1.1216370292060396,79.5880012512207,81.22844451280456,77.94755798963685,78.84855746590955,80.31176412150418,81.69968375254713,77.324043311619,79.22429656982422
2016-08-18,77.95002759402037,78.18908829570492,77.41420860634001,77.73570251464844,1307900,0.0,0,-0.002960302473005272,1.1183166443346666,79.42436981201172,81.11806708783763,77.7306725361858,78.68781492406285,80.08920790140877,81.77521656944579,77.324043311619,79.58222198486328
2016-08-19,77.61205063066194,77.61205063066194,76.41674710575121,76.96906280517578,1967900,0.0,0,-0.00986213135885905,1.1072876586874396,79.1976749420166,80.93149625465222,77.46385362938099,78.18908417376845,79.59047715111438,81.86498197783207,77.324043311619,79.0578384399414
2016-08-22,77.07621700893374,77.42244021762875,76.64756060139467,77.24932861328125,1651900,0.0,0,0.0036412786890087645,1.1113196016416207,79.04888076782227,80.91184932274187,77.18591221290266,78.18908417376845,79.56163313105475,81.86498197783207,77.324043311619,78.55009460449219
2016-08-23,77.38946568024114,77.7274499715267,77.1998699518248,77.24932861328125,1214700,0.0,0,0.0,1.1113196016416207,78.92399139404297,80.9149141494646,76.93306863862135,78.18908417376845,79.33493255525715,81.86498197783207,77.46285581255029,78.25042724609375
2016-08-24,77.34826629989608,78.3374774445236,77.34826629989608,78.1231460571289,2261900,0.0,0,0.011311650981746135,1.123890461104564,78.87040901184082,80.88709216615136,76.85372585753028,78.18908417376845,79.33493255525715,81.41571240795976,77.95686372068806,78.41692352294922
2016-08-25,78.21382027416266,78.63423781818965,77.75218927005506,77.89232635498047,1855400,0.0,0,-0.002954562300648389,1.1205698567181261,78.78467597961426,80.81470426575346,76.75464769347506,78.18908417376845,79.24013097043729,81.41571240795976,77.95686372068806,77.75935363769531
2016-08-26,77.99125926322037,78.25504933828836,76.6393343423405,76.8783950805664,2113700,0.0,0,-0.01301708809919544,1.1059833001719235,78.62928771972656,80.74263569017133,76.5159397492818,77.75219006028223,79.24013097043729,81.31335040664956,78.41005352127019,75.62850952148438
2016-08-29,77.1256876157369,77.48840129392833,77.09271307324214,77.26583099365234,1510500,0.0,0,0.005039594188717356,1.1115570071842884,78.46400680541993,80.4562388252148,76.47177478562506,77.52549246197043,78.9598478914743,81.27625455899546,78.76933905206516,74.13024139404297
2016-08-30,77.3647390981225,77.75218206462955,76.8783788051882,77.64501953125,1542600,0.0,0,0.004907583762721712,1.1170120663040854,78.35395698547363,80.26954024071354,76.43837373023372,77.52549246197043,78.49822079676653,81.24121710740683,78.76933905206516,73.9471206665039
2016-08-31,77.49664860051531,78.31274810929557,77.45542884896788,78.1231460571289,2347400,0.0,0,0.006157851833451744,1.1238904611045637,78.29872665405273,80.17316522688999,76.42428808121547,77.52549246197043,78.49822079676653,81.07429407619546,78.76933905206516,73.49762725830078
2016-09-01,78.06542393484332,78.2385418194845,77.77690460919071,78.10664367675781,1623600,0.0,0,-0.0002112354814669537,1.1236530555618962,78.21134529113769,79.9436449314975,76.47904565077788,77.63678608026507,78.49822079676653,80.99803840438722,78.76933905206516,73.8305892944336
2016-09-02,78.51883672618749,79.26899346073236,78.50235259860742,79.18655395507812,2186400,0.0,0,0.013826100155954535,1.1391887952486393,78.20475120544434,79.9208984927518,76.48860391813687,77.95416390153643,78.49822079676653,80.9815602922116,78.76933905206516,74.08030700683594
2016-09-06,79.96142715675352,80.83523043064868,79.75534100428766,80.81050109863281,3204800,0.0,0,0.02050786481346245,1.1625511250586096,78.29254417419433,80.32744028755509,76.25764806083357,78.7372823864946,78.62598876819995,80.8682100043128,78.76933905206516,76.11959075927734
2016-09-07,80.57968761854602,81.61011840650696,80.45603466614062,81.48646545410156,6552100,0.0,0,0.008364808363750864,1.1722756424327878,78.41743240356445,80.87554239796313,75.95932240916576,79.12472637442373,79.01343275612908,80.8682100043128,78.76933905206516,76.42758178710938
2016-09-08,81.28037277777302,81.39578051362885,80.47251862678227,80.5054931640625,3438100,0.0,0,-0.012038469021479536,1.1581632384267257,78.47884521484374,81.07867746700798,75.87901296267951,79.12472637442373,79.01343275612908,81.20207610951846,78.76933905206516,76.60234832763672
2016-09-09,80.01090991719295,80.01090991719295,76.90313256932717,76.91961669921875,5777800,0.0,0,-0.04454200979225198,1.1065763201196963,78.35684318542481,81.00894331191009,75.70474305893953,79.24424860584759,79.01343275612908,81.20824186128638,78.84691024225796,76.56905364990234
2016-09-12,76.68053791662007,77.66151007983423,76.28485599968121,77.43069458007812,2685300,0.0,0,0.006644311331631458,1.1139287577027825,78.25009155273438,80.8703016321851,75.62988147328365,78.94748720309408,78.94748720309408,81.06810032180488,78.99798023810442,76.42758178710938
2016-09-13,77.58731155937636,77.70271929360712,74.99062496068464,75.73253631591797,4138100,0.0,0,-0.02193133192682306,1.0894988163747692,78.07120895385742,80.86233347391152,75.28008443380332,78.3003716835958,78.3003716835958,80.837286774451,79.16128855786107,76.33599853515625
2016-09-14,76.1528837667703,76.5191254932965,75.75335311094652,76.06964874267578,2293600,0.885,0,0.004451355297960147,1.0943485627031604,77.96729736328125,80.89228359095104,75.04231113561146,78.3003716835958,78.3003716835958,80.80019309649154,79.16128855786107,76.19451904296875
2016-09-15,76.061323868798,76.66062620716376,75.78664892240145,76.12791442871094,2717700,0.0,0,0.0007659518217608685,1.0951867809784042,77.8753677368164,80.90941513931826,74.84132033431455,78.3003716835958,78.3003716835958,80.70539618645938,79.16128855786107,79.00789642333984
2016-09-16,75.8532487467526,75.96977907537607,74.7628550930216,75.22065734863281,3927200,0.0,0,-0.011917534939535401,1.0821348542507767,77.74961547851562,80.99961246336672,74.49961849366453,78.18648674976427,78.18648674976427,80.70539618645938,79.16128855786107,79.1910171508789
2016-09-19,75.3371627300811,76.61900227089707,75.22063244004552,76.4109115600586,2511300,0.0,0,0.015823501859458577,1.0992580171291988,77.72170791625976,81.00781411709885,74.43560171542067,78.18648674976427,78.18648674976427,80.61678206636994,79.16128855786107,78.19218444824219
2016-09-20,76.88536769016068,76.96860271476437,76.21114938489251,76.21947479248047,2263300,0.0,0,-0.0025053590340649023,1.096503981125216,77.67021522521972,81.0166964709284,74.32373397951105,78.07931780332522,78.18648674976427,80.60853533445766,79.25928006317096,77.01856231689453
2016-09-21,76.18618459377066,77.82594072457037,75.81162378286014,77.7760009765625,2882300,0.0,0,0.020421633556514607,1.1188963836210146,77.6965488433838,81.03759331883901,74.35550436792857,77.38688250510728,78.18648674976427,80.37566250203537,79.33683355571078,75.56190490722656
2016-09-22,78.22547613121179,79.32419501748922,78.1172648788801,78.9329833984375,3964700,0.0,0,0.014875828113400269,1.135540893900466,77.73704071044922,81.11761075424039,74.35647066665805,77.0435250552554,78.18648674976427,79.71206415915674,79.71245761755861,75.92813873291016
2016-09-23,78.40857818003443,79.57388744383788,78.2171382801613,79.22429656982422,2603300,0.0,0,0.0036906393100109014,1.1397317657616202,77.8036392211914,81.24641013872422,74.36086830365859,77.16837126842974,78.18648674976427,79.58016079370687,80.20239113002094,75.7367172241211
2016-09-26,78.94962436611675,79.77366190670972,78.78315431664808,79.58222198486328,2611900,0.0,0,0.004517874320582926,1.1448809306385073,77.93883056640625,81.43815509814621,74.4395060346663,77.26825849986565,78.18648674976427,79.38851141273581,80.35345676381826,74.86273956298828
2016-09-27,79.89852047536519,79.9900809109738,79.04951303204275,79.0578384399414,1910800,0.0,0,-0.006589204621876621,1.1373370759188457,78.0284309387207,81.5461585711891,74.51070330625231,77.3764680019977,78.18648674976427,78.88978066244141,80.54534838724669,73.16471099853516
2016-09-28,79.1493905996803,79.37413215449806,78.54176919679605,78.55009460449219,2649800,0.0,0,-0.006422435086369638,1.1300326023774354,78.07368469238281,81.59383044380945,74.55353894095617,77.3764680019977,78.18648674976427,78.87535865241159,80.54534838724669,72.9732666015625
2016-09-29,78.59169268594182,78.65828323288626,77.57620907152348,78.25042724609375,2473900,0.0,0,-0.0038149840545360636,1.1257215460182597,78.08004875183106,81.6009980090237,74.55909949463842,77.60535667550965,78.18648674976427,78.76200836451281,80.54534838724669,73.08980560302734
2016-09-30,78.62501428901705,78.96628619357287,78.01739280833768,78.41692352294922,2712500,0.0,0,0.0021277363295646445,1.1281167846486964,78.09556274414062,81.6196105281138,74.57151496016745,77.90085234691696,78.18648674976427,78.76200836451281,80.54534838724669,74.11360931396484
2016-10-03,78.05900483999451,78.35033063377817,77.44305796879105,77.75935363769531,2308100,0.0,0,-0.008385560867629094,1.1186568926852307,78.02420272827149,81.51426249582045,74.53414296072253,77.90085234691696,78.18648674976427,78.71460757210286,80.54534838724669,74.74620056152344
2016-10-04,77.90085716056504,77.90085716056504,75.37047900030613,75.62850952148438,3191400,0.0,0,-0.027403058494277044,1.0880022724199512,77.76510314941406,81.15623759649826,74.37396870232986,77.68027995563997,78.18648674976427,78.49616051535976,80.57967705872765,71.35848236083984
2016-10-05,75.93647379991712,76.16953440701694,73.58088515593984,74.13024139404297,3829000,0.0,0,-0.01981089058770602,1.066447978441864,77.39729194641113,80.68728765565122,74.10729623717104,76.78548303345681,77.59550178122339,78.24267017672236,80.58792371574553,69.00288391113281
2016-10-06,73.99706676127758,74.7378692710969,73.43105970710296,73.9471206665039,2303100,0.0,0,-0.0024702567278268583,1.0638135781482405,77.0693733215332,80.36219953147709,73.77654711158932,76.71057030903839,77.52058905680497,78.01185662936848,80.58792371574553,68.46183776855469
2016-10-07,74.19680886200281,74.89599681612813,73.21462064459523,73.49762725830078,1618000,0.0,0,-0.006078578910872046,1.0573471033670092,76.89827384948731,80.54507982110466,73.25146787786996,76.60235077778452,77.4123695255511,78.01185662936848,80.58792371574553,68.24542999267578
2016-10-10,73.50596826001558,74.08030071341292,73.33117280690011,73.8305892944336,1029200,0.0,0,0.004530241975875704,1.062137141597753,76.71826858520508,80.59300657528455,72.84353059512561,76.29437639954665,77.4123695255511,78.0675034385158,80.58792371574553,68.91130828857422
2016-10-11,73.75568594484004,74.39660266071186,73.60586035080918,74.08030700683594,2321200,0.0,0,0.0033823069108454007,1.0657296153920446,76.63565711975097,80.66014968669946,72.61116455280249,76.09045341908404,77.4123695255511,78.22619234915149,80.58792371574553,70.82575225830078
2016-10-12,73.93880385094656,76.4275673430882,73.93880385094656,76.11959075927734,3352200,0.0,0,0.027528014324417205,1.0950670355105123,76.63815422058106,80.66128592189122,72.6150225192709,76.09045341908404,77.4123695255511,78.68163557734727,80.58792371574553,70.84242248535156
2016-10-13,76.03637010278442,76.66064244574723,75.87822542752397,76.42758178710938,1888900,0.0,0,0.004046146658959637,1.09949783733758,76.65313758850098,80.67072481668868,72.63555036031329,75.7824756391867,77.30520057911204,79.06907956527641,80.58792371574553,70.75084686279297
2016-10-14,76.52743872299962,77.39309680676577,76.4275528997259,76.60234832763672,2141400,0.0,0,0.0022866946256936416,1.1020120531331816,76.72222213745117,80.68547033488841,72.75897394001393,75.55773890258013,76.61276528089408,79.06907956527641,80.58792371574553,70.37628936767578
2016-10-17,76.81043962854339,77.23494644273451,76.43587890159051,76.56905364990234,1347300,0.0,0,-0.0004346430424295722,1.1015330712616138,76.73012924194336,80.6914714241513,72.76878705973542,75.3038587256805,76.60235077778452,79.12884068098833,80.58792371574553,71.10043334960938
2016-10-18,76.98526355605375,77.24330044276851,76.24446088377202,76.42758178710938,2325200,0.0,0,-0.001847637603565322,1.09949783733758,76.7405345916748,80.6975002127169,72.7835689706327,75.3038587256805,76.60235077778452,78.94748720309408,80.52197816271052,70.05166625976562
2016-10-19,76.7022402324407,76.87703567421062,75.44537051256205,76.33599853515625,2303000,0.0,0,-0.0011983010558704876,1.0981803079181711,76.6685344696045,80.59955423305979,72.7375147061492,75.3038587256805,76.60235077778452,78.3003716835958,79.87486264321225,70.55940246582031
2016-10-20,76.34434465519604,76.41925428609645,75.57857212622385,76.19451904296875,2425500,0.0,0,-0.0018533784178160762,1.096144964236605,76.53161125183105,80.32446780172486,72.73875470193724,75.36213480683294,76.60235077778452,78.3003716835958,79.87486264321225,70.20983123779297
2016-10-21,75.40376301857576,79.1493966127971,75.38711855234439,79.00789642333984,4441600,0.0,0,0.03692361886009854,1.1366186031114938,76.52079124450684,80.28365253962717,72.75792994938651,76.37762848180314,76.60235077778452,78.3003716835958,79.87486264321225,70.94229888916016
2016-10-24,79.52396362869548,79.7736687242385,78.40859388057385,79.1910171508789,3932900,0.0,0,0.0023177522226116576,1.1392530034051171,76.50123100280761,80.20315188951471,72.79931011610051,76.85623628759254,76.60235077778452,78.18648674976427,79.76097770938073,69.4690170288086
2016-10-25,79.01622206326691,79.38246382568941,77.90917771807229,78.19218444824219,3137100,0.0,0,-0.012612954582130076,1.124883657015613,76.45794830322265,80.0570049193907,72.8588916870546,77.58039363829144,76.60235077778452,78.18648674976427,79.58374946920185,67.86254119873047
2016-10-26,77.7593650225893,78.4668724397731,76.66897131316986,77.01856231689453,2419300,0.0,0,-0.015009455735624178,1.1079997655579101,76.38137168884278,79.86103300168763,72.90171037599792,77.58039363829144,76.60235077778452,78.13290227654474,79.58374946920185,68.15388488769531
2016-10-27,77.16004019049097,77.16004019049097,75.50363975680833,75.56190490722656,1803900,0.0,0,-0.01891306934131698,1.0870440891617503,76.24694557189942,79.63286097416295,72.86103016963588,77.58039363829144,76.60235077778452,77.78668462743578,79.34469679510045,69.30253601074219
2016-10-28,75.72004802441191,76.33599474344788,75.60351773568685,75.92813873291016,1588500,0.0,0,0.004846805094885331,1.0923127799914645,76.12250633239746,79.35828814784978,72.88672451694515,77.58039363829144,76.60235077778452,77.61500590250984,78.89129499142857,69.4523696899414
2016-10-31,76.32769426723081,76.51914057576639,75.41209612086965,75.7367172241211,2559300,0.0,0,-0.00252108785996219,1.0895589635025464,76.02137451171875,79.17054869199261,72.87220033144489,77.58039363829144,76.60235077778452,77.67742900909701,78.89129499142857,70.53443908691406
2016-11-01,76.01972376885102,76.23613360345989,74.49649776530171,74.86273956298828,2975800,0.0,0,-0.01153968237818559,1.076985799131422,75.98308601379395,79.16924192502657,72.79693010256133,77.1350832447701,76.60235077778452,77.72737262481496,78.76353114474958,70.75084686279297
2016-11-02,73.19800628150934,73.70574823362024,72.84008992756928,73.16471099853516,6492700,0.0,0,-0.02268189187792724,1.05255772368146,75.93480949401855,79.259577279444,72.6100417085931,76.30687932590389,76.30687932590389,77.78147737588098,78.76353114474958,71.22531127929688
2016-11-03,73.3644782486226,73.56424360122259,72.85673628334366,72.9732666015625,1991900,0.0,0,-0.00261662206219182,1.0498035779199448,75.88611679077148,79.35296144566011,72.41927213588285,76.30687932590389,76.30687932590389,77.78147737588098,78.73468712468994,72.29071807861328
2016-11-04,73.26460110112171,73.40610766184967,72.79847977287005,73.08980560302734,2655400,0.0,0,0.0015970095199540069,1.0514801242279648,75.86572570800782,79.39345229268058,72.33799912333505,76.09047179927973,76.28607424855429,77.89592171263696,78.50798654889235,73.21464538574219
2016-11-07,74.15522365765779,74.52146544454311,73.53927675733583,74.11360931396484,5054100,0.0,0,0.014007476179346945,1.0662087070211448,75.87987670898437,79.37663586336186,72.38311755460688,75.63267610632158,76.28607424855429,78.04366954834062,78.50798654889235,72.54147338867188
2016-11-08,74.27175390159647,74.85440546626967,74.27175390159647,74.74620056152344,3664000,0.0,0,0.008535426265353863,1.075309252823402,75.91317138671874,79.3523456267881,72.4739971466494,74.97925998168051,76.28607424855429,78.04366954834062,78.41318496407249,72.272216796875
2016-11-09,73.66412506297387,73.86389040366953,70.97558979473679,71.35848236083984,5479400,0.0,0,-0.04532294852759999,1.026573066906435,75.67511596679688,79.64809982651124,71.70213210708252,73.7473651852516,75.37462925948765,77.93338335270212,78.41318496407249,72.11233520507812
2016-11-10,71.14205625527616,71.14205625527616,68.32034660464727,69.00288391113281,6994500,0.0,0,-0.03301077001323305,0.9926850994930074,75.30388107299805,80.21448515502884,70.39327699096727,72.41974359020682,74.04700766444289,77.1904924073401,77.59550178122339,73.42501068115234
2016-11-11,69.11107971248045,69.91847261469415,67.99571664992573,68.46183776855469,9705500,0.0,0,-0.0078409207255008,0.9849015343224968,74.89685554504395,80.60372966052304,69.18998142956485,72.11592512669282,73.88469268708212,77.11557968292168,77.52058905680497,73.68583679199219
2016-11-14,68.77814172190621,68.80311794238474,66.0729623920479,68.24542999267578,6627900,0.0,0,-0.00316099863708752,0.981788261914838,74.48067436218261,80.82478869849596,68.13656002586926,70.46368392915878,72.9233155581432,77.00736015166781,77.4123695255511,73.31562042236328
2016-11-15,68.39524113146584,69.16933869191672,68.17050599797776,68.91130828857422,4978900,0.0,0,0.009757111882362057,0.9913676798311309,74.10486068725587,80.82659781649059,67.38312355802114,70.46368392915878,72.9233155581432,76.85337296254887,77.4123695255511,73.31562042236328
2016-11-16,69.00288192479442,70.96725876992265,69.00288192479442,70.82575225830078,4909900,0.0,0,0.027781274471086803,1.0189091374462842,73.82934837341308,80.61480019667268,67.04389655015349,70.46368392915878,72.9233155581432,76.75141147231757,77.4123695255511,73.40816497802734
2016-11-17,70.75918744715659,71.44172492103755,70.34300590575535,70.84242248535156,3437100,0.0,0,0.00023536957277880965,1.0191489576546653,73.56174354553222,80.37537663622629,66.74811045483816,70.46368392915878,72.9233155581432,76.75141147231757,77.4123695255511,73.65219116210938
2016-11-18,70.83408188313479,71.44170959743754,70.52611167282757,70.75084686279297,2357500,0.0,0,-0.0012926664468246862,1.0178315379927887,73.14889106750488,79.5782622267545,66.71951990825525,70.46368392915878,72.9233155581432,76.54383810914936,77.4123695255511,73.01268005371094
2016-11-21,70.92564560781008,71.09212200665782,70.00172223308734,70.37628936767578,2532600,0.0,0,-0.005294035502409811,1.0124431016951825,72.70815467834473,78.60088063137444,66.81542872531502,69.9684263978587,72.9233155581432,76.0852520917371,77.4123695255511,73.21465301513672
2016-11-22,70.83407749077705,71.49164490642472,70.23477522079818,71.10043334960938,2218700,0.0,0,0.010289601632026413,1.0228607378867192,72.35356712341309,77.70684956630011,67.00028468052606,68.78230364923631,72.9233155581432,75.95310475173251,77.4123695255511,73.01268005371094
2016-11-23,70.67593844855688,70.97558325678558,69.71871982232528,70.05166625976562,2107200,0.0,0,-0.01475050207762918,1.0077730284473958,72.00522232055664,76.9890170741632,67.02142756695008,68.78230364923631,72.9233155581432,75.95310475173251,77.4123695255511,73.03791809082031
2016-11-25,70.10993207400803,70.82575834821009,70.01837164408418,70.55940246582031,860700,0.0,0,0.007248024681838494,1.0150773922312737,71.75509719848633,76.49325940608554,67.01693499088711,68.78230364923631,72.9233155581432,75.95310475173251,77.4123695255511,73.47549438476562
2016-11-28,70.50115707354941,71.02554992833792,69.76867977930081,70.20983123779297,3068300,0.0,0,-0.004954282715144531,1.0100484118524082,71.46918182373047,75.83741090344962,67.10095274401131,69.83107545220125,72.9233155581432,75.98224279230874,77.4123695255511,73.40816497802734
2016-11-29,70.29305043672132,71.20032937831276,69.84358002027017,70.94229888916016,2427500,0.0,0,0.010432551089410769,1.0205857935118368,71.22946090698242,75.13111789886307,67.32780391510178,70.24726341560958,72.9233155581432,76.48998962979383,77.4123695255511,71.9440689086914
2016-11-30,70.75918225260982,70.80912200177538,69.46069162047237,69.4690170288086,3883500,0.0,0,-0.02076732617099719,0.9993909554524905,70.95977478027343,74.54953698832263,67.37001257222424,70.47616826344856,72.72771310886866,76.72929353268853,77.4123695255511,72.13758087158203
2016-12-01,69.24426655867917,69.3607968480213,67.271564345517,67.86254119873047,3122700,0.0,0,-0.023125069258025155,0.9762799703918077,70.69466629028321,74.37688927405395,67.01244330651247,69.38160462597087,72.2699174159105,77.09137220803798,77.4123695255511,70.98480987548828
2016-12-02,68.33700577648268,69.1943387099634,67.69608901615305,68.15388488769531,2660500,0.0,0,0.004293144403650695,0.9804712812830916,70.45369720458984,74.13872579060747,66.76866861857222,69.38160462597087,71.61650129126943,77.09137220803798,77.4123695255511,71.69161987304688
2016-12-05,68.07063613915574,69.31918047435794,67.81260567534991,69.30253601074219,2153500,0.0,0,0.016853787937982423,0.9969959363371187,70.26433372497559,73.77108990331072,66.75757754664045,69.38160462597087,71.29605148390715,77.09137220803798,77.4123695255511,71.6747817993164
2016-12-06,69.96011162021013,70.46785355047886,69.30254409821579,69.4523696899414,3265100,0.0,0,0.002162023034423921,0.9991514645167066,70.03127174377441,73.06692054222786,66.99562294532096,69.23594686191488,71.29605148390715,77.09137220803798,77.4123695255511,72.09551239013672
2016-12-07,69.68543161815197,70.6259995252662,69.41075030309557,70.53443908691406,2670100,0.0,0,0.015580021269301136,1.0147182655851301,69.82068367004395,71.96363447917184,67.67773286091605,69.23594686191488,71.1545479977539,77.09137220803798,77.4123695255511,73.50916290283203
2016-12-08,70.70922617740958,71.05882342352518,70.26807485421546,70.75084686279297,2137400,0.0,0,0.0030681150751372677,1.017831537992789,69.7903018951416,71.8603980065509,67.7202057837323,69.23594686191488,70.46368392915878,76.86871701127731,77.4123695255511,73.37451934814453
2016-12-09,70.88404570540956,71.29190185239617,70.59271353570684,71.22531127929688,1871300,0.0,0,0.0067061305629887435,1.0246572491776962,69.9014232635498,72.02894799453449,67.77389853256511,69.28173309895658,70.46368392915878,76.30687932590389,77.22510416703813,72.19648742675781
2016-12-12,71.17535481792548,72.74852022317921,70.78414323082825,72.29071807861328,2789300,0.0,0,0.01495826104765774,1.039984339795271,70.09286727905274,72.35414559326401,67.83158896484147,70.01004228434812,70.46368392915878,76.30687932590389,77.22510416703813,73.0547866821289
2016-12-13,72.60702397963517,73.3311756924045,72.44887298469683,73.21464538574219,2669900,0.0,0,0.012780718350648756,1.0532760867312798,70.34132804870606,72.82005855898171,67.8625975384304,70.30137001896075,70.46368392915878,76.188273023917,77.2042990896885,73.25672149658203
2016-12-14,73.29036409422514,73.58487059307863,72.40684459766464,72.54147338867188,3018000,0.95,0,-0.009194499181462978,1.0435917406139745,70.52283630371093,73.0872346690017,67.95843793842016,70.64047980461584,70.46368392915878,75.95937517743793,77.2042990896885,73.76158905029297
2016-12-15,72.44892071430432,72.8780624679246,71.8010063503968,72.272216796875,2248000,0.0,0,-0.0037117607241614614,1.0397181777791042,70.59515953063965,73.27008041797637,67.92023864330292,70.69873813421427,69.9684263978587,75.6326671151174,77.2042990896885,73.35769653320312
2016-12-16,72.69293834532165,72.78549845231005,71.79258619351124,72.11233520507812,5407300,0.0,0,-0.00221221375077274,1.037418098929293,70.65865516662598,73.41400286751134,67.90330746574061,71.44370734564721,69.82891649256327,74.56099722236962,76.29285410062187,74.05608367919922
2016-12-19,72.3142956992724,73.5932983009252,72.12075915874856,73.42501068115234,1422200,0.0,0,0.01820320299351197,1.056302431173246,70.79236335754395,73.8032150808199,67.781511634268,71.50202430201038,69.83313034648654,73.23337562732485,74.96523250557712,73.08002471923828
2016-12-20,73.42498913197096,73.84571447768742,73.20621015466578,73.68583679199219,1245100,0.0,0,0.003552278827339661,1.0600547119347703,70.95784072875976,74.21548770496742,67.70019375255211,72.05689466595143,69.95933843486766,73.00030890688747,74.80291752821634,73.00428771972656
2016-12-21,73.71951971110133,74.25804781624446,73.29879422772318,73.31562042236328,1528100,0.0,0,-0.005024254127343197,1.0547287276731225,71.06860008239747,74.48657340244263,67.6506267623523,72.42538067597565,70.76480608088073,71.69349974365099,73.84154039927742,73.90464782714844
2016-12-22,73.22306030243918,73.62695959117723,72.60880469177346,73.31562042236328,1272100,0.0,0,0.0,1.0547287276731225,71.23179779052734,74.75126098859344,67.71233459246123,72.52109552353636,70.76480608088073,71.69349974365099,73.84154039927742,72.91172790527344
2016-12-23,73.542800185648,73.88779167059583,73.18097608986756,73.40816497802734,562000,0.0,0,0.0012622761033860286,1.056060086541619,71.37423591613769,75.00340258880188,67.74506924347351,73.02531700487785,70.76480608088073,71.69349974365099,73.84154039927742,73.85413360595703
2016-12-27,73.57646366782569,74.01401528090581,73.3745108435483,73.65219116210938,790000,0.0,0,0.0033242376260880224,1.0595706812167105,71.54635391235351,75.26469981145127,67.82800801325575,73.02531700487785,70.76480608088073,71.69349974365099,73.84154039927742,74.67036437988281
2016-12-28,73.7868196365216,73.94669091643348,72.93695256634633,73.01268005371094,1115600,0.0,0,-0.00868285244889544,1.0503705853325302,71.64987297058106,75.41068629715254,67.88905964400958,73.02531700487785,70.76480608088073,71.69349974365099,73.73437145283837,73.23992156982422
2016-12-29,73.19782040013742,73.45025826703392,72.81917001955429,73.21465301513672,1681400,0.0,0,0.0027662723964823055,1.0532761964888127,71.83715476989747,75.5161915275557,68.15811801223923,73.02531700487785,70.76480608088073,71.44587097800095,73.04193615462043,73.55964660644531
2016-12-30,73.31560284268905,73.32401914787174,72.70134737931,73.01268005371094,1633100,0.0,0,-0.0027586412433591168,1.0503705853325302,72.09466171264648,75.31218669917196,68.87713672612101,73.1894034874965,70.76480608088073,70.85280960368976,73.03152165151084,73.76158905029297
2017-01-03,73.41656831076597,73.72790735855521,72.78548033101727,73.03791809082031,2472100,0.0,0,0.00034566649369405233,1.0507336632498414,72.33886337280273,75.0130485057138,69.66467823989167,73.43342625400896,70.76480608088073,70.85280960368976,73.03152165151084,73.862548828125
2017-01-04,73.26513165388623,73.63537211455751,73.23147284657419,73.47549438476562,1939500,0.0,0,0.005991083883322146,1.0570286967654017,72.54751129150391,74.86535435980582,70.229668223202,73.43342625400896,70.76480608088073,70.85280960368976,73.03152165151084,73.67743682861328
2017-01-05,73.40816497802734,73.63536028594719,73.02109838575805,73.40816497802734,2400300,0.0,0,-0.0009163518708115159,1.0560600865416192,72.7453010559082,74.59652004586627,70.89408206595013,73.31140998633964,70.76480608088073,71.37719550517222,73.03152165151084,75.91570281982422
2017-01-06,73.40819202228218,73.48392595940989,71.90199378586908,71.9440689086914,2568800,0.0,0,-0.019944594307379493,1.0349973965513306,72.81578254699707,74.41216588090724,71.2193992130869,72.95800453338745,70.76480608088073,71.58528948687639,73.03152165151084,75.94094848632812
2017-01-09,72.03660446312055,72.36476976592007,71.17832104059858,72.13758087158203,2141600,0.0,0,0.002689755609127653,1.0377812866041372,72.88511924743652,74.21172008412677,71.55851841074627,72.5961681607522,70.76480608088073,71.6019406861586,73.03152165151084,75.76424407958984
2017-01-10,71.96930604637927,72.10394129355852,70.6482281773021,70.98480987548828,2220700,0.0,0,-0.0159801726390838,1.0211973624825925,72.87309417724609,74.26320292785071,71.48298542664146,72.2974595468678,70.97706841619876,70.82576102094069,73.03152165151084,76.15131378173828
2017-01-11,71.06053164733427,72.03661785125524,70.8670015198488,71.69161987304688,1645200,0.0,0,0.009957200685588585,1.0313656295604254,72.84313926696777,74.30684396457094,71.37943456936459,72.18806776792866,71.03532674579719,70.49905295862015,73.03152165151084,75.08267211914062
2017-01-12,71.61588049813574,71.88514450635599,71.2119812759252,71.6747817993164,1379500,0.0,0,-0.0002348680886313792,1.0311233946863305,72.76614608764649,74.30450726549756,71.22778490979542,72.18806776792866,71.78029595723012,70.338828054939,73.03152165151084,75.73058319091797
2017-01-13,71.69161313892461,72.34795022461438,71.65796075277102,72.09551239013672,1270500,0.0,0,0.005869994721411587,1.0371760835702633,72.74384803771973,74.30758493087282,71.18011114456664,72.18806776792866,71.83439905967,70.26599917291102,73.03152165151084,76.21861267089844
2017-01-17,72.05344978814819,73.62696553410565,72.01979097638973,73.50916290283203,1816700,0.0,0,0.019608023659579477,1.057513056756059,72.80569534301758,74.38786308085413,71.22352760518102,72.1418001459298,72.26306133522996,70.19524742983438,73.03152165151084,76.79082489013672
2017-01-18,73.53439708095492,74.2748715965166,73.25671673020884,73.37451934814453,1318800,0.0,0,-0.0018316567536685868,1.055576055823559,72.86880455017089,74.43576581155229,71.3018432887895,72.46154988690935,72.43379256611172,69.84981539553684,73.03152165151084,77.90995788574219
2017-01-19,73.25671090385595,73.41658862395072,72.08709470468847,72.19648742675781,1782000,0.0,0,-0.016055054695448656,1.0386287245121057,72.80737838745117,74.37866798646691,71.23608878843542,72.46154988690935,72.46154988690935,69.87270851405768,72.9233155581432,77.89311981201172
2017-01-20,72.45735715157168,73.11368800430321,72.44052453394325,73.0547866821289,1842900,0.0,0,0.01188837969772183,1.0509763371540661,72.77582588195801,74.29939863443543,71.2522531294806,72.46154988690935,72.46154988690935,70.23686310675345,72.9233155581432,78.70089721679688
2017-01-23,73.1220926757937,73.50915936273239,73.06319136299349,73.25672149658203,1424900,0.0,0,0.0027641558291282564,1.0538813995226863,72.77288093566895,74.29244788876599,71.25331398257191,72.46154988690935,72.46154988690935,70.38252697405977,72.9233155581432,78.26335144042969
2017-01-24,73.31561468024152,73.78683155015683,73.03794076197819,73.76158905029297,1885400,0.0,0,0.006891757416887634,1.0611444944743667,72.79517936706543,74.3588813688296,71.23147736530126,72.5709365581827,72.46154988690935,70.5520818668873,72.9233155581432,77.99408721923828
2017-01-25,74.07292858069096,74.16548870187002,73.03794747261462,73.35769653320312,1797400,0.0,0,-0.005475648264769095,1.0553340404645288,72.79265594482422,74.35250951140179,71.23280237824665,72.7434264362209,72.46154988690935,70.33358226603649,72.9233155581432,77.203125
2017-01-26,74.09815236562399,75.84837149884297,73.87096348360261,74.05608367919922,2120100,0.0,0,0.009520298196386223,1.0653811352265483,72.8128505706787,74.42680878912815,71.19889235222927,73.75316612580698,73.24829983807254,70.63631191910524,72.9233155581432,77.37982177734375
2017-01-27,74.18232999502986,74.50207909302556,72.93697957695828,73.08002471923828,1497600,0.0,0,-0.013179996989701626,1.0513394150713775,72.81621780395508,74.43213060526301,71.20030500264716,73.93408123761634,73.24829983807254,70.66757732424847,72.9233155581432,76.99275207519531
2017-01-30,73.15574915062945,73.28196165991402,72.54990342701788,73.00428771972656,1390100,0.0,0,-0.001036357059301607,1.0502498520468462,72.80569953918457,74.41373579450482,71.19766328386433,73.96773310176572,73.24829983807254,71.00811655040954,72.9233155581432,76.24386596679688
2017-01-31,73.50074849536585,73.92989033167946,73.07160665905225,73.90464782714844,3073200,0.0,0,0.012332975713405858,1.063202557965148,72.85029792785645,74.52757462451616,71.17302123119673,73.96773310176572,73.24829983807254,71.59509337842819,72.9233155581432,76.15972137451172
2017-02-01,74.28329067659156,74.7124324692416,72.89489529079069,72.91172790527344,2286500,0.0,0,-0.01343514854704786,1.048918273663285,72.8439884185791,74.51932175481483,71.16865508234338,74.14444801639311,73.24829983807254,71.64295080220855,72.9233155581432,75.9662094116211
2017-02-02,72.96219781572643,73.94669370718022,72.78549391878038,73.85413360595703,1777500,0.0,0,0.01292529648876184,1.062475853342863,72.86292037963867,74.57492858096569,71.15091217831164,74.19913746293042,73.24829983807254,71.89506154287929,72.9233155581432,76.2354507446289
2017-02-03,74.33378267592853,74.99852977580369,74.14866883752761,74.67036437988281,2090300,0.0,0,0.01105193080025435,1.0742182629509496,72.92603034973145,74.80093845600108,71.05112224346182,74.19913746293042,73.24829983807254,71.89506154287929,72.9233155581432,75.4360580444336
2017-02-06,74.6535600038101,74.6535600038101,73.15577772418204,73.23992156982422,1711700,0.0,0,-0.019156767506601002,1.0536397134362534,72.99082298278809,74.81380533231173,71.16784063326445,74.19913746293042,73.24829983807254,71.89506154287929,72.9233155581432,76.47364044189453
2017-02-07,73.4502602849911,73.66903934766133,72.97063346051988,73.55964660644531,1093600,0.0,0,0.004365447556033741,1.0582393223482138,73.06192626953126,74.8566526097134,71.26719992934912,74.19913746293042,73.24829983807254,71.89506154287929,72.9233155581432,76.21851348876953
2017-02-08,73.62695382467119,74.27486819363351,73.51756751867418,73.76158905029297,1116500,0.0,0,0.002745288390631817,1.0611444944743664,73.20076522827148,74.74016190478595,71.66136855175701,73.77421660141079,73.24829983807254,71.97710478418861,72.9233155581432,76.37158966064453
2017-02-09,73.82048014076064,74.04766902785624,73.50914103941626,73.862548828125,1052600,0.0,0,0.0013687310581553813,1.0625969159011441,73.30931167602539,74.70579180596005,71.91283154609073,73.77421660141079,73.24829983807254,72.09911616744485,72.9233155581432,77.2986068725586
2017-02-10,73.65219432943319,73.80365574427442,73.14732508654932,73.67743682861328,1229100,0.0,0,-0.0025061685854148585,1.059933868891554,73.40944442749023,74.59131759502422,72.22757125995624,73.89201184729203,73.24829983807254,72.09911616744485,72.9233155581432,77.13699340820312
2017-02-13,73.99719575468637,75.92411912653407,73.9803631412667,75.91570281982422,2225300,0.0,0,0.030379259751089682,1.092133875213588,73.6004539489746,75.07362861672443,72.12727928122477,74.35480652265721,73.28617365191809,72.03810803361019,72.9233155581432,78.00447845458984
2017-02-14,75.75582824955976,76.01667599059084,75.03217991660775,75.94094848632812,2041500,0.0,0,0.0003325486765739516,1.0924970628884318,73.72204322814942,75.51546231933864,71.9286241369602,74.40108495468562,73.33245208394646,71.86140530713409,72.9233155581432,79.09306335449219
2017-02-15,75.41083622239972,75.87363039164548,74.92279313213074,75.76424407958984,1717800,0.0,0,-0.0023268659433466343,1.0899549686795906,73.84152946472167,75.83588356137943,71.84717536806392,74.49365472555536,73.33245208394646,71.68048712081647,72.72771310886866,79.67140197753906
2017-02-16,75.8147321053805,76.54679676997655,75.8147321053805,76.15131378173828,1558500,0.0,0,0.005108870376134389,1.0955234073303983,74.03927078247071,76.12514555354299,71.95339601139843,74.75871511524821,73.70689914491268,71.63726398153328,72.2699174159105,79.90950775146484
2017-02-17,76.19338713152722,76.8665440488686,74.50206890138352,75.08267211914062,3408600,0.0,0,-0.014033134945781178,1.0801497795190689,74.14066505432129,76.22236081742719,72.05896929121539,74.91858875469424,74.03926266239691,71.61169725686293,71.61650129126943,80.4367904663086
2017-02-21,75.06583619031524,75.82314330617663,74.74608715017868,75.73058319091797,2552600,0.0,0,0.008629302254310245,1.0894707184464656,74.26435813903808,76.41487154946451,72.11384472861165,75.00693456770895,74.26225240081982,71.98418186257939,71.29605148390715,80.40278625488281
2017-02-22,76.02507616813014,76.27751396830445,75.5454494836069,76.21861267089844,1865100,0.0,0,0.006444285246690162,1.096491578524051,74.38720932006837,76.68606829510722,72.08835034502951,75.00693456770895,74.44316751262917,72.01123341379933,71.29605148390715,80.47080993652344
2017-02-23,76.48790199749223,77.50605700119542,76.26912292619076,76.79082489013672,2490000,0.0,0,0.007507512918255577,1.1047235032145788,74.55886573791504,77.03261221073095,72.08511926509914,75.32669104387236,74.79657585294194,72.20243074057989,71.1545479977539,80.32624816894531
2017-02-24,76.57205365609434,77.96886562844986,76.18498690249001,77.90995788574219,2147800,0.0,0,0.014573785308421794,1.1208235063755956,74.75155944824219,77.61315199073985,71.88996690574453,75.97461438485828,75.02798016656917,72.44767122651054,70.46368392915878,80.13915252685547
2017-02-27,77.9688537412589,78.34750412820956,77.31251656024307,77.89311981201172,1558300,0.0,0,-0.0002161222286265474,1.1205812715015007,74.99221420288086,78.05572247902357,71.92870592673815,76.42478651479655,75.3940143310764,72.46154988690935,70.46368392915878,79.7989501953125
2017-02-28,77.84262017183644,78.84394232099686,77.5985986542103,78.70089721679688,2294000,0.0,0,0.010370330611158662,1.1322020697636437,75.27704467773438,78.59953992334879,71.95454943211998,76.67300561119019,75.69692287400737,72.46154988690935,70.46368392915878,79.67989349365234
2017-03-01,78.61675928416201,78.61675928416201,77.33775671742364,78.26335144042969,1942700,0.0,0,-0.005559603407847891,1.1259074752782132,75.49497985839844,78.9977251870971,71.99223452969977,76.67300561119019,75.69692287400737,72.46154988690935,70.46368392915878,80.26670837402344
2017-03-02,78.38115386904025,78.80187932575032,77.88469449184663,77.99408721923828,1416300,0.0,0,-0.0034404892741701776,1.1220338026858105,75.74909782409668,79.201868651091,72.29632699710235,76.67300561119019,75.69692287400737,72.51624322254602,70.46368392915878,80.36875915527344
2017-03-03,77.79213809967041,78.06140214805707,76.44581785773711,77.203125,2546500,0.0,0,-0.0101413100330916,1.110654910025165,75.91654739379882,79.30913771183454,72.52395707576311,76.79501473558777,75.69692287400737,72.60248816156513,70.17391699428225,80.7770004272461
2017-03-06,77.06848264214709,77.57335830349534,76.81605123123367,77.37982177734375,2135300,0.0,0,0.002288725713418316,1.1131968944764739,76.05202026367188,79.45119393088466,72.6528465964591,77.19469590230187,75.69692287400737,73.50073298193976,70.96066694544544,81.49137115478516
2017-03-07,77.32933369608814,78.06139182028757,76.7739730586509,76.99275207519531,1408500,0.0,0,-0.005002204622055251,1.1076284558256662,76.23966178894042,79.40068083416367,73.07864274371718,77.51446461174343,75.69692287400737,73.59119053784444,70.96066694544544,82.02716064453125
2017-03-08,77.60701872525885,77.74164752993117,76.23544966032958,76.24386596679688,2161300,0.0,0,-0.009726709179937232,1.096854875956427,76.37387275695801,79.2836809552804,73.46406455863561,77.51446461174343,75.81471811988862,73.60801646991914,70.96066694544544,81.64446258544922
2017-03-09,76.34484159631421,76.47105409321519,75.7474058187659,76.15972137451172,2210700,0.0,0,-0.0011036244190686384,1.095644360131147,76.49377937316895,79.14677204044688,73.84078670589102,77.29567406988139,75.81471811988862,73.60801646991914,71.55996792218,81.89961242675781
2017-03-10,76.15974600238809,76.90022070928552,75.62962766493577,75.9662094116211,2127100,0.0,0,-0.0025408701528599753,1.0928604700783404,76.59896240234374,78.9759507864171,74.22197401827039,77.2367849929663,75.81471811988862,73.69637392723283,71.55996792218,82.31632232666016
2017-03-13,76.07557943804171,76.39532847097702,75.7894827919325,76.2354507446289,2523000,0.0,0,0.003544224927019002,1.0967338133981457,76.72686309814453,78.69787562472018,74.75585057156889,77.21575349534305,75.90728789075837,73.72371865050148,71.55996792218,82.0866928100586
2017-03-14,76.01665467358421,76.21019116314076,75.427641739733,75.4360580444336,1838500,0.0,0,-0.010485839493139415,1.0852336386641541,76.702880859375,78.72436827250094,74.68139344624906,77.11476053274166,75.90728789075837,73.72371865050148,71.55996792218,81.67848205566406
2017-03-15,75.57215163166478,76.82233342759837,75.44458086888244,76.47364044189453,2883000,0.95,0,0.01375446204850439,1.1001604435609205,76.72951545715333,78.72370419339933,74.73532672090732,76.74452194389504,75.90728789075837,73.72371865050148,71.55996792218,81.24475860595703
2017-03-16,76.47364855287593,76.71177720811625,75.72524328090358,76.21851348876953,2528100,0.0,0,-0.003336142383843388,1.096490151676129,76.75222892761231,78.71159337457644,74.79286448064818,76.74451678001029,75.99563370377308,73.72371865050148,71.55996792218,80.54736328125
2017-03-17,76.20149314600725,76.81382762166433,76.14196098801384,76.37158966064453,2597700,0.0,0,0.002008385690932535,1.0986923268070037,76.76324272155762,78.71129368732532,74.81519175578991,76.74451678001029,75.99563370377308,73.51125821974166,71.55996792218,80.17314147949219
2017-03-20,76.3716050133779,77.45169052224676,76.35459211423483,77.2986068725586,2404400,0.0,0,0.012138246906123529,1.1120285255436504,76.87403945922851,78.6718616285253,75.07621728993172,76.58464463483209,75.99563370377308,73.51125821974166,71.55996792218,80.36875915527344
2017-03-21,77.54521851322524,78.29362363582821,77.0689612977977,77.13699340820312,3294100,0.0,0,-0.0020907681379292997,1.1097035317339752,76.94435997009278,78.66534436769179,75.22337557249377,76.86063268778061,76.41215273113178,73.57015584268228,71.55996792218,80.8110122680664
2017-03-22,77.36663111418076,78.08101702094996,76.91588669845467,78.00447845458984,3937300,0.0,0,0.011246031353543406,1.1221832924449933,77.03365325927734,78.78015857652325,75.28714794203144,76.86063268778061,76.67300561119019,73.82049008728765,71.59784173602554,80.45381164550781
2017-03-23,77.95344598623873,79.32268552218629,77.76634307777489,79.09306335449219,2405400,0.0,0,0.01395541540010492,1.1378438264461206,77.14876518249511,79.10894253444822,75.188587830542,77.37516363095965,76.9123772117849,73.86676851931604,71.64412016805392,80.53035736083984
2017-03-24,79.16962525793201,79.90102421293888,78.91449016176777,79.67140197753906,2232300,0.0,0,0.007312128251434347,1.1461638864351975,77.23683738708496,79.46852949910495,75.00514527506498,77.66433297633594,77.20154655716121,73.91305340475091,71.64412016805392,80.24120330810547
2017-03-27,79.50128911923636,79.99455275913593,79.34820551002115,79.90950775146484,2740500,0.0,0,0.002988597765518186,1.1495893092651155,77.33765678405761,79.84694656115735,74.82836700695788,77.71956681400918,77.24831083025973,74.23280713008045,72.1214428930648,80.00304412841797
2017-03-28,79.93501393245339,80.59837402084025,79.87548178320117,80.4367904663086,3497700,0.0,0,0.00659849784688582,1.1571748718471042,77.4244514465332,80.22307131795499,74.6258315751114,78.16180865087192,77.67223058550947,74.47892570854557,72.33957486210926,80.60689544677734
2017-03-29,80.47932482320383,81.176704340377,80.28372193403756,80.40278625488281,1883900,0.0,0,-0.0004227445081864678,1.1566856825250196,77.53142318725585,80.6034300437384,74.45941633077331,78.65933266419542,78.30217304005501,74.63459348426439,73.08454407354219,81.57642364501953
2017-03-30,80.40277134051306,80.79398353479627,80.02005910434292,80.47080993652344,1384800,0.0,0,0.0008460363727320619,1.157664280684254,77.65525932312012,80.98374977686774,74.3267688693725,78.76564822730592,78.30217304005501,74.72505104016906,73.13864717598209,81.10016632080078
2017-03-31,80.15615812112522,80.58138972919485,79.87550370255461,80.32624816894531,2118000,0.0,0,-0.0017964497647302569,1.1555845949595822,77.81141548156738,81.33013195696381,74.29269900617095,79.04629551941584,78.30217304005501,75.06163344840715,73.88706592770544,80.75146484375
2017-04-03,80.31774902543891,81.19372510880889,79.75644018258855,80.13915252685547,2128400,0.0,0,-0.002329196823637747,1.1528930109915576,77.94938201904297,81.60482534253896,74.29393869554698,79.05480590363177,78.31068342427095,75.50129727571372,74.28078958207834,80.54736328125
2017-04-04,80.13063026846004,80.18165597555407,79.67988588641433,79.7989501953125,1900300,0.0,0,-0.004245145110923998,1.1479988128625283,78.08969192504883,81.80308591863924,74.37629793145841,79.48003409329189,78.31068342427095,75.90940042293647,74.49786615275583,80.30072784423828
2017-04-05,79.95204143833344,80.36876655926287,79.63736774133515,79.67989349365234,1609700,0.0,0,-0.001491958244673075,1.1462860465688032,78.2614933013916,81.93468674154839,74.5882998612348,80.05410763528833,78.31068342427095,76.18496424259878,74.74608524914947,79.99454498291016
2017-04-06,79.60334816665016,80.36025983798827,79.41624523872052,80.26670837402344,1982400,0.0,0,0.007364654427127748,1.154728047176421,78.46684265136719,82.10575049504847,74.8279348076859,80.27096530941502,78.31068342427095,76.18496424259878,74.74608524914947,81.41483306884766
2017-04-07,80.30072055324153,80.68343282328233,79.883995470703,80.36875915527344,1324600,0.0,0,0.001271396115740453,1.1561961639303375,78.68697013854981,82.22430766160784,75.14963261549178,80.3049851737647,78.31068342427095,76.18496424259878,74.74608524914947,81.58490753173828
2017-04-10,80.40279452978055,80.81951969562749,80.37728167104781,80.7770004272461,1231700,0.0,0,0.005079601530041389,1.162069179733666,78.91404762268067,82.37414926827,75.45394597709134,80.3049851737647,78.31068342427095,76.24596880479757,74.74608524914947,83.44743347167969
2017-04-11,80.92156245480143,81.72949977635936,80.89604960084966,81.49137115478516,1860700,0.0,0,0.00884373922973869,1.172346216526147,79.21681327819825,82.45701654496172,75.97661001143477,80.57287250753994,78.57857075804618,76.44580938815463,74.74608524914947,83.89818572998047
2017-04-12,81.219223322075,82.05267998702969,81.10015901115551,82.02716064453125,1857600,0.0,0,0.006574800278282389,1.1800541587568063,79.49448928833007,82.69801122795944,76.2909673487007,80.7344626128751,78.74016086338135,76.6056937428754,74.74608524914947,84.57005310058594
2017-04-13,81.98464914392571,82.06118771311048,81.5424046713506,81.64446258544922,2057000,0.0,0,-0.004665504158317457,1.1745486111720866,79.76578674316406,82.72037931136435,76.81119417496376,80.73871647591551,78.74441472642175,76.66459136581602,74.74608524914947,84.9697494506836
2017-04-17,82.01017031184689,82.28231828850582,81.55942583380426,81.89961242675781,2387600,0.0,0,0.00312513345337484,1.1782192323294756,80.04218788146973,82.69019737241355,77.39417839052591,80.84928176361316,78.8549800141194,76.555196094885,74.74608524914947,85.70967102050781
2017-04-18,81.82305218280699,82.55445095099799,81.59343000605789,82.31632232666016,2008300,0.0,0,0.00508805704392068,1.1842140789938123,80.2930736541748,82.79929711616623,77.78685019218338,80.98534809485926,78.9910463453655,76.52575155642747,74.74608524914947,86.04134368896484
2017-04-19,82.38436007591211,82.7500594562149,81.8825834896742,82.0866928100586,1976100,0.0,0,-0.002789598831812623,1.1809105967824352,80.54055862426758,82.7015673852109,78.37954986332426,81.08315234746772,79.08885059797396,76.56152069305071,74.74608524914947,87.41059875488281
2017-04-20,82.13773293726011,82.13773293726011,81.37231480126668,81.67848205566406,4264100,0.0,0,-0.004972922411907832,1.1750380200092363,80.7242588043213,82.59371984768855,78.85479776095404,81.31702746345894,79.09732016254867,76.51102421175001,74.74608524914947,87.43611145019531
2017-04-21,81.49990019323397,81.823073913734,80.91307843560907,81.24475860595703,2207000,0.0,0,-0.005310131123781758,1.1687984140475585,80.83184356689453,82.55372380113634,79.10996333265273,81.56367056363135,79.23765136855924,76.32590491732671,74.74608524914947,88.03992462158203
2017-04-24,81.6019357589874,81.78053872844022,80.13063815907067,80.54736328125,3261400,0.0,0,-0.008583880814877487,1.1587655877647565,80.87564163208008,82.51917566633882,79.23210759782133,81.44034880764278,79.44601022211437,76.37007524189168,74.74608524914947,86.44956970214844
2017-04-25,82.2652860995682,82.49490824695737,79.52679429279506,80.17314147949219,2857400,0.0,0,-0.004645984505428524,1.1533819807985777,80.88882331848144,82.50485446793107,79.27279216903182,81.13842687450497,79.55232578522487,76.37007524189168,74.74608524914947,87.98038482666016
2017-04-26,80.1136176419129,80.53884917183498,79.73091186039032,80.36875915527344,5034000,0.0,0,0.0024399402614314614,1.1561961639303378,80.88542175292969,82.50557029246133,79.26527321339805,81.13842687450497,79.83297307733478,76.29013916930259,74.74608524914947,88.94994354248047
2017-04-27,80.36877424884145,81.29577604367738,80.36877424884145,80.8110122680664,2593900,0.0,0,0.005502798816870325,1.1625584788132837,80.90583305358886,82.51120485612219,79.30046125105554,81.13842687450497,79.83297307733478,76.6363927094562,74.74608524914947,87.9889144897461
2017-04-28,80.68344032659068,80.80250464696003,80.0200736278659,80.45381164550781,1821300,0.0,0,-0.004420197353470656,1.1574197409019784,80.90498313903808,82.51130327055822,79.29866300751794,81.13842687450497,80.25820126699489,76.7668191494854,74.74608524914947,87.73380279541016
2017-05-01,80.69194094636649,80.97259534175538,80.06260003519169,80.53035736083984,2033800,0.0,0,0.0009514243485355678,1.1585209382249482,80.91518859863281,82.50908295246442,79.3212942448012,81.13842687450497,80.83227480899134,77.14377042137227,74.9854568497442,87.77629852294922
2017-05-02,80.58989634192052,80.73447353171335,79.99456819630154,80.24120330810547,1960500,0.0,0,-0.0035906217507359894,1.1543611277454746,80.92029113769532,82.50473892028064,79.33584335510999,81.01085126987621,81.04913248311803,77.43293976674858,75.27462619512049,86.04987335205078
2017-05-03,80.48780771815056,80.60687200415386,79.83295414513238,80.00304412841797,1579600,0.0,0,-0.002968040979807185,1.1509349366128296,80.93049583435058,82.48803556925502,79.37295609944614,81.01085126987621,81.08315234746772,77.48393882213446,75.43077713949236,86.79827117919922
2017-05-04,79.75643230597824,80.79399837591617,79.28017502345675,80.60689544677734,1672700,0.0,0,0.007547854271521048,1.1596220257903855,80.97684593200684,82.43361967891177,79.52007218510191,80.88754163520706,81.01511723983583,77.9170196181907,75.90517764838273,86.92581939697266
2017-05-05,80.68344123222617,81.66997511043391,80.5388575657101,81.57642364501953,1527000,0.0,0,0.012027856833691564,1.1735697934977878,81.04233169555664,82.48301590772036,79.60164748339292,80.88754163520706,81.01511723983583,78.48075285212522,76.41733254657402,86.85778045654297
2017-05-08,81.69548792905518,81.69548792905518,80.70044760303617,81.10016632080078,1664000,0.0,0,-0.0058381736160828535,1.1667182892927572,81.078902053833,82.48570900782045,79.67209509984556,80.48783147625596,81.01511723983583,78.53391063368046,76.59824765838337,87.48445892333984
2017-05-09,81.10866425974682,81.20221571530334,80.47931692445418,80.75146484375,1261100,0.0,0,-0.004299639481273765,1.1617018212725898,81.0776252746582,82.48558426079292,79.66966628852349,80.48783147625596,81.01511723983583,78.67423427973543,76.63189952253273,86.96080780029297
2017-05-10,80.6834404982581,80.8620369791921,80.05409310237391,80.54736328125,1446600,0.0,0,-0.002527527678846786,1.1587655877647567,81.03042488098144,82.44307440968727,79.61777535227561,80.48783147625596,81.01511723983583,78.68274466395135,76.64040990674869,86.85780334472656
2017-05-11,80.39427930839672,80.6664272527161,80.06259920402367,80.30072784423828,1044300,0.0,0,-0.003061992683119019,1.1552174560135708,80.9441032409668,82.3123986807754,79.57580780115819,80.48783147625596,81.01511723983583,78.89535875878141,76.81712482137607,86.780517578125
2017-05-12,80.0030514294058,80.24968646963941,79.7734292821635,79.99454498291016,1383500,0.0,0,-0.00381295250426672,1.1508126667216914,80.86160736083984,82.25007553513328,79.4731391865464,80.48783147625596,81.01511723983583,79.18239552977964,76.87181426791338,86.37705993652344
2017-05-15,80.07109985237457,81.49137163115036,79.86699053104903,81.41483306884766,1930600,0.0,0,0.017754811734236764,1.17124512896071,80.83736839294434,82.16759390607889,79.50714287980979,80.48783147625596,81.01511723983583,79.29082436684298,76.87181426791338,85.41560363769531
2017-05-16,81.60191393505663,82.09518398201067,81.32126610494294,81.58490753173828,1578100,0.0,0,0.002088986201651988,1.173691843873861,80.80079765319825,81.99864077487541,79.60295453152108,80.68767950273372,81.01511723983583,79.30783429901783,76.87181426791338,85.62162017822266
2017-05-17,82.00164245126686,84.17883218457277,81.80603959114306,83.44743347167969,4158700,0.0,0,0.02282929522493915,1.2004864014807606,80.8688346862793,82.44935879631346,79.28831057624514,81.97613073336814,81.72950360401475,79.30783429901783,76.87181426791338,85.70748138427734
2017-05-18,83.43042843170686,84.04276289907651,82.30781740436868,83.89818572998047,2280100,0.0,0,0.005401631177234023,1.2069709862548446,80.97981986999511,83.0221693687662,78.93747037122402,81.97613073336814,81.72950360401475,79.57572163279306,77.13970160168861,85.63019561767578
2017-05-19,84.05127008829449,84.64659166542309,83.39640986493447,84.57005310058594,2195200,0.0,0,0.00800812752695057,1.2166365638341026,81.14608459472656,83.72511342102922,78.5670557684239,82.21001047379329,81.96338334443992,79.73731173812823,77.30129170702378,87.48445892333984
2017-05-22,84.57003085894256,84.99526229891951,84.05974794015673,84.9697494506836,1887200,0.0,0,0.004726216142045825,1.2223866512010986,81.36720390319825,84.42290168926935,78.31150611712714,82.38434579054152,82.13771866118813,79.74156560116863,77.42334081594544,86.85780334472656
2017-05-23,85.05481728203293,86.08387686450408,84.91874007020934,85.70967102050781,2043300,0.0,0,0.008708058745702907,1.2330312659697207,81.64403038024902,85.18688431488748,78.10117644561056,82.92865307333379,82.68202594398042,79.85213088886628,77.53390610364309,85.87056732177734
2017-05-24,85.879760124516,86.85778742389769,85.65013147150856,86.04134368896484,1882000,0.0,0,0.003869722803832465,1.2378027551774822,81.92765960693359,85.90349843569489,77.95182077817229,83.3156083530306,83.06898122367721,79.98819722011238,77.66997243488919,85.99934387207031
2017-05-25,85.63313394207594,87.75929174984608,85.63313394207594,87.41059875488281,1569300,0.0,0,0.01591392006693626,1.25750104928201,82.25763893127441,86.86124797677965,77.65402988576918,83.81314114044756,83.51973338665141,80.08600147272084,77.86034645836739,85.25248718261719
2017-05-26,87.487143649681,87.487143649681,86.7047126465811,87.43611145019531,1821300,0.0,0,0.0002918718745315019,1.2578680784704892,82.60675392150878,87.65299024860417,77.5605175944134,84.54027892739451,83.51973338665141,80.2071738130038,77.86034645836739,84.99495697021484
2017-05-30,87.38507098351462,88.38861755702659,87.27451313224853,88.03992462158203,3048600,0.0,0,0.006905764235989098,1.2665546188603831,82.9822322845459,88.45865153119833,77.50581303789347,85.09732857408483,83.83439629024167,80.4006609660953,77.86034645836739,84.44554901123047
2017-05-31,88.20152149609471,88.73731087783568,86.35601824824663,86.44956970214844,4980700,0.0,0,-0.018064019548737043,1.243675551465746,83.29265060424805,88.81652792304068,77.76877328545542,85.52256414110218,84.00874295064622,80.44317951487858,77.9486922713821,85.38986206054688
2017-06-01,86.75572265704625,88.09094915683515,86.46656189564666,87.98038482666016,1982900,0.0,0,0.017707608375448824,1.2656980710772219,83.69151763916015,89.35940635778645,78.02362892053385,86.06686037138508,84.00874295064622,80.34537632986492,77.9486922713821,85.13233184814453
2017-06-02,88.42266050776004,89.02648860500013,88.04845462104025,88.94994354248047,1847200,0.0,0,0.011020169072123887,1.279646277814754,84.10867004394531,90.03220077651801,78.18513931137261,86.54311827257843,84.15333181422844,80.48569997591989,77.9486922713821,84.37688446044922
2017-06-05,88.7203132992857,88.99246124084566,87.93788877836572,87.9889144897461,1303500,0.0,0,-0.010804155848344155,1.2658207799984897,84.42929458618164,90.46421341593127,78.39437575643201,86.97261433760474,84.15333181422844,80.48569997591989,78.3652112987408,85.88774871826172
2017-06-06,88.03996363369846,88.45669534928402,87.62323840663336,87.73380279541016,1219800,0.0,0,-0.002899361764096664,1.262150707628763,84.7609764099121,90.75617072389657,78.76578209592763,87.32981127353804,84.15333181422844,80.69831407074993,78.62606417879921,86.1109390258789
2017-06-07,87.90386928965049,88.28657510123561,87.25751549661106,87.77629852294922,924500,0.0,0,0.0004843712022624125,1.2627620570844535,85.11221809387207,90.94585977058468,79.27857641715947,87.32981127353804,84.15333181422844,80.98535084174816,78.62606417879921,86.78911590576172
2017-06-08,87.77631274063,88.07397358546784,85.35249373477937,86.04987335205078,2383500,0.0,0,-0.019668466316645428,1.23792546409875,85.38734359741211,90.83618246186758,79.93850473295664,87.18949116988975,84.15333181422844,81.02999187649712,78.62606417879921,83.10637664794922
2017-06-09,85.9222951308133,87.44462502101105,85.81173725187305,86.79827117919922,1481900,0.0,0,0.008697256579176527,1.248692019485913,85.71222076416015,90.6553131968218,80.76912833149851,87.18949116988975,84.15333181422844,81.04700180867196,78.62606417879921,82.96045684814453
2017-06-12,85.43750919926899,87.14694158598782,84.69760407940143,86.92581939697266,3039000,0.0,0,0.0014694787815543453,1.2505269459132438,86.05878448486328,90.25834703878392,81.85922193094264,86.86204634220078,84.39995894358182,80.95132943752145,78.74807330319679,84.69451904296875
2017-06-13,86.90030620028661,87.55515982972308,86.38152327149827,86.85778045654297,1928200,0.0,0,-0.0007827241767945914,1.2495481282389445,86.33093185424805,89.95107363967047,82.71079006882563,86.86204634220078,84.39995894358182,80.95132943752145,79.08885059797396,83.50126647949219
2017-06-14,87.54455003516827,88.4115779987728,87.23550816021063,87.48445892333984,2472600,0.95,0,0.007214995173753236,1.2585636119535608,86.62590942382812,89.53595081081562,83.71586803684062,86.86204634220078,84.39995894358182,80.7514743580459,79.08885059797396,85.13233184814453
2017-06-15,87.18399962316526,87.78491731024658,86.83203925667267,86.96080780029297,1642900,0.0,0,-0.005985647388020543,1.2510302939570133,86.80157814025878,89.31624850001171,84.28690778050586,86.84503266012354,84.39995894358182,80.7514743580459,79.08885059797396,85.1065673828125
2017-06-16,86.82346462517721,87.51880568508868,86.50583638142648,86.85780334472656,3079400,0.0,0,-0.0011844928557122048,1.2495484575115416,86.94955902099609,89.0782346272946,84.82088341469758,86.57714971434272,84.39995894358182,80.7514743580459,79.08885059797396,85.41560363769531
2017-06-19,87.01230223893504,87.10673205638514,86.54015315168454,86.780517578125,1796900,0.0,0,-0.000889796467622217,1.248436613707925,87.06008224487304,88.8884242190743,85.23174027067179,86.55459103908711,84.39995894358182,80.7514743580459,79.08885059797396,85.46710205078125
2017-06-20,86.94363234081226,87.14107830786804,85.8018946669818,86.37705993652344,1637600,0.0,0,-0.004649173027094999,1.2426324158774362,87.13044776916504,88.72219917382799,85.5386963645021,86.55459103908711,84.44673956802458,80.7514743580459,79.08885059797396,86.00794219970703
2017-06-21,85.63880202375779,85.93067129446666,84.84902463063841,85.41560363769531,2825200,0.0,0,-0.011130921792599557,1.2288007716393554,87.11574440002441,88.7647543922919,85.46673440775692,86.55459103908711,85.17387735497152,80.7514743580459,79.08885059797396,86.34272766113281
2017-06-22,85.59586778057097,86.1881991243196,85.36408965226579,85.62162017822266,2063100,0.0,0,0.0024119309792762778,1.231764554287831,87.09475822448731,88.80806714514605,85.38144930382856,86.55459103908711,85.4162640980716,80.85139837128477,79.08885059797396,86.34272766113281
2017-06-23,85.69031529877829,86.01652331879038,85.39844599920556,85.70748138427734,2688000,0.0,0,0.00100279819368021,1.2329997655579101,87.00960235595703,88.8193137968662,85.19989091504786,86.6303013147056,85.6671530046844,81.85281716869144,79.80323696215288,86.60882568359375
2017-06-26,85.93065113451667,85.93065113451667,85.27822876263428,85.63019561767578,1961700,0.0,0,-0.0009017388605208065,1.2318879217542935,86.91930656433105,88.81404229789604,85.02457083076607,86.6303013147056,86.21144923496729,81.85281716869144,79.80323696215288,87.39861297607422
2017-06-27,87.2784266404081,89.2614464296263,87.2784266404081,87.48445892333984,5558200,0.0,0,0.021654315890425213,1.2585636119535604,86.89153327941895,88.73478491091588,85.04828164792202,87.05523553013236,86.66059718489151,82.0866969091166,80.03711670257805,86.63459014892578
2017-06-28,87.63040816098436,87.75917672193417,86.49725661361995,86.85780334472656,2316200,0.0,0,-0.007163050287164685,1.2495484575115414,86.91194496154785,88.74405516122285,85.07983476187285,87.05523553013236,86.97952525451387,82.26103222586482,80.21145201932626,87.57887268066406
2017-06-29,86.90928879643963,86.90928879643963,85.08079659633091,85.87056732177734,2745000,0.0,0,-0.011366117780241547,1.235345942571346,86.80645408630372,88.62306711579289,84.98984105681454,87.05523553013236,86.97952525451387,82.80533950865711,80.75575930211855,86.83203887939453
2017-06-30,85.81907052985261,86.39422927161006,85.60445847253055,85.99934387207031,1394800,0.0,0,0.0014996587807603046,1.2371985399613998,86.6589241027832,88.2128906547692,85.10495755079721,87.05523553013236,86.97952525451387,83.1922947883539,81.14271458181534,85.87056732177734
2017-07-03,86.29979501654806,86.7547715068269,84.83184940568164,85.25248718261719,859400,0.0,0,-0.00868444636698773,1.2264541555957895,86.52210273742676,88.06528388393477,84.97892159091876,87.04664791765397,86.97952525451387,83.66643726354948,81.59346674478954,86.50582122802734
2017-07-05,84.98637065448737,85.32116492401956,84.4369643378479,84.99495697021484,2074300,0.0,0,-0.0030207941247589742,1.2227492900882795,86.38516044616699,87.96004366033235,84.81027723200164,86.8492053837371,86.8492053837371,84.03000615702297,81.60193630936426,86.45433044433594
2017-07-06,84.80609567149303,84.92627789158054,83.8446313613531,84.44554901123047,1273100,0.0,0,-0.00646400655484658,1.214845430662215,86.21862297058105,87.87315281024027,84.56409313092183,86.55303889548969,86.55303889548969,84.46586243216325,82.0569304189651,86.57451629638672
2017-07-07,84.61725720274089,85.50145799300273,84.61725720274089,85.38986206054688,1306400,0.0,0,0.011182508259740542,1.2284304497249032,86.18562240600586,87.87860210914162,84.4926427028701,86.55303889548969,86.55303889548969,84.7656535458742,82.43963593292476,87.87935638427734
2017-07-10,85.54438998896529,85.62164720630808,84.9005536466742,85.13233184814453,868500,0.0,0,-0.003015934282921573,1.2247255842173932,86.10232543945312,87.83048823813255,84.3741626407737,86.55303889548969,86.55303889548969,85.03780166101565,82.54595149603526,88.47167205810547
2017-07-11,85.19240772825852,85.24391908004155,84.18802478593992,84.37688446044922,1231500,0.0,0,-0.008873801190396713,1.2138576128702556,85.97487869262696,87.81490564125238,84.13485174400154,85.80190404164364,86.55303889548969,85.34822504340343,82.9711876517274,89.09834289550781
2017-07-12,84.84902058814589,86.29980020427104,84.7975157897548,85.88774871826172,1124300,0.0,0,0.01790613942993713,1.235593116534401,85.92637710571289,87.72084406274996,84.13191014867581,85.37696007889636,86.55303889548969,85.56297307591659,82.9711876517274,89.39879608154297
2017-07-13,85.93925200130904,86.3255510813113,85.53578028918568,86.1109390258789,685600,0.0,0,0.0025986279876692997,1.2388039633883987,85.85770111083984,87.50606022381419,84.2093419978655,85.29970143409,86.55303889548969,85.74157154388324,83.39641584138751,89.38163757324219
2017-07-14,86.27404827074979,87.22692634277,86.25688218767353,86.78911590576172,1967300,0.0,0,0.0078756182147659,1.2485603104469847,85.84911651611328,87.47581955620672,84.22241347601985,85.53577885206155,86.55303889548969,85.74157154388324,83.97048938338395,89.99113464355469
2017-07-17,86.59168115011455,86.59168115011455,83.10637664794922,83.10637664794922,3650400,0.0,0,-0.042433192450206936,1.1955799105080978,85.66154518127442,87.61581424943714,83.7072761131117,85.16665149535962,86.18391153878775,85.6714114920591,84.15333181422844,90.7723159790039
2017-07-18,82.6857536088901,83.6815569445886,82.10200840679417,82.96045684814453,2950800,0.0,0,-0.001755819537444414,1.1934806879426516,85.4705421447754,87.68269718072135,83.25838710882944,84.66446737478208,85.68172741821024,85.6714114920591,84.15333181422844,91.0813446044922
2017-07-19,81.53542879002018,84.79752865537974,79.95588038882524,84.69451904296875,6701000,0.0,0,0.020902273935139215,1.2184271482183273,85.38641510009765,87.58200552035584,83.19082467983947,83.59140336579762,84.60866340922577,85.6310026428913,84.15333181422844,91.63077545166016
2017-07-20,84.72884785781179,85.18383097588857,82.47113109954108,83.50126647949219,6212800,0.0,0,-0.014088899458431059,1.2012608506296565,85.2906982421875,87.63631862142596,82.94507786294905,83.59140336579762,84.60866340922577,85.6310026428913,84.15333181422844,91.84538269042967
2017-07-21,83.5012784711187,85.63023352471572,82.5054816674183,85.13233184814453,23616100,0.0,0,0.019533420718270467,1.224725584217393,85.2662338256836,87.60769575915334,82.92477189221385,83.59140336579762,84.60866340922577,85.6310026428913,84.15333181422844,91.89688873291016
2017-07-24,85.29542706436729,85.67314642747688,84.16227552447955,85.1065673828125,6329100,0.0,0,-0.0003026401928939437,1.2243549330303434,85.23618812561035,87.56955089202059,82.90282535920012,83.59140336579762,84.60866340922577,85.62249580185268,84.15333181422844,91.87115478515624
2017-07-25,85.22674396867635,85.44994235473882,84.56574167655056,85.41560363769531,5560200,0.0,0,0.003631168127046669,1.2288007716393554,85.22545852661133,87.55338387907132,82.89753317415135,83.59140336579762,84.60866340922577,85.48855432896227,84.15333181422844,92.0857391357422
2017-07-26,85.48427468273982,85.68171410418273,84.88335700355165,85.46710205078125,5984800,0.0,0,0.0006029157541798114,1.229541634983325,85.1245906829834,87.21219940407012,83.03698196189667,83.59140336579762,84.60866340922577,85.47727499133447,84.15333181422844,93.0901107788086
2017-07-27,85.64738891547809,86.01652196760116,84.99497288570238,86.00794219970703,4721500,0.0,0,0.006328050629403892,1.2373222367004595,85.08209762573242,87.05724229129294,83.1069529601719,83.2737807694699,84.60866340922577,85.50066530355585,84.15333181422844,91.862548828125
2017-07-28,85.9907607304,86.7633654751692,85.39843588394402,86.34272766113281,4786800,0.0,0,0.003892494726224438,1.2421385069814563,85.1057056427002,87.12920798742664,83.08220329797376,83.35962293199722,84.60866340922577,85.86423419702932,84.15333181422844,91.87971496582033
2017-07-31,86.38564614451748,86.9093001076699,84.9863778369203,86.34272766113281,5191200,0.0,0,0.0,1.2421385069814563,85.12287483215331,87.18231612487382,83.06343353943281,83.43259024824758,84.60866340922577,85.98542756857935,84.15333181422844,91.00409698486328
2017-08-01,86.63457807790995,87.13247953282001,86.05941944005129,86.60882568359375,2762200,0.0,0,0.0030818811226960285,1.2459666301978962,85.19069175720215,87.35072608630837,83.03065742809592,84.80180531618055,84.60866340922577,86.148727159695,84.15333181422844,91.84538269042967
2017-08-02,86.6002558531118,87.41578560851313,85.99075839033581,87.39861297607422,2940100,0.0,0,0.009119016292471027,1.257328620198546,85.31087455749511,87.6741880380808,82.94756107690942,84.96063363796571,84.60866340922577,86.42087527483645,84.15333181422844,91.4161605834961
2017-08-03,87.53596337221772,87.54454968799915,86.3684733046609,86.63459014892578,2272800,0.0,0,-0.00874181867574475,1.246337281384946,85.42032661437989,87.81609182332993,83.02456140542985,85.85341260623935,83.8575285553797,86.85791635751194,84.27081072654153,91.79386901855467
2017-08-04,86.31695946942347,87.61321139075378,86.31695946942347,87.57887268066406,2373700,0.0,0,0.010899601765473221,1.2599218614175045,85.52977714538574,88.1052628712679,82.95429141950358,86.08947653365217,83.78454588978951,87.01738039232312,84.27081072654153,91.17578125
2017-08-07,87.24409035786091,87.54455247481619,86.48865828104577,86.83203887939453,2432900,0.0,0,-0.00852755668587657,1.2491778063244916,85.61476249694825,88.2443769606926,82.98514803320388,86.24828419715271,83.78454588978951,87.01738039232312,84.27081072654153,90.0941390991211
2017-08-08,86.61741956942492,87.12390083375266,85.58727786065863,85.87056732177734,2160500,0.0,0,-0.011072774174433753,1.235345942571346,85.68944664001465,88.25766083681886,83.12123244321045,86.29979461383704,83.78454588978951,87.01738039232312,84.27081072654153,90.79586029052734
2017-08-09,85.90491011477913,86.51440754377086,85.32116508357804,86.50582122802734,2539900,0.0,0,0.007397807258796352,1.2444847937524248,85.72035026550293,88.31238885885804,83.12831167214782,86.29979461383704,83.78454588978951,87.01308658608392,84.27081072654153,91.37625122070312
2017-08-10,86.50583524826476,86.72044733055617,86.13670220474592,86.45433044433594,1954300,0.0,0,-0.0005952291182309555,1.2437440401659878,85.73751983642578,88.34434759286225,83.1306920799893,86.29979461383704,83.78454588978951,86.8492053837371,84.27081072654153,90.51861572265624
2017-08-11,86.76337598458865,86.89214454922099,86.29981308157699,86.57451629638672,1985300,0.0,0,0.001390165783866193,1.2454730505745142,85.72678985595704,88.31776260030303,83.13581711161105,86.46718823716591,83.78454588978951,86.55303889548969,84.27081072654153,88.50015258789062
2017-08-14,86.9178919134606,87.95661358891324,86.38565160024118,87.87935638427734,1776500,0.0,0,0.015071872690844978,1.2642446618326515,85.96543884277344,88.42131725196177,83.50956043358511,86.63888933624564,83.95624698886924,86.55303889548969,84.27081072654153,88.22293853759766
2017-08-15,87.64756254724254,88.48884469030855,87.38144569305645,88.47167205810547,2104600,0.0,0,0.006740100271536598,1.2727657976211584,86.24099960327149,88.5144371167431,83.96756208979988,86.90500488694329,84.22236253956689,86.55303889548969,84.27081072654153,88.01505279541016
2017-08-16,88.28281314443413,90.17998950301006,88.28281314443413,89.09834289550781,2726600,0.0,0,0.007083293700957283,1.2817811715782421,86.46119079589843,88.93902442877433,83.98335716302253,87.75057729329404,85.06793494591764,86.17747146856667,84.27081072654153,87.14875793457031
2017-08-17,89.14125899872056,90.0426322391589,89.07258811948266,89.39879608154297,2740400,0.0,0,0.0033721523461722747,1.286103532963259,86.75606727600098,89.15636512140861,84.35576943059334,87.75057729329404,85.06793494591764,85.96499948719303,84.27081072654153,86.7416000366211
2017-08-18,89.54473829337336,89.81086171469168,89.2528690209192,89.38163757324219,3525000,0.0,0,-0.00019193220773494613,1.2858566882728018,86.96853256225586,89.50617484914595,84.43089027536577,87.75057729329404,85.06793494591764,85.92637016478984,84.27081072654153,86.2564697265625
2017-08-21,89.58766290458539,90.11990319527008,89.44172826904689,89.99113464355469,1666000,0.0,0,0.00681904121316923,1.2946249980243634,87.21276092529297,89.92286809237189,84.50265375821405,87.75057729329404,85.06793494591764,86.04440887377562,84.27081072654153,86.62032318115234
2017-08-22,90.17140482472112,91.38181344961656,90.1456524251719,90.7723159790039,2423100,0.0,0,0.008680647694280008,1.3058631815284207,87.4805965423584,90.47448991932687,84.48670316538993,88.75925782718124,85.6688469192209,85.67528151707369,84.27081072654153,87.09679412841797
2017-08-23,90.21431016580917,91.51056866629416,90.21431016580917,91.0813446044922,2214800,0.0,0,0.003404436938237554,1.3103089103799006,87.76130867004395,90.9934141729932,84.52920316709469,88.90519087393557,85.7332245275597,85.17309739649616,84.27081072654153,86.61165618896484
2017-08-24,91.21013759213758,92.008494823157,90.96118678360024,91.63077545166016,1990600,0.0,0,0.006032309355486376,1.3182130990785625,88.04245033264161,91.58259574528287,84.50230492000034,89.19707321169909,87.23981296134903,84.1000333875117,84.51743785589491,86.36043548583984
2017-08-25,91.93981252831774,92.61798747794982,91.63077061330968,91.84538269042967,2158400,0.0,0,0.0023420868994252775,1.3213004687085652,88.31758308410645,92.13419275922489,84.500973408988,89.99971658550314,87.56173457268406,84.1000333875117,84.51743785589491,86.32579040527344
2017-08-28,91.93122089975778,92.12008056462192,91.6393516354699,91.89688873291016,3116500,0.0,0,0.0005607907656510758,1.3220414418100674,88.59529113769531,92.60233886100565,84.58824341438498,90.45040031119197,88.39013150121468,84.1000333875117,84.51743785589491,88.2662582397461
2017-08-29,91.85398869706091,92.094353227049,91.57928544143992,91.87115478515624,1821400,0.0,0,-0.00028003067469140053,1.3216712296531474,88.85840759277343,92.99946813937801,84.71734704616885,90.84528779871624,88.59186457725019,84.1000333875117,84.51743785589491,87.98906707763672
2017-08-30,91.6736876513042,92.16300288247449,91.53633279019805,92.0857391357422,1967200,0.0,0,0.002335709734875735,1.3247582700105536,89.09276390075684,93.40569314515392,84.77983465635975,90.93542824943452,88.75067224075073,84.1000333875117,84.51743785589491,87.94573211669922
2017-08-31,92.3947633886978,93.4678234758772,92.1286465828978,93.0901107788086,2253400,0.0,0,0.010906918405529265,1.3392073003686087,89.41553993225098,93.90876224655298,84.92231761794898,91.45477587246205,89.22710065639875,84.1000333875117,84.51743785589491,88.46553039550781
2017-09-01,93.115882483942,93.23606471467512,91.57925933449393,91.862548828125,2590700,0.0,0,-0.01318681372718955,1.3215474231565554,89.62972373962403,94.16096691384354,85.09848056540451,91.80673795052455,89.22710065639875,83.94122208934783,84.56421848033767,88.00637817382812
2017-09-05,92.01706982927696,92.66090601548922,91.84537624995616,91.87971496582033,2004500,0.0,0,0.00018686763990660715,1.3217943776045453,89.88210754394531,94.32233457579188,85.44188051209873,91.84106682084318,89.22710065639875,83.9841431706115,84.60866340922577,88.54347229003906
2017-09-06,92.1286620491956,92.31752170415464,90.557700245971,91.00409698486328,2682200,0.0,0,-0.00953004677128988,1.309197615363946,90.1387840270996,94.19464437449923,86.08292367969997,92.0127618609241,89.39449427972761,84.02062682873668,84.60866340922577,89.31449127197266
2017-09-07,91.13287557196632,92.01707628179018,91.00410701580616,91.84538269042967,1825000,0.0,0,0.009244481660054538,1.321300468708565,90.40576210021973,94.15836973515474,86.65315446528473,92.0127618609241,89.39449427972761,84.70523436270315,84.60866340922577,88.79471588134766
2017-09-08,91.82821866254866,91.99990570831336,90.91826553100216,91.4161605834961,2079900,0.0,0,-0.004673311758962351,1.3151256196910268,90.65385360717774,93.95273812617361,87.35496908818186,92.0127618609241,89.39449427972761,84.78464852359573,84.60866340922577,88.23162078857422
2017-09-11,91.71660527254754,92.1544157014142,91.44190210235358,91.79386901855467,1864200,0.0,0,0.004131746866721686,1.3205593858495306,90.91482124328613,93.65441598481,88.17522650176225,92.0127618609241,89.39449427972761,84.85547058080952,84.60866340922577,87.82447052001953
2017-09-12,91.8024513089142,91.862542420089,90.3259193778308,91.17578125,1692900,0.0,0,-0.006733431929203615,1.311667489116442,91.07964248657227,93.43470329795318,88.72458167519136,91.896871426854,89.39449427972761,84.93701121172084,84.60866340922577,87.46061706542969
2017-09-13,91.06418979045178,91.1156945884197,89.64774890137193,90.0941390991211,2103900,0.0,0,-0.01186326166938001,1.296106834469835,91.16076583862305,93.24424260003036,89.07728907721574,91.55778618862456,89.39449427972761,85.01641504347111,84.60866340922577,89.41842651367188
2017-09-14,90.11149034084282,90.94313462574536,89.34915745716235,90.79586029052734,1769400,0.95,0,0.007788755166795225,1.3062018932735304,91.24564170837402,93.11075196277417,89.38053145397387,91.29261108591874,89.39449427972761,85.04217025181327,84.60866340922577,90.9517822265625
2017-09-15,90.95176445906196,91.45421413043312,90.5619366918786,91.37625122070312,2987800,0.0,0,0.006392262029553564,1.3145514780388339,91.34451446533203,93.0037065331559,89.68532239750814,91.00503173632578,89.80226284031156,85.04217025181327,84.60866340922577,90.05081939697266
2017-09-18,91.28961308500683,91.98264754093084,90.42332331973503,90.51861572265624,1557700,0.0,0,-0.009385759281976047,1.3022134143021955,91.40136337280273,92.8500703415438,89.95265640406167,90.8333395806585,89.88381827872709,85.04217025181327,84.60866340922577,90.14612579345705
2017-09-19,90.59657192556446,91.17698439678348,87.0014686061185,88.50015258789062,4935600,0.0,0,-0.02229887320581725,1.2731755224897565,91.32681427001953,93.1642060575543,89.48942248248476,89.57794215376634,89.92673753805919,85.12586706347771,84.60866340922577,90.1980972290039
2017-09-20,88.57812048165874,89.08057008626261,87.33066121761213,88.22293853759766,2093200,0.0,0,-0.0031323567495283866,1.2691874825485514,91.19934539794922,93.47882765431991,88.91986314157852,89.57794215376634,90.23464604099784,85.29756816255744,84.60866340922577,89.38379669189453
2017-09-21,88.11034521345174,88.61279494325873,87.91110223701384,88.01505279541016,1616400,0.0,0,-0.0023563683735030594,1.266196809304628,91.04603080749511,93.71966462972851,88.37239698526172,89.57794215376634,90.23464604099784,85.56368371325509,84.60866340922577,89.39244842529297
2017-09-22,87.53859233418015,87.88510298814393,86.67230248073658,87.14875793457031,2720000,0.0,0,-0.009842576165392192,1.2537341707686707,90.82192993164062,93.97583266529566,87.6680271979856,89.32747501083371,90.07006297830688,86.40925611960584,85.06793494591764,91.92200469970705
2017-09-25,87.04480677061002,87.73783468293621,86.25647983706607,86.7416000366211,1733800,0.0,0,-0.004671987387989018,1.2478767405349485,90.56674079895019,94.14979138703247,86.98369021086792,89.11956368899845,89.86215165647164,86.40925611960584,85.06793494591764,92.76231384277344
2017-09-26,86.88019940103287,87.20938712510723,85.90129436759625,86.2564697265625,2275300,0.0,0,-0.005592821781633894,1.2408975883196902,90.28471984863282,94.27411293962614,86.2953267576395,88.94197095426355,89.68455892173672,86.40925611960584,85.06793494591764,91.08172607421876
2017-09-27,86.24781826868032,87.13143764676151,85.94461813277688,86.62032318115234,2574600,0.0,0,0.00421827435951494,1.246132034799283,90.02217826843261,94.246230992684,85.79812554418122,88.94197095426355,89.68455892173672,86.40925611960584,85.06793494591764,92.14724731445312
2017-09-28,86.43841190250136,87.14876941150393,86.16986412753329,87.09679412841797,1544600,0.0,0,0.005500683093379477,1.252986612215222,89.77273101806641,94.06927993093923,85.47618210519359,88.94197095426355,89.68455892173672,87.21405237320107,85.6688469192209,92.2685317993164
2017-09-29,86.64630196444094,87.2007335110571,86.15251704807439,86.61165618896484,2217100,0.0,0,-0.005570100992900229,1.2460073502424314,89.44880828857421,93.67151999997257,85.22609657717585,88.53913938218986,89.68455892173672,87.31920770074763,85.7332245275597,96.85984802246094
2017-10-02,86.8975309518659,87.47795016247507,86.11787539030976,86.36043548583984,1509000,0.0,0,-0.002900541499597953,1.242393254214249,89.17370262145997,93.44871786242985,84.89868738049009,87.49093222692943,89.68455892173672,88.21844308652406,85.98218760599111,96.81654357910156
2017-10-03,86.2911380159412,86.62899055034615,86.04857789988303,86.32579040527344,1385900,0.0,0,-0.00040116843287674175,1.2418948452594394,88.89600639343261,93.1531490337412,84.63886375312403,87.25704465542749,89.68455892173672,88.7807255790936,86.28693393338753,98.78303527832033
2017-10-04,86.58565408325713,88.46550778161205,86.28245400586633,88.2662582397461,2051500,0.0,0,0.02247842533920341,1.2698106858177454,88.75911445617676,92.9099132716246,84.60831564072892,87.18340107460415,89.68455892173672,89.42026590620333,86.28693393338753,98.32390594482422
2017-10-05,88.31825486852745,88.54349209875141,87.78981748757944,87.98906707763672,2614600,0.0,0,-0.003140397787753435,1.2658229751491377,88.56629867553711,92.4743440722322,84.65825327884203,87.22239323317383,89.68455892173672,89.71857618798322,86.28693393338753,98.13330841064452
2017-10-06,87.893756846898,88.02370163066729,86.70693751539565,87.94573211669922,1565400,0.0,0,-0.0004925039255077035,1.265199552364879,88.39277725219726,92.07880499026179,84.70674951413274,87.22239323317383,89.68455892173672,89.84305024509263,86.28693393338753,97.80411529541016
2017-10-09,87.80714819539965,89.0286135649142,87.56458807148286,88.46553039550781,1595400,0.0,0,0.00591044347801728,1.2726774428075442,88.22636032104492,91.56358490943171,84.88913573265813,87.48661584884553,89.56867954113568,90.3409382644304,86.71185193235121,98.02935791015624
2017-10-10,88.47417546193952,88.97662513538512,87.62521515368553,88.00637817382812,2527600,0.0,0,-0.005190182205735194,1.266072014990244,88.06789016723633,91.11525596787834,85.02052436659432,87.53859573239862,89.28110019154273,90.51691930346165,86.71185193235121,97.50091552734376
2017-10-11,88.02369977518461,89.0112695361879,87.84177972544887,88.54347229003906,2466100,0.0,0,0.006102899896074376,1.2737987257589507,87.99035682678223,90.90201169261292,85.07870196095155,87.53859573239862,89.10940803587545,90.53408373862096,86.71185193235121,96.26213073730467
2017-10-12,88.5781461466414,89.64368567829248,88.04104400582906,89.31449127197266,2182200,0.0,0,0.008707801512549684,1.2848907122297983,87.91628837585449,90.60304322248479,85.2295335292242,87.84613178908776,89.02785503450522,90.70362807032586,86.71185193235121,95.30921173095705
2017-10-13,89.67832868252825,90.09415074790395,88.74274060165101,88.79471588134766,2084200,0.0,0,-0.005819608702043899,1.2774131510597304,87.78721160888672,89.99782594060892,85.57659727716452,88.07136432389349,89.02785503450522,90.70362807032586,86.71185193235121,95.70770263671876
2017-10-16,87.64254342027529,88.64744282883638,87.52126336879614,88.23162078857422,2293900,0.0,0,-0.006341538313224371,1.2693123866204685,87.67286186218261,89.50737095158618,85.83835277277905,88.18830237688513,89.02785503450522,90.70362807032586,86.71185193235121,97.11975860595705
2017-10-17,88.3182555146016,88.53482799659844,87.3826674154187,87.82447052001953,2503400,0.0,0,-0.004614561819399454,1.263455066144279,87.63907775878906,89.43548390236778,85.84267161521034,88.40054413164981,88.94197095426355,90.70362807032586,86.71185193235121,96.8858413696289
2017-10-18,87.48660470184319,87.9110914608191,86.2304871405688,87.46061706542969,2990100,0.0,0,-0.004142962120186167,1.258220619664686,87.60096168518066,89.37823892557766,85.82368444478367,88.16231894423638,88.94197095426355,90.64568285329081,86.71185193235121,97.64820098876952
2017-10-19,88.5174844061399,90.48395917472963,87.97172425847124,89.41842651367188,3784200,0.0,0,0.022385040420850766,1.2863859390942278,87.67113037109375,89.61329472781361,85.7289660143739,88.35722315764922,88.94197095426355,90.47614023417609,86.71185193235121,98.14197540283205
2017-10-20,89.67833491140344,91.28097664555314,89.44443952725511,90.9517822265625,3305300,0.0,0,0.01714809545050744,1.3084450079640062,87.86128158569336,90.25851269877491,85.46405047261182,88.75573189306097,88.94197095426355,90.34355268282317,86.71185193235121,98.34122467041016
2017-10-23,90.9517615553786,91.07304159504224,89.44441919865447,90.05081939697266,1900800,0.0,0,-0.009905939251916296,1.2954836312006417,88.02674255371093,90.54702790315605,85.50645720426581,88.75573189306097,88.94197095426355,90.40364728831867,86.71185193235121,97.76946258544922
2017-10-24,90.14612579345705,90.65724027646073,89.66100555950166,90.14612579345705,1742900,0.0,0,0.001058362346090913,1.2968547222958815,88.22122535705566,90.76552186913172,85.6769288449796,88.75573189306097,88.59113550657469,90.3585789296928,86.71185193235121,97.89076232910156
2017-10-25,89.68698280523454,90.40600493242306,89.22785026426999,90.1980972290039,1735600,0.0,0,0.0005765243385604801,1.297602390606862,88.40011405944824,90.97227478864134,85.82795333025514,88.75573189306097,88.59113550657469,89.75233984591276,86.71185193235121,97.50091552734376
2017-10-26,90.96044412570268,91.11637658000316,89.36647380109125,89.38379669189453,2072600,0.0,0,-0.009027912584917974,1.2858877496544827,88.51446418762207,91.04731468186809,85.98161369337605,88.75573189306097,88.59113550657469,89.9062940973821,86.71185193235121,94.97135162353516
2017-10-27,89.44442369940231,90.09414106283624,89.14988833376033,89.39244842529297,1650600,0.0,0,9.679308463761416e-05,1.2860122146962696,88.65350379943848,91.05370233936593,86.25330525951104,88.75573189306097,88.59113550657469,89.9062940973821,86.71185193235121,94.26099395751952
2017-10-30,89.522378422384,95.86362565439168,89.40109838771059,91.92200469970705,5454800,0.0,0,0.02829720316395723,1.3224027636068605,88.93158226013183,91.48992572744544,86.37323879281823,91.04705639748025,90.88246001099397,89.69876899457029,86.71185193235121,94.58152770996094
2017-10-31,91.783402133856,93.16080635969143,91.21165429976207,92.76231384277344,2476300,0.0,0,0.00914154500667741,1.3344915679873273,89.25340843200684,92.0319747579241,86.47484210608957,91.91767495643145,90.88246001099397,89.49085767273505,86.71185193235121,95.0406494140625
2017-11-01,93.28210337076936,93.33407865352264,90.7698611591632,91.08172607421876,2467200,0.0,0,-0.0181171393741123,1.3103143982565233,89.39418182373046,92.24359153804724,86.54477210941369,92.506756994076,90.90412189358429,89.31326493800015,86.71185193235121,94.85873413085938
2017-11-02,91.18566511909546,92.78829990826938,91.02106794407872,92.14724731445312,1451200,0.0,0,0.0116985183105347,1.3256431352370845,89.60209083557129,92.61499885247852,86.58918281866406,92.506756994076,90.95610177713735,89.31326493800015,86.71185193235121,96.08021545410156
2017-11-03,91.68811258919588,92.92690731255324,91.1943276496348,92.2685317993164,1613500,0.0,0,0.0013162030163462735,1.3273879507302824,89.81823081970215,92.94417704115145,86.69228459825285,92.506756994076,90.95610177713735,89.31326493800015,86.71185193235121,96.06288146972656
2017-11-06,96.07152784220504,99.48470472292853,94.80674568924196,96.85984802246094,6502000,0.0,0,0.049760369365480006,1.3934392654499088,90.23794670104981,94.56399019848575,85.91190320361386,94.31729652834443,92.76664131140578,89.1118491519633,86.71185193235121,96.4787139892578
2017-11-07,96.85985410071456,97.4229437558134,95.67304138211188,96.81654357910156,2602800,0.0,0,-0.00044708353609368423,1.3928162816957796,90.67845497131347,95.74535000319288,85.61155993943406,94.31729652834443,92.76664131140578,88.58774557433307,87.96947728770914,96.73231506347656
2017-11-08,96.70393821669724,99.59734989136228,96.70393821669724,98.78303527832033,2104200,0.0,0,0.020311525556705012,1.4211065051972382,91.19043312072753,97.27093546004886,85.1099307814062,94.3736191125613,92.91391851596555,88.47080178858211,87.98665257164774,96.7672882080078
2017-11-09,98.49716128516091,99.24217114529044,97.69151139498682,98.32390594482422,1459600,0.0,0,-0.0046478561040619315,1.4145014066525352,91.64090385437012,98.40323274235914,84.87857496638111,94.49922413953644,92.91391851596555,88.43397999817043,88.81504950017838,95.8752670288086
2017-11-10,97.76946827744224,98.54046567796142,96.9464956033989,98.13330841064452,1286000,0.0,0,-0.0019384658527159537,1.4117594439771206,92.10783348083496,99.3003372653933,84.91532969627661,95.18360552526275,92.91391851596555,88.45347607745528,89.01678257621387,94.9307632446289
2017-11-13,98.21993067931672,98.65307555962475,96.83386838418424,97.80411529541016,2060100,0.0,0,-0.003354550259905942,1.4070236259674025,92.58645820617676,99.9572396762182,85.21567673613532,95.18360552526275,92.91391851596555,88.45347607745528,89.17559023971442,94.35356903076172
2017-11-14,97.71749305032996,98.39319804353136,97.09376333067732,98.02935791015624,1519000,0.0,0,0.00230299731320871,1.4102639975976266,93.0967025756836,100.49133316750769,85.7020719838595,95.3092089177205,92.91391851596555,88.5276476949906,89.22710065639875,94.60719299316406
2017-11-15,98.31522341074692,98.40185106524515,96.98980113005126,97.50091552734376,1551500,0.0,0,-0.005390654331295153,1.4026617518707072,93.5987174987793,100.7513880511825,86.44604694637609,95.39583877049854,92.91391851596555,88.40984796197068,89.22710065639875,94.9307632446289
2017-11-16,97.561565515355,98.26325818053674,95.97625349990952,96.26213073730467,2923900,0.0,0,-0.012705365722352369,1.3848404213284344,93.94090270996094,100.91143096997055,86.97037444995132,97.20204779030212,92.91391851596555,88.32400188413703,89.22710065639875,95.29808807373048
2017-11-17,95.7423566802346,96.54800655026156,95.1099687554791,95.30921173095705,2652800,0.0,0,-0.009899209575446655,1.3711315957691543,94.15877418518066,101.01211906593544,87.30542930442589,97.35365932342069,92.91391851596555,88.4369934117965,89.39449427972761,95.70036315917967
2017-11-20,95.4824654319473,96.24479809751712,95.30920350163584,95.70770263671876,1321500,0.0,0,0.004181032436681997,1.3768643414460247,94.44161834716797,101.05357054551322,87.82966614882272,97.35365932342069,92.91391851596555,88.54960967919936,89.39449427972761,96.04142761230467
2017-11-21,95.88096381790052,97.2930139375908,95.83764668035845,97.11975860595705,2274300,0.0,0,0.014753838304927935,1.3971783753075404,94.79029998779296,101.18919157643757,88.39140839914836,97.17606995038477,92.91391851596555,88.60807870569518,89.39449427972761,97.08212280273438
2017-11-22,96.78189083073732,97.26701097027464,96.06286876016144,96.8858413696289,1000700,0.0,0,-0.002408544251816025,1.3938132093629318,95.12468719482422,101.21711641662684,89.0322579730216,96.88152215755193,92.91391851596555,88.67125754295668,89.39449427972761,95.26309204101562
2017-11-24,96.94650826746526,98.13332122974356,96.89452637788403,97.64820098876952,535500,0.0,0,0.007868638062729305,1.40478062103446,95.53790740966797,101.1102547707485,89.96556004858743,96.88152215755193,93.78453707491676,88.55214494924996,89.39449427972761,94.86078643798828
2017-11-27,98.30657258511006,99.21617293890915,98.00336585791015,98.14197540283205,1095100,0.0,0,0.0050566667799576415,1.4118841285339732,95.97538375854492,100.87560733357013,91.07516018351971,97.16307084719412,94.3736191125613,88.64959705595638,89.39449427972761,93.75888061523438
2017-11-28,98.75704672258286,98.75704672258286,97.5442395637854,98.34122467041016,2705700,0.0,0,0.0020302145617130396,1.4147505562511744,96.29634475708008,100.92293774118681,91.66975177297334,97.16307084719412,94.3736191125613,88.84885142366227,89.39449427972761,94.47602081298828
2017-11-29,98.35853988507203,98.44516753899116,96.3227602762744,97.76946258544922,1368100,0.0,0,-0.005814063093857014,1.4065251072550609,96.54670219421386,100.91310220749297,92.18030218093476,97.16307084719412,94.3736191125613,88.84885142366227,89.68455892173672,94.75585174560548
2017-11-30,97.96006710989508,98.19396248348862,96.98982000658889,97.89076232910156,1731200,0.0,0,0.0012406710689070177,1.4082701422633235,96.88715400695801,100.48206917574369,93.29223883817234,97.16307084719412,94.3736191125613,88.67343369981782,89.68455892173672,94.16992950439452
2017-12-01,98.28057102709434,98.28057102709434,97.02445351370385,97.50091552734376,1777100,0.0,0,-0.003982467727109529,1.4026617518707079,97.15483741760254,100.01268482048222,94.29699001472285,97.2626882202725,94.3736191125613,88.67343369981782,89.68455892173672,91.7562026977539
2017-12-04,97.41428867822036,98.31523089396292,94.9193763487334,94.97135162353516,1875500,0.0,0,-0.025944001552469564,1.3662710932025846,97.28997840881348,99.3466572710025,95.23329954662447,97.06777464382128,94.3736191125613,88.67343369981782,89.68455892173672,90.68053436279295
2017-12-05,94.74612075492358,95.67305060540964,94.23500632019316,94.26099395751952,2082600,0.0,0,-0.007479704709600021,1.3560517888721668,97.1600357055664,99.60529189799261,94.71477951314019,96.72558962955117,94.49922413953644,88.67343369981782,89.68455892173672,90.5755844116211
2017-12-06,94.52088768379132,94.85874020234596,93.55930540505356,94.58152770996094,2812700,0.0,0,0.0034004919636840825,1.3606630320825661,97.04828491210938,99.74072250553938,94.35584731867938,96.38773917198137,95.18360552526275,90.96475820423711,90.88246001099397,92.10602569580078
2017-12-07,94.84140646911504,95.4391419132238,93.57661759487588,95.0406494140625,1540200,0.0,0,0.004854242844432477,1.3672680208697368,96.86116561889648,99.56562799057258,94.15670324722038,96.38773917198137,95.18360552526275,91.40006748371272,90.88246001099397,92.72694396972656
2017-12-08,95.16193424230102,95.5864143983193,94.17436438831012,94.85873413085938,1667900,0.0,0,-0.0019140787055291764,1.364650962266239,96.68790702819824,99.43942427721518,93.9363897791813,96.15817606381822,95.3092089177205,91.70543944383014,90.88246001099397,92.7968978881836
2017-12-11,94.91938355765386,96.27945842881824,94.34763566361102,96.08021545410156,2869400,0.0,0,0.01287684612739115,1.3822233627249376,96.58525238037109,99.26489581254732,93.90560894819485,96.00223647202236,95.39583877049854,91.73142938560667,90.88246001099397,93.88133239746094
2017-12-12,96.210149158818,96.85120841004029,95.85497375517,96.06288146972656,1198400,0.0,0,-0.00018041158934822832,1.381973993611234,96.49819068908691,99.12585727275332,93.8705241054205,95.93726814950824,96.57832764820793,91.73142938560667,90.88246001099397,94.71214294433594
2017-12-13,96.3227815340836,97.42296686111936,96.08022140587212,96.4787139892578,1838000,0.0,0,0.004328753345404168,1.3879562181593403,96.420658493042,98.95173976499076,93.88957722109323,95.93726814950824,96.57832764820793,93.5419689198751,92.69299954526238,96.48744201660156
2017-12-14,96.67109788151544,97.29201691917036,96.40873471758354,96.73231506347656,2397000,1.05,0,0.0026285702175403713,1.391604558537644,96.38222846984863,98.86901210019512,93.89544483950213,95.93726814950824,96.57832764820793,93.5419689198751,92.69299954526238,95.8402862548828
2017-12-15,97.14333848262751,97.67680530644084,96.29503856042692,96.7672882080078,3284900,0.0,0,0.00036154561697698817,1.3921076870663485,96.4074863433838,98.89918769195945,93.91578499480813,95.6180553557472,96.400738275172,93.64376881426342,92.74932212947927,94.98324584960938
2017-12-18,96.72356702318154,97.05589458429314,95.35054737757788,95.8752670288086,1649900,0.0,0,-0.009218209952124967,1.3792749461310039,96.43578910827637,98.8890982261521,93.98247999040063,95.6180553557472,96.38773917198137,93.70657132775099,92.74932212947927,96.7498016357422
2017-12-19,96.13761896880604,96.26005331739628,94.75585226652032,94.9307632446289,1242400,0.0,0,-0.009851381002108583,1.3656871831300046,96.39694213867188,98.91952424971527,93.87436002762848,95.62671145065836,96.38773917198137,94.04876202061415,92.74932212947927,96.05017852783205
2017-12-20,94.82581867343596,94.93950580749444,93.8638316259907,94.35356903076172,1924300,0.0,0,-0.0060801598358564135,1.3573835867707937,96.25863265991211,98.90903729711987,93.60822802270435,95.77031846621577,96.38773917198137,94.04876202061415,92.74932212947927,96.2250747680664
2017-12-21,94.88704391570596,95.23685923692643,94.45852365010136,94.60719299316406,1514200,0.0,0,0.0026880166273270945,1.3610322564216946,96.14470024108887,98.87307637252414,93.4163241096536,95.77031846621577,96.38773917198137,94.11156371684302,92.74932212947927,98.62128448486328
2017-12-22,94.5197307862882,95.07943257189253,94.06496891537746,94.9307632446289,1003300,0.0,0,0.003420144295880556,1.3656871831300046,96.00882835388184,98.6940259449348,93.32363076282888,95.77031846621577,96.38773917198137,94.15487864323205,92.74932212947927,98.8836669921875
2017-12-26,94.93078494400127,95.70037340707762,94.64218676828276,95.29808807373048,721400,0.0,0,0.0038693971958807527,1.370971569286858,95.86663398742675,98.37873152993434,93.35453644491916,95.77031846621577,96.38773917198137,95.05798315313383,92.74932212947927,98.03536987304688
2017-12-27,95.42925945038732,95.91899690425024,95.16689628743369,95.70036315917967,1059100,0.0,0,0.004221229340277688,1.3767587546998183,95.73459091186524,97.9723557657348,93.49682605799568,95.77031846621577,96.38773917198137,95.13378891969312,92.74932212947927,96.64485168457033
2017-12-28,95.88401105495836,96.38249570785968,95.33305644033234,96.04142761230467,1779300,0.0,0,0.0035638783580966837,1.3816653554300131,95.648189163208,97.68760892769049,93.60876939872551,95.77031846621577,96.38773917198137,95.13378891969312,92.74932212947927,94.9307632446289
2017-12-29,96.19884067019083,97.4494258657902,95.85777258704302,97.08212280273438,1266800,0.0,0,0.010835898802241228,1.3966369414000155,95.60775718688964,97.49230472706232,93.72320964671697,95.65662874589046,96.38773917198137,95.04499423317516,92.74932212947927,95.10567474365234
2018-01-02,96.6623466217433,97.03839691583,94.86080676606718,95.26309204101562,2036100,0.0,0,-0.018737031177356145,1.3704681114855561,95.49586601257325,97.16926216774235,93.82246985740414,95.65662874589046,96.38773917198137,94.89772033675874,92.74932212947927,90.78546142578124
2018-01-03,95.10565510312026,95.76155617279694,94.51971841553004,94.86078643798828,2078900,0.0,0,-0.004223100409696201,1.3646804870424658,95.4903377532959,97.17142489131234,93.80925061527947,95.65662874589046,96.38773917198137,95.33302961623434,92.74932212947927,90.82920837402344
2018-01-04,94.70337985604031,95.11441230373391,93.66268124780945,93.75888061523438,2240400,0.0,0,-0.011616030860910453,1.3488283163896981,95.46523208618164,97.232742118857,93.69772205350628,95.55605355679982,96.15817606381822,95.76834497987771,92.74932212947927,91.92237854003906
2018-01-05,93.95130111504,94.80834840368811,93.80263175718636,94.47602081298828,1769400,0.0,0,0.007648770900933632,1.359145195166455,95.459956741333,97.23870150540147,93.68121197726454,95.55605355679982,96.00223647202236,95.76834497987771,92.74932212947927,93.01553344726562
2018-01-08,94.45851309271283,95.08817926609905,94.20489717997832,94.75585174560548,1776500,0.0,0,0.0029619254728256994,1.3631708819412873,95.44571685791016,97.2423254721837,93.64910824363662,95.55605355679982,95.93726814950824,95.76834497987771,92.74932212947927,92.14099884033205
2018-01-09,94.71214360889572,95.0357172902086,94.12620008532234,94.16992950439452,1031900,0.0,0,-0.006183494005035262,1.3547417229649648,95.41127662658691,97.27740423871346,93.54514901446036,95.55605355679982,95.93726814950824,95.76834497987771,92.74932212947927,94.13492584228516
2018-01-10,92.65697260264298,93.16420446028778,90.3744359154134,91.7562026977539,4849400,0.0,0,-0.025631608936565797,1.3200175129118774,95.19507598876953,97.62491188647951,92.76524009105955,93.91193089060181,94.34483340468816,95.81815366641689,92.74932212947927,95.42926025390624
2018-01-11,91.78244363546978,91.99233683498456,89.72728776347076,90.68053436279295,4380700,0.0,0,-0.011723113024895038,1.3045427984131706,94.92595863342285,98.021085352547,91.8308319142987,93.58835681463049,93.7020465349558,95.72069687819129,92.74932212947927,94.94827270507812
2018-01-12,90.99536412294586,91.01285188617216,90.13831693707004,90.5755844116211,2430400,0.0,0,-0.0011573592051407067,1.303032973796927,94.63080215454102,98.17574574325336,91.08585856582867,93.38284233965038,93.7020465349558,95.6124068845438,92.74932212947927,93.39159393310548
2018-01-16,90.93415200146296,93.37409877366456,90.93415200146296,92.10602569580078,2844800,0.0,0,0.01689684139629266,1.3250501152893133,94.39948768615723,97.96966579445218,90.82930957786228,92.74442196813385,93.7020465349558,95.78567234862206,92.74932212947927,94.85206604003906
2018-01-17,92.175989327726,93.5664967598966,91.86990341550344,92.72694396972656,2616500,0.0,0,0.006741342591162214,1.3339827320669375,94.19747047424316,97.66347322290706,90.73146772557926,92.42085003360233,93.7020465349558,95.78567234862206,92.74932212947927,96.5836410522461
2018-01-18,92.44708259708386,92.98054941477233,92.00981515125213,92.7968978881836,2062500,0.0,0,0.0007544076776635489,1.3349890988818793,94.04355201721191,97.47062453506945,90.61647949935437,92.4077335147849,93.7020465349558,95.73369249076936,92.77098401206959,97.5456314086914
2018-01-19,92.9193452167107,94.1436955704713,92.41211330738274,93.88133239746094,2867600,0.0,0,0.011686107337165907,1.3505899247853594,93.99108047485352,97.39399994233864,90.5881610073684,92.4077335147849,93.7020465349558,95.69903762126046,92.82296389562265,96.51367950439452
2018-01-22,94.01251227712552,94.7733601273039,93.4790453946164,94.71214294433594,2837800,0.0,0,0.008849581973950249,1.3625420810379387,94.00900917053222,97.42326141421333,90.59475692685112,92.38150252683968,93.7020465349558,96.25779789885809,92.82296389562265,96.25131225585938
2018-01-23,95.25434454235968,96.58364139425896,94.8695537039022,96.48744201660156,2996400,0.0,0,0.01874415483671399,1.3880817807764523,94.1030216217041,97.67947304315884,90.52657020024937,93.15546457886487,93.7020465349558,96.25779789885809,92.82296389562265,92.76190185546876
2018-01-24,96.61862853359716,96.99467884580514,95.6303997257026,95.8402862548828,2405700,0.0,0,-0.006707150155430774,1.3787717078447668,94.1484977722168,97.7891482944141,90.5078472500195,93.36098330463795,93.7020465349558,96.25779789885809,92.82296389562265,91.44137573242188
2018-01-25,95.65663485652168,96.39124771805304,93.715172782285,94.98324584960938,4370700,0.0,0,-0.008942381526221288,1.366442205195659,94.13275566101075,97.75587800696819,90.5096333150533,93.56649789143759,93.58835681463049,96.00939681545961,92.91391851596555,94.20491027832033
2018-01-26,96.5049329109137,96.95969483317144,95.10567828891358,96.7498016357422,3328800,0.0,0,0.01859860410466374,1.3918561228019968,94.18522758483887,97.92739329246719,90.44306187721055,93.96441542363405,93.58835681463049,96.00289726386428,92.91391851596555,94.21365356445312
2018-01-29,96.65360312741412,97.20456443542382,95.18438409300887,96.05017852783205,3214500,0.0,0,-0.007231261419472501,1.381791247319722,94.18566513061523,97.92871033494016,90.4426199262903,94.53723392546362,93.58835681463049,96.00722531131987,92.91391851596555,94.09996032714844
2018-01-30,95.34179264361936,96.55740230297997,95.02696621543724,96.2250747680664,2954600,0.0,0,0.0018208840724192044,1.3843073289933747,94.14281272888184,97.76878080987848,90.5168446478852,94.60718979333797,93.58835681463049,96.07902881909857,92.91391851596555,96.4087371826172
2018-01-31,96.27753100092175,99.16349845198432,96.26004324102728,98.62128448486328,2814800,0.0,0,0.02490213411184672,1.4187795357519801,94.31072235107422,98.41378680005556,90.20765790209288,95.78780587968353,94.44539310772754,96.07902881909857,92.91391851596555,97.06462097167967
2018-02-01,98.74374486906248,100.1080172623494,98.23651299436834,98.8836669921875,3168300,0.0,0,0.0026605058805990733,1.4225542070501218,94.51186637878418,99.07678744838348,89.94694530918487,96.79353132848291,94.91765251291008,96.07902881909857,92.91391851596555,97.4144515991211
2018-02-02,98.52511399867171,98.9886164702853,97.2920164748644,98.03536987304688,1809700,0.0,0,-0.008578738480720438,1.4103504865331902,94.7256908416748,99.52664674819148,89.92473493515813,96.9115950223172,94.91765251291008,96.07902881909857,92.91391851596555,97.6505889892578
2018-02-05,97.55436876257248,98.75247728080372,96.10263765571182,96.64485168457033,2853200,0.0,0,-0.014183841916210804,1.3903462981857524,94.83413238525391,99.7058590588254,89.96240571168242,96.9115950223172,94.91765251291008,96.07902881909857,92.91391851596555,98.01788330078124
2018-02-06,95.37677122641976,96.45245205722992,93.51401434672148,94.9307632446289,4553800,0.0,0,-0.017735951890493484,1.3656871831300041,94.84287796020507,99.7146394950901,89.97111642532005,96.81101580453544,94.91765251291008,96.07902881909857,92.91391851596555,96.76429748535156
2018-02-07,94.712136689444,96.1201384768939,94.29235698240596,95.10567474365234,2978700,0.0,0,0.0018425165146171985,1.3682034843187223,94.88966522216796,99.75254591107799,90.02678453325794,96.81101580453544,94.91765251291008,96.02218395893591,92.91391851596555,96.2964096069336
2018-02-08,94.88703204272284,95.47296879595125,90.76797366438596,90.78546142578124,4391400,0.0,0,-0.04542540000389883,1.3060522937568162,94.84112815856933,99.84698925886389,89.83526705827478,95.43799546336768,94.91765251291008,96.02218395893591,92.91391851596555,95.51070404052734
2018-02-09,91.08282433233556,91.60754401373144,88.11815112666737,90.82920837402344,3670300,0.0,0,0.0004818717397605532,1.306681643447827,94.84856185913085,99.82980201816068,89.86732170010103,94.11308419450839,94.11308419450839,96.02218395893591,93.78453707491676,96.11102294921876
2018-02-12,91.38891163214458,92.40337548065634,90.80297475697289,91.92237854003906,3325300,0.0,0,0.012035447468771165,1.322408141725951,94.91590156555176,99.69439821689441,90.13740491420911,94.11308419450839,94.11308419450839,95.85711481030901,94.3736191125613,94.98101806640624
2018-02-13,91.93985257352962,93.35660152797348,91.58129673039883,93.01553344726562,1879200,0.0,0,0.011892152102552567,1.33813442048901,94.961376953125,99.64747204924241,90.27528185700758,94.11308419450839,94.11308419450839,95.77914501441109,94.3736191125613,96.18164825439452
2018-02-14,92.76191782704475,92.92808159538052,90.96037804384524,92.14099884033205,2917800,0.0,0,-0.009402027538006785,1.3255532438180175,94.93207969665528,99.68127642983832,90.18288296347224,93.55338379847633,94.11308419450839,95.74666085315403,94.3736191125613,96.80843353271484
2018-02-15,92.3771090166648,94.44101168948994,91.49383366789831,94.13492584228516,2673900,0.0,0,0.02163995427712173,1.3542381554061298,94.99898109436035,99.66197053344186,90.33599165527883,93.43531420373554,94.11308419450839,95.74666085315403,94.3736191125613,98.28273010253906
2018-02-16,94.03874615401952,96.27755358729794,94.03874615401952,95.42926025390624,2769000,0.0,0,0.013749778841804394,1.3728586305420971,95.07637748718261,99.7136307805878,90.43912419377742,92.28530159194864,94.11308419450839,94.12838214764498,94.3736191125613,97.7000732421875
2018-02-20,95.12317705098636,95.95398937448336,94.9045432825145,94.94827270507812,2480900,0.0,0,-0.005040252303626369,1.365939076666954,95.08818397521972,99.72284131938486,90.45352663105459,92.19785235698265,94.11308419450839,93.64520167479314,94.3736191125613,97.88545989990234
2018-02-21,95.11442895955294,95.5516964618118,93.34786451401057,93.39159393310548,2443700,0.0,0,-0.01639501938921939,1.3435444790205067,94.93339157104492,99.57766450210607,90.28911863998377,92.19785235698265,94.11308419450839,93.54244443730309,94.49922413953644,96.76429748535156
2018-02-22,93.91631384961867,95.77033046607882,93.48779356448068,94.85206604003906,2293900,0.0,0,0.015638153771951657,1.364555034182886,94.88398056030273,99.50939332698373,90.25856779362174,92.19785235698265,94.11308419450839,93.22323425154482,94.66231882741653,96.04920959472656
2018-02-23,95.14065706466698,96.58364105224608,94.84331171509557,96.5836410522461,1726100,0.0,0,0.018255532899790428,1.3894657135029864,94.96400032043456,99.64915262732009,90.27884801354904,93.69330790460948,94.11308419450839,93.06144828427907,94.66231882741653,94.80448150634766
2018-02-26,96.69733141977224,97.56311917234532,96.0676651734746,97.5456314086914,1670600,0.0,0,0.009960179032026062,1.403305040768338,95.00379180908203,99.76267885615611,90.24490476200795,94.26174860809527,94.11308419450839,93.05489002487035,94.66231882741653,96.14634704589844
2018-02-27,97.43194388873238,97.75551755637402,94.97449609406692,96.51367950439452,3278000,0.0,0,-0.010579170890526846,1.388459236930512,95.02696685791015,99.81073058333527,90.24320313248504,94.35794780010963,94.11308419450839,93.05489002487035,94.66231882741653,96.93205261230467
2018-02-28,96.64485697764276,98.06159929398136,96.13762511694702,96.25131225585938,3384000,0.0,0,-0.002718446233553773,1.3846847851474353,95.02827873229981,99.81338472904076,90.24317273555886,94.77771648093983,94.11308419450839,93.04177453089774,94.66231882741653,95.351806640625
2018-03-01,94.53720635319326,94.88702159211446,92.19345292624314,92.76190185546876,6252300,0.0,0,-0.03625312028073868,1.3344856410805765,94.73530960083008,99.31553806122362,90.15508114043654,95.12752611011226,94.11308419450839,93.42875555691033,94.66231882741653,96.10218811035156
2018-03-02,92.04480700608426,92.42960453388896,90.64555236702957,91.44137573242188,3842100,0.0,0,-0.014235651669845972,1.3154883683357423,94.36319503784179,98.73730705547949,89.98908302020409,94.35357583050546,94.11308419450839,93.53151491979688,94.66231882741653,91.49394989013672
2018-03-05,90.96912680899511,94.44103179008492,90.96912680899511,94.20491027832033,2935900,0.0,0,0.03022192660339207,1.3552449612512012,94.17167205810547,98.20442456629767,90.13891954991327,94.35357583050546,94.11308419450839,93.57742735303404,94.4847294543806,92.57095336914062
2018-03-06,94.10870696795295,95.26309284076606,93.87257879387062,94.21365356445312,2326700,0.0,0,9.281136309091664e-05,1.355370743383377,94.05011215209962,97.91883017786098,90.18139412633825,94.35357583050546,94.11308419450839,93.77638611913227,94.47173035118996,91.68816375732422
2018-03-07,93.51402350548408,94.5372278069885,93.51402350548408,94.09996032714844,2197700,0.0,0,-0.0012067596680868098,1.353735136634957,94.00857200622559,97.85612920092764,90.16101481152354,94.35357583050546,94.11308419450839,94.06279537004706,94.47173035118996,91.59989166259766
2018-03-08,94.95701254234676,96.7323175367837,94.36232847144537,96.4087371826172,4080700,0.0,0,0.02453536481250418,1.3869495220718009,94.07372512817383,98.0370495201586,90.11040073618906,94.35357583050546,94.11308419450839,94.09777330398423,94.47173035118996,92.10308837890624
2018-03-09,96.76728232581704,97.06462097167967,96.29503270694276,97.06462097167967,3951900,0.0,0,0.0068031571435283045,1.3963851576205968,94.38768310546875,98.2518535472523,90.52351266368521,94.35357583050546,94.11308419450839,95.11659949370554,94.47173035118996,93.70095825195312
2018-03-12,96.87223750558329,97.98290067470276,96.87223750558329,97.4144515991211,3442900,0.0,0,0.0036041002781384,1.4014178697555655,94.71694526672363,98.42982316813575,91.0040673653115,94.35357583050546,93.55338379847633,95.8555919206965,94.91765251291008,94.09822845458984
2018-03-13,97.33575583070176,98.08785652367754,97.17833925142374,97.6505889892578,3026600,0.0,0,0.0024240488578477493,1.404814975142114,95.00335578918457,98.69318274974023,91.3135288286289,94.36670444535355,93.43531420373554,95.91462376761365,94.91765251291008,90.6111297607422
2018-03-14,97.78175511701583,98.24525759426406,97.44943422272924,98.01788330078124,2415500,0.0,0,0.003761311788542665,1.4100989222688372,95.25347328186035,99.04824353000612,91.45870303371458,94.44540498064681,93.18170436046572,95.91462376761365,94.91765251291008,90.59349060058594
2018-03-15,98.07084566580212,98.57405119433416,96.64070527193786,96.76429748535156,2914300,1.05,0,-0.012789358158070696,1.3920646621136314,95.48463821411133,99.0465194613892,91.92275696683346,94.77158900166464,93.34610116050077,95.86433415872276,94.91765251291008,92.65042877197266
2018-03-16,96.44648490061154,97.08210583297736,95.33414826897136,96.2964096069336,5239600,0.0,0,-0.004835335868467405,1.3853335619216876,95.59271240234375,99.1147388767125,92.070685927975,96.04403734990912,93.34610116050077,95.86433415872276,94.91765251291008,93.00353240966795
2018-03-19,96.20812101004393,96.27874031263484,94.81328707101076,95.51070404052734,2542600,0.0,0,-0.008159240511804833,1.3740302922008931,95.5967845916748,99.11822767827127,92.07534150507834,96.04403734990912,93.34610116050077,95.17782398813888,94.91765251291008,92.87112426757812
2018-03-20,95.65196038558018,97.135073674934,95.62547730215304,96.11102294921876,3502900,0.0,0,0.006285357381898171,1.3826665636409297,95.65492210388183,99.16993652390074,92.13990768386292,96.46818983288976,94.60980178068186,94.11308419450839,94.11308419450839,92.78284454345705
2018-03-21,96.41999500192476,96.6760093446567,94.71618052015484,94.98101806640624,1819700,0.0,0,-0.01175728702221368,1.3664101559961854,95.73439331054688,99.10868790289409,92.36009871819967,96.64511585724449,94.60980178068186,94.11308419450839,94.11308419450839,89.43700408935547
2018-03-22,94.70736481272276,97.285155034437,94.58377259217968,96.18164825439452,3447000,0.0,0,0.012640738248866246,1.3836825891187257,95.80087242126464,99.15512839879499,92.4466164437343,96.57891189325693,94.60980178068186,94.11308419450839,94.11308419450839,89.04856872558594
2018-03-23,96.86139969603128,97.71772192442036,96.64069836851948,96.80843353271484,4929700,0.0,0,0.006516682648882499,1.3926996094387964,95.81211204528809,99.17839991274182,92.44582417783435,96.57891189325693,94.60980178068186,93.83323399649237,94.11308419450839,89.03974914550781
2018-03-26,97.57648306468812,98.45928849436632,97.17922331544132,98.28273010253906,2535500,0.0,0,0.015229009663977333,1.4139090452499574,95.84896697998047,99.30627215959761,92.39166180036334,96.57891189325693,94.60980178068186,93.77419919912197,94.11308419450839,89.00444030761719
2018-03-27,98.3710072405832,99.09490740836488,97.3204666459562,97.7000732421875,2259500,0.0,0,-0.005928374799353597,1.4055268624975195,95.90828666687011,99.44978565493503,92.3667876788052,96.83934000027227,94.87022988769722,93.19919289322851,94.11308419450839,89.66653442382812
2018-03-28,97.84132367125748,99.1567018256383,97.74421453885982,97.88545989990234,2014100,0.0,0,0.0018975078683440838,1.4081938607782776,95.98999404907227,99.6344184666695,92.34556963147503,96.87023720890899,94.90112709633394,93.15546827574552,94.11308419450839,91.20259857177734
2018-03-29,97.96491333160208,98.40631601815684,96.20813252498996,96.76429748535156,3418300,0.0,0,-0.011453819757268113,1.3920646621136317,96.1901138305664,99.52690486031071,92.8533228008221,96.87023720890899,94.90112709633394,93.15546827574552,94.11308419450839,90.54052734375
2018-04-02,96.74661978397168,97.49700960109816,95.40475882755504,96.04920959472656,2733800,0.0,0,-0.007389997232535639,1.3817773081131013,96.42050552368164,98.94321567290923,93.89779537445405,96.87023720890899,94.90112709633394,93.15546827574552,94.11308419450839,90.69940948486328
2018-04-03,96.26994186000594,96.39353409040226,94.00113200877163,94.80448150634766,3879800,0.0,0,-0.012959274663799536,1.363870476453058,96.450484085083,98.87863906618051,94.0223291039855,96.57891691720496,94.90112709633394,93.90319604955894,94.11308419450839,91.6263656616211
2018-04-04,94.40721919099356,96.33173538651104,94.40721919099356,96.14634704589844,3047400,0.0,0,0.014154030676924556,1.3831747410161264,96.54711875915527,98.75284767598754,94.341389842323,96.57891691720496,94.90112709633394,94.18741640130183,94.11308419450839,92.62393188476562
2018-04-05,96.22580547434752,97.39993847871077,95.80205584451885,96.93205261230467,2773900,0.0,0,0.00817197522887847,1.3944780107369206,96.68872337341308,98.58695545564959,94.79049129117658,96.57891691720496,94.90112709633394,94.23551599730901,94.11308419450839,91.46746063232422
2018-04-06,96.97616523297758,97.39108482033966,95.2370376358745,95.351806640625,2273300,0.0,0,-0.016302615379456764,1.3717443720727667,96.63587684631348,98.62019643995339,94.65155725267357,96.57891691720496,94.90112709633394,94.44540033772411,94.11308419450839,91.18495178222656
2018-04-09,95.49305028149948,97.14389866209204,95.27234895049745,96.10218811035156,2418200,0.0,0,0.007869609356796925,1.382539464418364,96.58775520324707,98.57485903710263,94.60065136939151,96.57891691720496,94.90112709633394,94.62030515231032,94.11308419450839,91.17613983154295
2018-04-10,96.649536859335,96.95851739813706,89.77248207733192,91.49394989013672,5754800,0.0,0,-0.047951439096509674,1.3162447074917856,96.29173011779785,99.24168260314374,93.34177763245197,94.4645919514851,94.4645919514851,94.23333001250693,94.11308419450839,90.92011260986328
2018-04-11,90.81417291539806,93.88633122498923,90.54932866255405,92.57095336914062,2665900,0.0,0,0.011771308160781535,1.331738629558669,96.03774833679199,99.33428788829407,92.74120878528991,94.08939904774438,94.4645919514851,94.23333001250693,94.11308419450839,89.9666976928711
2018-04-12,92.8711196878144,92.95057567128018,91.03488968728144,91.68816375732422,2088500,0.0,0,-0.009536356488586084,1.3190386952375766,95.72126235961915,99.39475679218427,92.04776792705402,93.63474583921504,94.4645919514851,94.23333001250693,94.11308419450839,90.24919891357422
2018-04-13,92.12957356405964,92.7033984303396,91.0437199410824,91.59989166259766,1393200,0.0,0,-0.000962742529779459,1.3177688005872465,95.46304206848144,99.51758190386876,91.40850223309413,93.58621027802134,94.4645919514851,94.23333001250693,94.11308419450839,90.1344223022461
2018-04-16,92.07660529472771,92.74753254481962,91.55574660989066,92.10308837890624,1738900,0.0,0,0.005493420430692897,1.3250078586393221,95.25337600708008,99.54332744561381,90.96342456854634,93.58621027802134,94.4645919514851,94.23333001250693,94.11308419450839,89.7989730834961
2018-04-17,92.6239346594734,94.51313754831578,92.09425280250947,93.70095825195312,3159900,0.0,0,0.01734871111458669,1.3479950372034128,95.16288871765137,99.50390948312604,90.8218679521767,93.58621027802134,94.4645919514851,94.23333001250693,94.11308419450839,90.18739318847656
2018-04-18,93.5685465385564,94.91923778178652,93.091830793545,94.09822845458984,2084500,0.0,0,0.004239766700875114,1.3537102216750927,95.06224899291992,99.40401435631398,90.72048362952586,93.58178344883578,94.4645919514851,93.95347981449089,94.11308419450839,89.91372680664062
2018-04-19,92.78282985407772,93.19774939665454,89.6223854621606,90.6111297607422,4308800,0.0,0,-0.03705806954198354,1.3035443341405633,94.84375457763672,99.604260216815,90.08324893845842,93.38314206212632,94.38954364389944,93.90100932454455,94.11308419450839,90.69940948486328
2018-04-20,90.81419194578152,92.56214282797916,90.44340856704731,90.59349060058594,3004100,0.0,0,-0.00019466880285945454,1.3032905747255619,94.5643466949463,99.62767666442987,89.50101672546272,93.29045143014883,94.38954364389944,93.81355467055627,94.11308419450839,91.33503723144533
2018-04-23,91.17614529507556,92.72105482404788,90.90247776237292,92.65042877197266,3117400,0.0,0,0.022705143137220274,1.3328819737740958,94.35644645690918,99.37490768157755,89.33798523224081,92.27081162197356,94.38954364389944,94.0588450810827,94.11308419450839,91.82941436767578
2018-04-24,93.04767536659342,93.9393105613848,92.50916362139692,93.00353240966795,3866600,0.0,0,0.00381113873271266,1.3379617718904808,94.09248657226563,98.79954432334563,89.38542882118563,92.27081162197356,94.38954364389944,94.69506925520494,94.11308419450839,91.9441909790039
2018-04-25,92.67691273954412,93.02120630257664,92.37675540481771,92.87112426757812,2095900,0.0,0,-0.0014236893874803869,1.3360569299149858,93.85103912353516,98.27719231249297,89.42488593457735,92.27081162197356,94.38954364389944,94.69506925520494,94.11308419450839,91.63520050048828
2018-04-26,92.8887836142711,93.48026160529088,92.4738640060042,92.78284454345705,3342300,0.0,0,-0.0009505615961612479,1.3347869255071236,93.5959083557129,97.62919161057458,89.5626251008512,92.27081162197356,94.38954364389944,95.5389958067858,94.11308419450839,92.11190795898438
2018-04-27,90.85832118186252,91.03488628559415,88.72193394123491,89.43700408935547,4451600,0.0,0,-0.03606098164552907,1.286653198685719,93.22954368591309,97.3758738375501,89.08321353427607,91.82058586151072,93.9393178834366,95.62745881896318,94.11308419450839,91.0613784790039
2018-04-30,88.27169578861523,91.6175285219033,87.26529833414828,89.04856872558594,6689300,0.0,0,-0.004343116898028576,1.2810651134366047,92.87951164245605,97.19500370323715,88.56401958167496,91.0922680579674,93.2110000798933,95.5943568369694,94.11308419450839,90.83184051513672
2018-05-01,89.38404269707492,89.79013235442919,88.0774878007987,89.03974914550781,3706500,0.0,0,-9.90423563719256e-05,1.280938233729104,92.59127502441406,97.12110213993252,88.0614479088956,90.60230444776654,93.2110000798933,95.5943568369694,94.11308419450839,90.46988677978516
2018-05-02,88.66897667975293,90.10794705946488,88.66014673986236,89.00444030761719,3714000,0.0,0,-0.00039655140798888766,1.2804302758689718,92.2341796875,96.7118517821757,87.7565075928243,90.60230444776654,93.2110000798933,95.5943568369694,94.11308419450839,90.96427154541016
2018-05-03,89.0485734053707,90.1344201571273,88.51006163131355,89.66653442382812,2083700,0.0,0,0.00743888859839581,1.2899552540491743,91.87090377807617,95.91893570350145,87.82287185265089,90.60230444776654,93.2110000798933,95.85478494398475,94.11308419450839,91.22028350830078
2018-05-04,89.613553331081,91.8117362851088,89.613553331081,91.20259857177734,1861700,0.0,0,0.017130852193848467,1.312053286842969,91.66344337463379,95.38539939944287,87.9414873498247,90.60230444776654,92.83580717615257,95.88568215262146,94.11308419450839,92.41207885742188
2018-05-07,91.14083533604838,91.75880320959536,89.95787923270022,90.54052734375,1675600,0.0,0,-0.0072593460975378665,1.3025286379353638,91.3853603363037,94.51770284699246,88.25301782561495,90.37277996971957,92.38115396762322,95.88568215262146,94.11308419450839,89.22514343261719
2018-05-08,90.15207454052184,90.74355244146416,89.65769902061629,90.69940948486328,2732500,0.0,0,0.0017548179337421033,1.3048143385484254,91.34563331604004,94.49173237960835,88.19953425247172,90.37277996971957,92.33261840642953,95.88568215262146,94.11308419450839,90.25102996826172
2018-05-09,90.92894864533226,91.67050188679173,90.2138784860292,91.6263656616211,2456000,0.0,0,0.010220090538875182,1.318149659224813,91.29840393066407,94.39699792185885,88.19980993946928,89.53851730962853,92.33261840642953,95.74002200676945,94.11308419450839,90.17967224121094
2018-05-10,91.81175261273316,93.55971009714824,91.71464348941734,92.62393188476562,2175800,0.0,0,0.010887327200432395,1.332500785863932,91.34519233703614,94.49431426497902,88.19607040909325,90.41250421564826,92.33261840642953,95.74002200676945,94.11308419450839,90.06367492675781
2018-05-11,92.6945595002198,93.277214250008,91.13199703216354,91.46746063232422,1476100,0.0,0,-0.012485663574292927,1.315863629339154,91.33857078552246,94.48606151178015,88.19108005926478,90.81859894897347,92.32819157724397,95.74002200676945,94.11308419450839,90.92899322509766
2018-05-14,91.5292452784506,91.80291274076475,90.52284786867736,91.18495178222656,1276900,0.0,0,-0.003088626798477212,1.3117994176704355,91.29266395568848,94.42072567494003,88.16460223643693,91.03488586423089,92.20459849812016,95.74002200676945,94.11308419450839,91.5177764892578
2018-05-15,90.7435670752276,91.22028279526256,89.79013563515768,91.17613983154295,2942700,0.0,0,-9.663821180339038e-05,1.3116726477204672,91.16642303466797,94.09052896769856,88.24231710163738,91.03488586423089,92.11190786614267,95.74002200676945,94.11308419450839,91.8032455444336
2018-05-16,90.99956858627496,91.31737902138224,90.49636985323336,90.92011260986328,1699600,0.0,0,-0.002808050682478025,1.307989404446848,91.00751724243165,93.60032189841178,88.41471258645151,91.58663171411462,91.0922680579674,94.4645919514851,94.11308419450839,92.41873931884766
2018-05-17,91.04371457710567,91.08785753932293,89.59591432194925,89.9666976928711,1964600,0.0,0,-0.010486292742325043,1.2942734446479591,90.97529563903808,93.60316586131745,88.34742541675871,91.57781220954874,91.0922680579674,94.27699549961474,94.11308419450839,93.02536010742188
2018-05-18,89.97552465986897,91.10551449307444,89.7018571414344,90.24919891357422,1983000,0.0,0,0.0031400643565637765,1.2983375465591451,90.9580810546875,93.60035791189473,88.31580419748026,91.57781220954874,91.0922680579674,94.04966889535007,94.11308419450839,94.8808822631836
2018-05-21,90.79652629575222,90.840669256094,89.4634883696176,90.1344223022461,1610200,0.0,0,-0.001271774295060979,1.2966863542411187,90.83228073120117,93.37702439618947,88.28753706621286,91.51159923338292,91.0922680579674,94.02540111475322,94.11308419450839,94.85411071777344
2018-05-22,90.05498747688098,90.143266676431,89.26046121038841,89.7989730834961,2585100,0.0,0,-0.003721654948041331,1.2918605350547996,90.67205276489258,93.04578360946327,88.2983219203219,91.41008565376833,91.0922680579674,94.02540111475322,94.11308419450839,95.98705291748048
2018-05-23,89.79012676007892,90.33746847385636,89.43700329103767,90.18739318847656,1052800,0.0,0,0.004325440388046609,1.2974484007888492,90.5378662109375,92.68995998109395,88.38577244078104,91.26883773019821,91.0922680579674,94.02540111475322,94.11308419450839,96.1833038330078
2018-05-24,90.30216332999422,90.5316946151823,89.55178010237341,89.91372680664062,1553200,0.0,0,-0.003034419469958749,1.2935113981002286,90.39441032409668,92.2938919999911,88.49492864820226,90.53168697557658,90.60230444776654,94.02318770016043,93.63742647615283,96.50445556640624
2018-05-25,90.04613548584146,91.15847198654204,89.95785630790925,90.69940948486328,1427400,0.0,0,0.008738183880557804,1.3048143385484259,90.45753059387206,92.30831307735752,88.6067481103866,90.28892011588533,90.60230444776654,93.88634285301288,93.63742647615283,97.24486541748048
2018-05-29,90.48754493588793,91.90003209515022,90.44340197595751,91.33503723144533,2609900,0.0,0,0.0070080692938594424,1.3139585678485945,90.57185401916504,92.34014483700675,88.80356320132334,90.58024665276932,90.60230444776654,93.83999753702415,93.63742647615283,99.02010345458984
2018-05-30,91.25559624824687,92.20019775296004,90.9466089712982,91.82941436767578,1348100,0.0,0,0.005412787372907957,1.3210707461931697,90.71133728027344,92.41231458566743,89.01035997487945,90.73032948167423,90.60230444776654,93.33017763293651,93.63742647615283,99.26097106933594
2018-05-31,91.43216219032055,92.06778320589004,90.884820374631,91.9441909790039,3124200,0.0,0,0.0012498893967523017,1.3227219385111961,90.85832481384277,92.44709521192877,89.26955441575677,90.73032948167423,90.41250421564826,93.33017763293651,93.63742647615283,97.78012084960938
2018-06-01,92.0766031874169,92.0766031874169,90.76121833097488,91.63520050048828,1335400,0.0,0,-0.0033606307829299187,1.3182767584473787,90.95675811767578,92.47986563541929,89.43365059993226,90.73032948167423,90.41250421564826,93.33017763293651,93.63742647615283,98.66325378417967
2018-06-04,92.15605092105874,92.68573278959934,91.44098073529246,92.11190795898438,2445100,0.0,0,0.005202230757312076,1.3251347383468233,91.00222358703613,92.60505655616655,89.39939061790571,90.97309699999388,90.41250421564826,93.33017763293651,94.38954364389944,98.89520263671876
2018-06-05,92.13840214608958,92.23551127904128,90.75239793564424,91.0613784790039,2849900,0.0,0,-0.011404925847896319,1.3100216749175062,91.02826614379883,92.61695714307336,89.4395751445243,91.06136804031851,90.41250421564826,92.87995187247367,93.9393178834366,98.7970733642578
2018-06-06,91.02605876677032,91.2114470791651,89.95786511805564,90.83184051513672,2206500,0.0,0,-0.002520695026817732,1.3067195097965183,91.0348876953125,92.61908993893866,89.45068545168635,91.11875644598638,90.81859894897347,92.15163406893035,93.2110000798933,99.07361602783205
2018-06-07,91.08784777294689,91.19378682974732,89.93137502777152,90.46988677978516,1739900,0.0,0,-0.003984877255583608,1.3015123929425028,90.9770637512207,92.55503232751833,89.39909517492306,91.30855390868544,91.03488586423089,91.90665226382993,93.2110000798933,98.6364974975586
2018-06-08,90.67294413951126,91.10551691067364,90.09911926781456,90.96427154541016,2840600,0.0,0,0.005464633407007424,1.3086246810446105,90.89408073425292,92.2774817905739,89.51067967793195,91.30855390868544,91.03488586423089,91.90665226382993,93.2110000798933,98.90413665771484
2018-06-11,90.8936430859262,92.00597977470254,90.73473784467244,91.22028350830078,1941200,0.0,0,0.0028144232734588215,1.312307704803165,90.88172187805176,92.24855132393861,89.51489243216491,91.30855390868544,91.41008565376833,91.90665226382993,93.2110000798933,98.5205535888672
2018-06-12,91.07904068316324,92.43856194444832,90.49639256276755,92.41207885742188,2966400,0.0,0,0.013065025707935218,1.3294530387031398,90.94307823181153,92.46226706466946,89.42388939895359,91.30855390868544,91.41008565376833,91.71905581195955,93.2110000798933,99.04686737060548
2018-06-13,92.1913701794018,92.33261554410682,89.10155121277373,89.22514343261719,2606100,0.0,0,-0.03448613497507891,1.2836053417673945,90.84552841186523,92.53526018366418,89.15579664006628,90.89364200118654,91.33063065496098,91.3769669686714,93.2110000798933,98.4224090576172
2018-06-14,89.19838348380554,90.93793003673372,89.19838348380554,90.25102996826172,3433000,1.05,0,0.011497729184591021,1.2983638883669304,90.81207427978515,92.52116833761163,89.10298022195867,90.89364200118654,91.33063065496098,91.35269918807455,93.2110000798933,97.012939453125
2018-06-15,90.56326397124484,91.25016411399253,89.86744799722476,90.17967224121094,3324200,0.0,0,-0.0007906583124411837,1.2973373261660197,90.82272300720214,92.51296234319878,89.1324836712055,90.77005657861102,91.33063065496098,90.93556785802903,93.2110000798933,96.3349609375
2018-06-18,89.86741780904212,90.20640985090586,89.5730389384444,90.06367492675781,2242000,0.0,0,-0.0012862911515453268,1.295668572642803,90.81344680786133,92.51830667442506,89.10858694129759,90.77005657861102,91.18938273139086,91.3725613110389,93.2110000798933,97.1645965576172
2018-06-19,89.65332867421063,91.61588638050932,89.65332867421063,90.92899322509766,2504100,0.0,0,0.009607850213124713,1.3081171622146082,90.85317535400391,92.52937333763681,89.176977370371,90.77005657861102,90.89364200118654,91.57339526310872,93.2110000798933,97.7265853881836
2018-06-20,90.72383197103058,91.78540114289792,90.35808553743196,91.5177764892578,1825800,0.0,0,0.0064751983198867435,1.3165874802655952,90.93911552429199,92.56526978653228,89.3129612620517,90.77005657861102,90.89364200118654,91.61974218117552,93.2110000798933,97.28946685791016
2018-06-21,91.4820986855066,92.37417178119765,91.4553307756147,91.8032455444336,1153800,0.0,0,0.0031192743762662456,1.3206942778569006,91.01990814208985,92.64923517814633,89.39058110603337,90.77005657861102,90.89364200118654,91.57339686518678,93.2110000798933,97.78012084960938
2018-06-22,92.03514774841928,92.8290919839146,91.30364833573904,92.41873931884766,2537800,0.0,0,0.006704488177557533,1.3295488570289602,91.1451587677002,92.80029989280305,89.49001764259734,90.96532159834416,90.96532159834416,91.33944988604101,93.2110000798933,98.8684539794922
2018-06-25,92.36522807288304,93.15917240244386,91.9102689921987,93.02536010742188,2173200,0.0,0,0.006563828862470755,1.3382757881907918,91.26145629882812,93.09432221204409,89.42859038561215,91.1303618076088,91.1303618076088,91.33504013375807,93.2110000798933,99.50182342529295
2018-06-26,93.35543829107996,95.00577193533408,92.9629240037632,94.8808822631836,3673100,0.0,0,0.019946411963565946,1.3649695883829114,91.43874855041504,93.86360477069643,89.01389233013366,92.10207770956981,92.0536615740539,91.33504013375807,93.2110000798933,99.2431182861328
2018-06-27,94.9165555469724,95.88891171678156,94.5151186684282,94.85411071777344,1775600,0.0,0,-0.00028215953279076,1.3645844492015797,91.58998336791993,94.43867770779097,88.74128902804888,92.73097532761298,92.49523146477765,91.30193364567516,93.2110000798933,100.34928131103516
2018-06-28,95.1841858606456,96.1743874297458,94.91656804568522,95.98705291748048,2087400,0.0,0,0.011944049563418213,1.380883113496313,91.79212646484375,95.23213102661614,88.35212190307135,92.8737131840951,92.63796932125976,91.25117685586787,93.2110000798933,99.02010345458984
2018-06-29,95.3715209991256,96.64717876580102,94.72922739527624,96.1833038330078,2588400,0.0,0,0.0020445561100415066,1.3837064065032652,92.01953163146973,95.95885156194035,88.08021170099912,93.15025372000582,92.87436498928737,91.18055289408281,93.2110000798933,99.2431182861328
2018-07-02,96.2100698486025,96.84344084977084,95.37152587270552,96.50445556640624,2178600,0.0,0,0.0033389551055140743,1.3883265400737919,92.23915901184083,96.64238600736473,87.83593201631692,93.60076319360141,92.97249603127229,90.56699571167155,93.2110000798933,98.09233856201172
2018-07-03,96.629332959565,98.02096445818168,96.04948423314944,97.24486541748048,2165200,0.0,0,0.007672286701464914,1.3989781793244909,92.54833335876465,97.42559464968733,87.67107206784198,94.66230639696036,93.5612578354777,90.44561228182593,93.2110000798933,99.39476776123048
2018-07-05,97.28056381899457,99.1182320295185,97.28056381899457,99.02010345458984,2311300,0.0,0,0.01825533954402747,1.4245170010027448,92.9577465057373,98.52394861222699,87.39154439924762,95.21094018262878,94.10989162114612,90.59127555026794,93.2110000798933,98.43132781982422
2018-07-06,99.39478339583744,99.94787116925406,98.86846353250324,99.26097106933594,1795800,0.0,0,0.002432512250974961,1.4279821560594061,93.39730072021484,99.47866488673394,87.31593655369575,95.92907008072638,94.52471119101389,90.66631696472038,93.2110000798933,98.6811065673828
2018-07-09,99.5018219902811,99.7248402374874,97.2270331463861,97.78012084960938,2164600,0.0,0,-0.014918756121095722,1.4066784385278794,93.7380931854248,99.99911064703136,87.47707572381825,96.45539758650864,94.52471119101389,90.57141684866124,93.2110000798933,99.2431182861328
2018-07-10,97.7533424908498,98.85058826204244,96.3438657839103,98.66325378417967,3474900,0.0,0,0.009031824944546685,1.4193833119379315,94.11024169921875,100.61124899809718,87.60923440034031,97.23149491884112,94.52471119101389,90.57141684866124,93.2110000798933,100.13521575927734
2018-07-11,98.6275780432506,99.43044501767888,98.41348245206176,98.89520263671876,1771100,0.0,0,0.002350914283107519,1.4227201604391708,94.4343978881836,101.20820187594327,87.66059390042392,97.33854928226515,94.52471119101389,90.69280060782107,93.2110000798933,100.5277099609375
2018-07-12,99.24310981285493,99.528572867718,98.36887537897512,98.7970733642578,2011200,0.0,0,-0.0009922551331578155,1.421308459056928,94.91299438476562,101.49476851897224,88.33122025055901,97.33854928226515,94.52471119101389,90.73693612798338,93.2110000798933,101.57142639160156
2018-07-13,99.19850569178904,99.45720765455036,98.43132243835235,99.07361602783205,1105800,0.0,0,0.002799097727871569,1.425286840335279,95.35412368774413,101.80691664813483,88.90133072735344,97.65969852097979,94.52471119101389,90.96867769747993,93.2110000798933,101.9282684326172
2018-07-16,99.07361130055132,99.07361130055132,97.99420393872585,98.6364974975586,1178100,0.0,0,-0.004412057899962574,1.418998392271665,95.77696495056152,101.91539317255554,89.6385367285675,97.99867770120176,94.52471119101389,91.17171988645816,93.2110000798933,100.67042541503906
2018-07-17,98.86845292074597,98.9844199614122,98.18155289455424,98.90413665771484,2896500,0.0,0,0.002713388724725041,1.422848686509658,96.21898803710937,101.89945059042459,90.53852548379415,98.14586847658218,94.52471119101389,91.17171988645816,93.2110000798933,99.6088638305664
2018-07-18,98.5919142630544,98.80601670354864,97.95854319004177,98.5205535888672,2156200,0.0,0,-0.003878331906127852,1.4173304070511754,96.59856605529785,101.80413877131834,91.39299333927737,98.14586847658218,94.52471119101389,91.35931978122689,93.2110000798933,99.5374984741211
2018-07-19,97.8158090401196,100.13519755548782,97.8158090401196,99.04686737060548,2178700,0.0,0,0.005342172395159439,1.4249020304265443,96.97502059936524,101.72027769369173,92.22976350503875,98.23953166969906,94.61837438413077,91.35931978122689,92.83580717615257,100.29576110839844
2018-07-20,98.82383915803896,99.5642613313271,98.09233961982,98.4224090576172,3099800,0.0,0,-0.006304675044913166,1.415918486153868,97.30597877502441,101.43999556751895,93.17196198252988,98.23953166969906,94.66679051964668,91.11213632807376,92.38115396762322,99.58210754394533
2018-07-23,98.3332104973238,98.69003425512848,96.49553547594054,97.012939453125,2227200,0.0,0,-0.014320616798427332,1.3956416600958492,97.53568878173829,101.0091254330599,94.06225213041667,98.31536651571417,94.85411824696611,91.11213632807376,92.33261840642953,101.31272888183594
2018-07-24,96.56690182214588,97.18243436733128,95.40720420489336,96.3349609375,4123600,0.0,0,-0.006988536987404537,1.3858881667331067,97.70116882324218,100.55290181616371,94.84943583032066,97.77120088019059,94.85411824696611,91.050343616786,92.33261840642953,101.6695556640625
2018-07-25,96.6828762860416,97.6195557262126,96.1476338085056,97.1645965576172,2160800,0.0,0,0.008611988960637529,1.3978234203256903,97.81535453796387,100.37067263442756,95.26003644150018,97.77120088019059,94.89426311484922,90.97971965500093,92.33261840642953,101.48223114013672
2018-07-26,97.4500381711068,98.0120484336356,97.37867751422571,97.7265853881836,1792600,0.0,0,0.005783884773639114,1.405908269922748,97.95897827148437,100.12111541378499,95.79684112918375,97.77120088019059,95.2466415464599,90.83184928989877,92.32819157724397,101.72307586669922
2018-07-27,98.08341118269564,98.440241698616,97.2270220280723,97.28946685791016,1594000,0.0,0,-0.004472872233662328,1.3996198218591345,98.02409896850585,100.01460326780244,96.03359466920926,97.77120088019059,95.71942294561343,90.83184928989877,92.20459849812016,101.37515258789062
2018-07-30,97.2270331463861,97.90501052356676,96.48661773820352,97.78012084960938,2422000,0.0,0,0.0050432385698628845,1.406678438527879,98.10393981933593,99.91038409977439,96.29749553889748,97.77120088019059,95.71942294561343,90.83184928989877,92.11190786614267,101.60711669921876
2018-07-31,97.75336270968644,99.37693532628452,97.7266016081674,98.8684539794922,2921900,0.0,0,0.011130413016739116,1.422335350530436,98.22213973999024,99.89774379050132,96.54653568947916,97.77120088019059,96.02273327384326,90.96532159834416,91.0922680579674,101.99069213867188
2018-08-01,98.27076513311154,99.63563573674196,97.72660005760208,99.50182342529295,1559100,0.0,0,0.006406183371008511,1.4314470916010016,98.33498764038086,100.03620841196613,96.63376686879559,97.52141997081766,96.5490607796255,91.1303618076088,91.0922680579674,100.82208251953124
2018-08-02,99.62670993691604,99.89433455131424,98.9219714712456,99.2431182861328,1256200,0.0,0,-0.0026000040024833915,1.4277253234334957,98.34613838195801,100.06819842431163,96.6240783396044,97.6507693781038,97.32515811195802,92.07786964181186,91.13553513474119,100.47418212890624
2018-08-03,99.37692509078305,100.4384872422363,98.97548819141348,100.34928131103516,1305700,0.0,0,0.011145992226011314,1.443638738789365,98.40055389404297,100.29676129689173,96.50434649119421,97.92284572356483,97.58385731875627,92.61310339619531,91.57710502546493,100.01030731201172
2018-08-06,100.50094790825712,101.05402881497106,98.88629114278017,99.02010345458984,3334100,0.0,0,-0.01324551445790123,1.4245170010027441,98.46255302429199,100.35459877545364,96.57050727313035,98.60083131173833,97.89162810512366,92.75584125267743,91.71984288194705,100.10842895507812
2018-08-07,99.04686114303767,99.36800795792486,97.61062311145236,99.2431182861328,3557400,0.0,0,0.0022522177190535952,1.4277253234334957,98.49154624938964,100.41286974281272,96.57022275596657,98.77032327658729,98.2127773438383,93.01230935464659,91.95623854997464,101.30608367919922
2018-08-08,99.38584839404383,99.60886662653458,97.958526261322,98.09233856201172,2289300,0.0,0,-0.011595561929072074,1.4111700460279182,98.4514030456543,100.37084185244487,96.53196423886374,98.77032327658729,98.23061650993222,93.28662961243685,92.05436959195956,100.45061492919922
2018-08-09,98.08341941854816,99.46613523160232,98.05665831865284,99.39476776123048,1743600,0.0,0,0.01327758332925666,1.4299069739058048,98.48128776550293,100.43996347122908,96.52261205977678,98.77032327658729,98.23061650993222,94.11178211621903,92.64313139616499,101.48616790771484
2018-08-10,99.27880122126734,100.20655792279658,98.38672825510191,98.43132781982422,948100,0.0,0,-0.009693064968174903,1.4160467927092895,98.44917335510254,100.38871091450217,96.50963579570292,99.3323259632117,98.23061650993222,94.66041590188745,93.19176518183339,101.0089340209961
2018-08-13,98.20830221374987,98.96656962291011,97.89607806020064,98.6811065673828,1397500,0.0,0,0.0025375940068166347,1.4196401445638405,98.45140380859375,100.39191078150853,96.51089683567898,99.3323259632117,98.23061650993222,95.22689063587013,93.60658475170118,100.6937484741211
2018-08-14,98.84168817051214,99.34124685768036,98.4848576199734,99.2431182861328,1345300,0.0,0,0.005695231218006747,1.4277253234334961,98.46835289001464,100.4304176752159,96.50628810481338,99.3323259632117,98.23061650993222,95.49005438876127,93.60658475170118,101.21603393554688
2018-08-15,99.28774894963026,100.22442171724364,98.88631192981453,100.13521575927734,1854000,0.0,0,0.008989010911290451,1.4405591619441656,98.54908599853516,100.64302014008723,96.4551518569831,99.3323259632117,98.23061650993222,95.87810305492751,93.60658475170118,100.59469604492188
2018-08-16,99.97462224301158,100.81317305271092,99.9389385057928,100.5277099609375,1694700,0.0,0,0.003919642042852445,1.4462056382005382,98.62312812805176,100.88229913523163,96.36395712087189,99.3323259632117,98.23061650993222,95.93163023663952,93.60658475170118,99.261962890625
2018-08-17,100.67935344370832,101.59818749108211,100.30468443902753,101.57142639160156,1850900,0.0,0,0.010382375477066219,1.4612206881533862,98.78057899475098,101.3792293314625,96.18192865803947,99.60440530126724,98.50269584798774,95.93163023663952,93.60658475170118,98.77570343017578
2018-08-20,101.6517211595032,102.16020252493573,100.79533184961566,101.9282684326172,1818700,0.0,0,0.003513212856141923,1.4663542674606673,99.02634544372559,101.83352658715728,96.2191643002939,100.02814029256818,98.78370336491454,96.09220485599684,94.01267948502638,97.7311019897461
2018-08-21,101.95501256909478,101.95501256909478,100.42064609196736,100.67042541503906,3458600,0.0,0,-0.012340472735585362,1.4482587626023598,99.24311866760254,101.84546261389083,96.64077472131426,100.02814029256818,98.78370336491454,96.26169444610782,94.22896640028381,98.08230590820312
2018-08-22,100.59014266478644,100.7239549617201,99.1003757410232,99.6088638305664,2589900,0.0,0,-0.010544920020910786,1.4329869897811347,99.36533203125,101.78717686940522,96.9434871930948,100.02814029256818,98.78370336491454,96.33528983379804,94.22896640028381,100.25251007080078
2018-08-23,99.6534655040672,100.03705713355214,99.31448024316418,99.5374984741211,1116600,0.0,0,-0.0007164558825477618,1.4319603178226916,99.45587768554688,101.75700666542832,97.15474870566544,100.02814029256818,98.78370336491454,96.33528983379804,94.52471119101389,99.42405700683594
2018-08-24,99.64454486632243,100.67935274557166,99.45721036528106,100.29576110839844,1479400,0.0,0,0.0076178590571520655,1.4428687896992995,99.60619239807129,101.70321631673875,97.50916847940383,100.32253007245455,98.78370336491454,96.42895302691491,94.61837438413077,98.22638702392578
2018-08-27,100.6436766025618,100.6436766025618,99.38585719898708,99.58210754394533,1531200,0.0,0,-0.007115490790102319,1.432602070114868,99.69629173278808,101.61738288660774,97.77520057896842,100.52325722737513,98.78370336491454,96.45316109467288,94.61837438413077,98.01026916503906
2018-08-28,99.5375055430205,101.34841261804036,99.47506070615694,101.31272888183594,1429200,0.0,0,0.01737883823283104,1.4574990297434132,99.81850547790528,101.8234801523888,97.81353080342176,100.63028913297947,98.78370336491454,96.58474238134013,94.61837438413077,97.54200744628906
2018-08-29,101.31272512124008,102.1423532407622,101.13431325281714,101.6695556640625,2493400,0.0,0,0.0035220330768381825,1.462632389535629,99.92689208984375,102.08209988763289,97.7716842920546,100.63028913297947,99.15391816672067,96.31265956357835,94.61837438413077,97.92022705078124
2018-08-30,101.90150655873616,102.0888410807956,101.1610843006128,101.48223114013672,1385200,0.0,0,-0.001842483944207829,1.4599375128416312,100.03884773254394,102.27241325590494,97.80528220918295,100.63028913297947,99.32341013156963,96.33273199751991,94.61837438413077,99.2979736328125
2018-08-31,101.5089802675988,102.41889166825788,101.41085170009936,101.72307586669922,2181000,0.0,0,0.002373269919833776,1.4634023386256951,100.10753746032715,102.45781106540554,97.75726385524877,100.75963370464055,99.45275470323071,96.50892121332524,94.61837438413077,100.01837921142578
2018-09-04,101.42867477805262,101.94607863620313,101.03616737357235,101.37515258789062,1197600,0.0,0,-0.003420298450909187,1.4583970658738368,100.22528991699218,102.5818790698868,97.86870076409757,100.75963370464055,99.45275470323071,96.74531191290201,94.61837438413077,97.8932113647461
2018-09-05,101.11647382374709,101.62495516470094,100.48310280648718,101.60711669921876,1247800,0.0,0,0.002288175212629362,1.4617341338901406,100.34348983764649,102.72845129789847,97.9585283773945,100.86668595571103,100.01475738985512,96.74531191290201,94.61837438413077,94.80449676513672
2018-09-06,101.74091282579587,102.09773652648968,101.10753510332,101.99069213867188,1132000,0.0,0,0.003775084383002225,1.4672523035910905,100.5384075164795,102.78748946945271,98.28932556350628,100.90237443362248,100.01475738985512,96.89696707701692,94.61837438413077,94.50731658935548
2018-09-07,101.60711107684678,101.70523964651122,100.7774829553052,100.82208251953124,1236600,0.0,0,-0.011458002633727982,1.4504405228322004,100.60977325439453,102.79828846094526,98.42125804784379,100.90237443362248,100.01475738985512,97.03524037522158,94.61837438413077,95.0115966796875
2018-09-10,101.14323689614672,101.4911448306336,100.42065992543968,100.47418212890624,1915100,0.0,0,-0.003450636824106512,1.4454355793529392,100.71191596984863,102.6591220021761,98.76470993752116,100.94697618720741,100.01475738985512,97.48796374503091,94.61837438413077,96.2633056640625
2018-09-11,100.35821524705668,100.47418229007933,99.84973389537734,100.01030731201172,1996400,0.0,0,-0.004616855863523006,1.4387622116230587,100.77837600708008,102.52176687746218,99.03498513669798,101.13431278181761,100.01475738985512,97.75335152116055,94.77001922750502,96.16424560546876
2018-09-12,100.14411269030045,100.40281466617976,99.46613533302968,100.10842895507812,1515800,0.0,0,0.00098111530404843,1.4401738032477687,100.82164154052734,102.44830277214665,99.19498030890803,100.94251350064378,100.01475738985512,98.246229708431,95.0777900138724,96.01117706298828
2018-09-13,100.36956439231162,101.76533984888398,100.00936360962277,101.30608367919922,1779500,1.05,0,0.011963575261564774,1.4574034309326573,100.88018493652343,102.4877764048474,99.27259346819947,100.94251350064378,100.15748486422926,98.4915503102128,95.0777900138724,96.2903060913086
2018-09-14,101.1620027302839,101.25205808053036,100.09041413898936,100.45061492919922,1541700,0.0,0,-0.008444396614017413,1.4450965383352323,100.87633018493652,102.48769004720926,99.26497032266379,100.78193592975968,100.15748486422926,98.50046989325975,95.0777900138724,95.2547378540039
2018-09-17,100.49562103224196,101.80134784695144,100.27950333783606,101.48616790771484,1738300,0.0,0,0.010309075551657942,1.4599941477283696,100.87206726074218,102.47640892903385,99.26772559245052,100.78193592975968,100.15748486422926,98.50046989325975,95.0777900138724,95.59693145751952
2018-09-18,101.31510714089448,101.83739114735238,100.93689247863652,101.0089340209961,1282400,0.0,0,-0.004702452526857859,1.4531285945591865,100.82610054016114,102.35698288328794,99.29521819703433,100.78193592975968,100.15748486422926,98.78147123657196,95.0777900138724,96.15523529052734
2018-09-19,101.19802546808508,101.35111544433168,100.40558921039042,100.6937484741211,2120200,0.0,0,-0.0031203729643308753,1.448594291379028,100.82726669311523,102.35770356083775,99.29682982539272,100.65176324019103,100.45187464411563,98.78147123657196,95.0777900138724,96.6685028076172
2018-09-20,100.6036946737097,101.54021394888764,100.21648003945592,101.21603393554688,2274500,0.0,0,0.005186870777385,1.4561079627772686,100.90762519836426,102.3381956427691,99.47705475395942,100.65176324019103,100.6526017990362,98.78147123657196,95.0777900138724,93.23763275146484
2018-09-21,100.86484836836166,101.63027079109574,100.55867527711264,100.59469604492188,2906200,0.0,0,-0.006138729867845472,1.4471693093353601,100.96048507690429,102.25488550846212,99.66608464534646,100.65176324019103,100.75963370464055,98.78147123657196,95.0777900138724,95.49787902832033
2018-09-24,100.3875861314364,100.72076621375078,99.08185904993977,99.261962890625,1918300,0.0,0,-0.013248542981845968,1.4279964245386223,100.90879516601562,102.37802665550332,99.43956367652792,100.45962509864607,100.75037535909883,98.78147123657196,95.0777900138724,98.6226043701172
2018-09-25,99.28898740827874,99.97336146557616,98.66764111416369,98.77570343017578,1513800,0.0,0,-0.004898749191420082,1.421001028208563,100.86847496032715,102.51655619443811,99.22039372621619,100.25251613075804,100.54326639121078,99.05355057462748,95.34986935192792,97.92022705078124
2018-09-26,98.77568355691842,99.37000899975985,97.53299121871282,97.7311019897461,2141900,0.0,0,-0.010575489762703727,1.4059732463819519,100.68939361572265,102.81935970483518,98.55942752661012,99.6851911830326,99.97594144348535,99.40592182874136,95.63087686885473,98.44249725341795
2018-09-27,98.0282781906612,98.7216590900658,97.83016739932872,98.08230590820312,2020900,0.0,0,0.0035935737069032747,1.4110257148727594,100.5100311279297,102.8736468120138,98.14641544384558,99.6851911830326,99.97594144348535,99.40592182874136,95.63087686885473,98.46051025390624
2018-09-28,98.36146439835952,100.30653778793196,98.36146439835952,100.25251007080078,2375100,0.0,0,0.022126357476024205,1.4422465742478967,100.44854507446288,102.77097828770812,98.12611186121765,99.6851911830326,99.97594144348535,99.40592182874136,95.63087686885473,99.98235321044922
2018-10-01,100.25251409733048,100.81982576077056,99.3880362372154,99.42405700683594,2121400,0.0,0,-0.008263664055690678,1.4303283330728414,100.33359413146972,102.61920856038765,98.0479797025518,99.58163100490428,99.97594144348535,99.40592182874136,95.63087686885473,100.1444320678711
2018-10-02,99.46006568493436,99.71221105904152,98.1723524372019,98.22638702392578,1830800,0.0,0,-0.012046078373444513,1.4130984858728877,100.17615585327148,102.58494039240301,97.76737131413995,99.58163100490428,99.97594144348535,99.55311671868455,95.63087686885473,100.61270141601562
2018-10-03,98.40649076708344,99.18992706105492,97.06474971051426,98.01026916503906,1757500,0.0,0,-0.002200201650846445,1.4099893842514615,99.9963134765625,102.48748277426772,97.5051441788573,99.347510250805,99.74182068938607,99.65348029614483,95.67929300437063,100.37859344482422
2018-10-04,97.6500697508834,98.0462844605445,96.52444650816392,97.54200744628906,1280000,0.0,0,-0.0047776801628969245,1.403252905940428,99.77387924194336,102.3075611739422,97.24019730994452,98.67213613446724,99.4716690882109,99.70699624894701,95.86662073169006,99.8382797241211
2018-10-05,97.6230677001577,98.53256644369566,97.37092229227306,97.92022705078124,1232100,0.0,0,0.003877504824784772,1.4086940258536051,99.62878646850587,102.23780761531245,97.01976532169928,98.67213613446724,99.4716690882109,99.89210364985007,95.86662073169006,98.81170654296876
2018-10-08,98.13633653103994,100.01837523214104,98.1093158031016,99.2979736328125,2149300,0.0,0,0.014070091783148886,1.4285144800917389,99.56997604370117,102.15273207077493,96.98722001662742,98.67213613446724,99.4716690882109,99.97684963227455,95.90676559957318,99.66718292236328
2018-10-09,99.3339983518611,100.91887781128386,99.22594291684396,100.01837921142578,2330300,0.0,0,0.007254987712812966,1.43887833509238,99.57037963867188,102.15341632027042,96.98734295707334,98.72166215972389,99.3110915173268,100.10619420393563,96.38848860284492,99.3249969482422
2018-10-10,100.01838881406754,100.40560352399288,97.88420445421023,97.8932113647461,3186700,0.0,0,-0.02124777329361993,1.4083053744312357,99.45961875915528,102.13032532878175,96.7889121895288,98.72166215972389,99.3110915173268,100.10619420393563,96.86127000199846,99.58614349365234
2018-10-11,98.13634589202454,98.13634589202454,94.19215740837556,94.80449676513672,2324800,0.0,0,-0.03155187736257781,1.3638706959681222,99.13453941345215,102.35904972269329,95.910029104211,97.5555176098297,98.14494696743262,100.44072167278307,96.86127000199846,100.96389770507812
2018-10-12,95.69597435671233,96.27229972809782,93.70587345903007,94.50731658935548,3033400,0.0,0,-0.0031346632904708516,1.359595420564522,98.83737449645996,102.58160820678212,95.0931407861378,97.31237563515697,97.77163230319123,100.4585659117388,97.16458033022829,101.0989761352539
2018-10-15,94.38124362066203,96.02015058171511,94.31820900178532,95.0115966796875,1871100,0.0,0,0.005335884125492241,1.3668500641862042,98.51364593505859,102.40418251727431,94.62310935284287,97.31237563515697,97.77163230319123,100.4585659117388,97.69090783601055,98.72166442871094
2018-10-16,95.06564082805605,96.479423413258,94.6424053694478,96.2633056640625,2210500,0.0,0,0.01317427585808173,1.38485732398843,98.27636451721192,102.1069738923518,94.44575514207203,97.31237563515697,97.77163230319123,100.48086678853127,98.46700516834304,98.57757568359376
2018-10-17,96.47041182947449,96.8035987822975,95.13767775870046,96.16424560546876,2465100,0.0,0,-0.001029053156967552,1.38343223218723,98.0498893737793,101.81639850753297,94.28338024002562,97.31237563515697,97.77163230319123,100.57453508583637,98.57405953176706,97.21782684326172
2018-10-18,95.45286537711154,97.83918838559134,94.5703735988238,96.01117706298828,3933100,0.0,0,-0.0015917406882021146,1.3812301668138873,97.78964653015137,101.3570331368124,94.22225992349034,97.31237563515697,97.77163230319123,100.47863544524945,98.57405953176706,97.60504150390624
2018-10-19,96.05617455469049,97.15478383775422,95.50686991315862,96.2903060913086,2567800,0.0,0,0.0029072555598104177,1.385245755895735,97.57442703247071,100.95119760595314,94.19765645898828,97.31237563515697,97.77163230319123,100.54999918243652,98.8952087704817,99.48706817626952
2018-10-22,96.58747876357695,97.10076267484476,95.2547378540039,95.2547378540039,2462500,0.0,0,-0.010754646852225158,1.3703479269875327,97.37406578063965,100.80224686153927,93.94588469974003,97.05573849151148,97.77163230319123,100.46971039699447,98.91304793657562,100.96389770507812
2018-10-23,95.03861987100976,95.75901460461778,94.12911439193606,95.59693145751952,3149500,0.0,0,0.0035924050732267787,1.3752707718325285,97.21512718200684,100.66354862960982,93.76670573440386,95.9211096755273,97.77163230319123,100.46971039699447,98.91304793657562,101.75633239746094
2018-10-24,95.83105525879093,97.65006620022962,95.64195138532114,96.15523529052734,4904400,0.0,0,0.0058401857098930865,1.3833026085414186,97.1363338470459,100.60617677011676,93.66649092397505,95.77253092231071,97.6680721250629,100.46971039699447,98.91304793657562,103.46728515625
2018-10-25,96.4433782054242,97.52398041810513,95.47984518284852,96.6685028076172,3272000,0.0,0,0.005337905060905479,1.3906865465363156,97.06564369201661,100.51280530244391,93.6184820815893,95.9841513887637,97.6680721250629,100.55181894215333,98.91304793657562,102.38668823242188
2018-10-26,96.002163382739,96.25430191011104,93.0125080848456,93.23763275146484,3148700,0.0,0,-0.035491085063976135,1.341329572015868,96.7148998260498,100.22129519044303,93.20850446165657,95.42584823521847,97.32138943797068,100.65218251961362,98.91304793657562,103.5573272705078
2018-10-29,93.83195112647044,96.13723220821694,93.77792340909464,95.49787902832033,4762700,0.0,0,0.024241781029344933,1.3738457897888616,96.51859092712402,99.8283442101211,93.20883764412694,95.42584823521847,96.96569294806474,100.70569847241579,98.91304793657562,105.78157043457033
2018-10-30,96.1462332020124,99.16290903027463,95.43484534863944,98.6226043701172,3117100,0.0,0,0.03272036377761034,1.4187985238050915,96.5384017944336,99.8937330018666,93.1830705870006,96.08770855756012,96.96569294806474,100.60500022887246,98.91304793657562,104.2417221069336
2018-10-31,98.76669803017288,99.08187120220386,97.1908252997582,97.92022705078124,3168200,0.0,0,-0.0071218695127948095,1.4086940258536058,96.53389968872071,99.88146782901204,93.18633154842938,96.08770855756012,96.96569294806474,100.39789126098441,98.91304793657562,104.54788970947266
2018-11-01,98.37045572345222,99.279961146059,97.8481718068467,98.44249725341795,2540500,0.0,0,0.005333629408006413,1.4162074777367815,96.57892417907715,100.00369542981538,93.15415292833892,96.1462346154523,96.96569294806474,99.83056631325897,98.91304793657562,104.58390045166016
2018-11-02,98.37946868040638,98.72165566339284,97.14578316736804,98.46051025390624,2817400,0.0,0,0.0001829799221966244,1.416466615270872,96.6059383392334,100.08130510089049,93.13057157757632,96.1462346154523,96.96569294806474,99.83056631325897,98.91304793657562,103.98957824707033
2018-11-05,98.88374387687637,100.5856855919167,98.82971616219533,99.98235321044922,2731300,0.0,0,0.0154563789342399,1.4383600600241988,96.64015731811523,100.23364544605313,93.04666919017733,96.79909683838116,96.96569294806474,99.83056631325897,98.91304793657562,104.62159729003906
2018-11-06,100.12642512173645,100.71174361959532,99.53209284542328,100.1444320678711,1365400,0.0,0,0.0016210746418492405,1.4406917490433528,96.6464599609375,100.26425037241937,93.02866954945564,96.86212585222046,96.96569294806474,99.77878622419482,98.91304793657562,104.16690063476562
2018-11-07,100.27050758568966,101.261054571366,100.0003621551916,100.61270141601562,1844600,0.0,0,0.0046759399247195965,1.4474283371119188,96.78243446350098,100.76740842698433,92.79746050001762,97.1367813281058,97.1367813281058,99.77878622419482,98.91304793657562,100.85685729980467
2018-11-08,100.48664889428709,100.75680125846424,99.4871016354556,100.37859344482422,2177200,0.0,0,-0.002326823233017139,1.4440604272289994,97.06113929748535,101.2312333299089,92.8910452650618,97.51948899023031,97.1367813281058,99.54466547009554,98.91304793657562,100.5931396484375
2018-11-09,100.37857749637126,100.78379910799416,99.54111354479288,99.8382797241211,1495800,0.0,0,-0.005382758436440205,1.4362873987816032,97.32768745422364,101.4921907474058,93.16318416104147,98.34794996000272,97.1367813281058,99.07190261133907,98.91304793657562,100.26575469970705
2018-11-12,99.76623278457768,100.75677979175316,98.74867192079188,98.81170654296876,2334100,0.0,0,-0.010282360473247487,1.4215189740041478,97.5176929473877,101.58681848455004,93.44856741022537,99.20341886936703,97.1367813281058,99.07190261133907,99.28326273838175,100.02932739257812
2018-11-13,99.09987129132006,100.01837681828418,98.6316081832529,99.66718292236328,2137300,0.0,0,0.008657641987212417,1.4338259763591052,97.68788681030273,101.81786081751855,93.55791280308691,99.20341886936703,97.1367813281058,99.07190261133907,99.45275470323071,96.57376098632812
2018-11-14,100.18947476780144,100.18947476780144,98.37947068327416,99.3249969482422,1837000,0.0,0,-0.003433286304355909,1.4289032412716418,97.8459243774414,101.9724486769382,93.71940007794461,99.20341886936703,97.1367813281058,99.01637683852535,99.45275470323071,94.45496368408205
2018-11-15,99.1178872134513,99.94634433163908,97.98325697838396,99.58614349365234,2648700,0.0,0,0.0026292127201998916,1.432660131849528,98.02467269897461,102.1271930098963,93.92215238805292,99.62215577487498,97.1367813281058,99.01637683852535,99.45275470323071,97.8741455078125
2018-11-16,99.4330460811924,101.18001542870888,99.108866060617,100.96389770507812,2328900,0.0,0,0.0138347983272753,1.452480695845194,98.25835227966309,102.47123600987858,94.04546854944759,99.62215577487498,97.1367813281058,97.85023228863116,98.30552453831672,98.10149383544922
2018-11-19,101.0089276481156,102.45873096289756,100.44161599591104,101.0989761352539,2006900,0.0,0,0.001337888425923861,1.454423952957043,98.55056419372559,102.69911843405767,94.40200995339352,100.22099397064076,97.73561952387158,97.54200396917409,98.06238256364398,98.3197250366211
2018-11-20,101.45918114643855,101.69331271887998,98.72166442871094,98.72166442871094,2550300,0.0,0,-0.023514696166284765,1.4202236156062913,98.70680084228516,102.62519628734447,94.78840539722586,100.22099397064076,97.73561952387158,97.54200396917409,98.06238256364398,98.78350067138672
2018-11-21,98.5415549177781,99.21692881873967,97.82115334198232,98.57757568359376,2112900,0.0,0,-0.0014595453384117496,1.4181507348486309,98.82791786193847,102.56710596498274,95.0887297588942,100.13994215243994,97.73561952387158,97.54200396917409,98.06238256364398,96.34642791748048
2018-11-23,98.37046393793142,98.541560868323,97.18180607527091,97.21782684326172,684700,0.0,0,-0.013793693250242378,1.3985891986295231,98.8553840637207,102.53774842766762,95.17301969977379,99.82026851908424,97.73561952387158,97.54200396917409,98.06238256364398,96.8283920288086
2018-11-26,97.56001382635642,97.78513847358757,97.16379911900576,97.60504150390624,1539900,0.0,0,0.003982959434680522,1.4041597226734468,99.07375450134278,101.77600300456731,96.37150599811824,99.81126504095167,97.73561952387158,97.54200396917409,98.06238256364398,98.27427673339844
2018-11-27,97.73109214020248,99.51408202955002,97.5149744437008,99.48706817626952,2016200,0.0,0,0.01928206415739253,1.4312348205332628,99.27321395874023,101.41574390781958,97.13068400966088,99.81126504095167,97.73561952387158,97.54200396917409,98.06238256364398,98.7562255859375
2018-11-28,99.68518457047136,101.18902233768556,99.22593526653834,100.96389770507812,1865100,0.0,0,0.014844437130180355,1.4524806958451937,99.39027862548828,101.63245910616968,97.14809814480688,99.81126504095167,97.73561952387158,97.41368539735134,98.06238256364398,97.79231262207033
2018-11-29,100.99991694107996,102.0895193219669,100.4055846222734,101.75633239746094,2647000,0.0,0,0.00784869354685136,1.4638807717096,99.58208389282227,101.94292328083239,97.22124450481215,99.81126504095167,97.73561952387158,96.84637098935926,98.06238256364398,96.09180450439452
2018-11-30,102.02648884490996,103.51230596176325,101.49519112588716,103.46728515625,3752300,0.0,0,0.016814214098303637,1.4884947764195153,99.83332328796386,102.68073371351109,96.98591286241664,100.3380525403845,98.26240702330443,96.7203015236868,98.06238256364398,97.16483306884766
2018-12-03,103.26917988471948,103.86350538911655,100.26151098346922,102.38668823242188,3640600,0.0,0,-0.010443851138031479,1.4729491585548524,100.02963218688964,103.01108646141529,97.048177912364,100.51365225406116,98.43800673698108,96.8261117569133,98.06238256364398,97.64681243896484
2018-12-04,102.35066258090588,103.92653495241362,102.35066258090588,103.5573272705078,2907900,0.0,0,0.011433508186420971,1.4897901348173712,100.20838088989258,103.56629509899905,96.85046668078611,100.54516703570968,98.85222918075414,96.37361883659457,97.71569987655175,96.7738265991211
2018-12-06,103.0350469877968,105.89863277794169,101.9634583377968,105.78157043457033,3247300,0.0,0,0.021478375530612714,1.521788406794781,100.49023780822753,104.6415753373355,96.33890027911957,101.53121594847372,100.66673906329056,96.1957705916416,97.71569987655175,97.6649932861328
2018-12-07,105.46640077895616,105.88062931945508,103.84550051590888,104.2417221069336,2308200,0.0,0,-0.014556867716283173,1.499635934264896,100.67168884277343,105.13744432879082,96.20593335675605,101.53121594847372,101.52220797265485,96.52670075281243,97.71569987655175,97.60133361816406
2018-12-10,104.2147096128908,105.0521736147268,102.93599633517496,104.54788970947266,2188900,0.0,0,0.002937092714421885,1.5040405040417106,100.88015365600586,105.6538056145739,96.10650169743782,101.70680361082124,101.52220797265485,96.52670075281243,97.71569987655175,97.86505889892578
2018-12-11,105.12419820453084,105.51141285363556,104.45783120499894,104.58390045166016,1732600,0.0,0,0.000344442554388813,1.504558559594827,101.11743469238282,106.12884010156759,96.10602928319804,102.56228402224002,101.52220797265485,96.55596378175852,97.71569987655175,97.85597229003906
2018-12-12,105.12420150261794,105.82658929041186,103.96255751885916,103.98957824707033,2173400,0.0,0,-0.005682731300163502,1.4960085575752886,101.37632827758789,106.41975292745988,96.3329036277159,103.08007188070545,101.53121594847372,96.55596378175852,97.71569987655175,99.29275512695312
2018-12-13,104.35788274685564,105.33998370682548,103.6849531106574,104.62159729003906,2153400,1.125,0,0.0060777152251461075,1.5051008715626129,101.62404899597168,106.79384247668976,96.45425551525359,103.08007188070545,101.53121594847372,96.88239489322295,97.71569987655175,100.27484893798828
2018-12-14,104.12142998627044,104.73979334143202,103.38485265800692,104.16690063476562,2231100,0.0,0,-0.00434610698986837,1.4985595421442577,101.86614418029785,107.0360990366502,96.6961893239455,103.08007188070545,101.53121594847372,96.9139094001426,97.71569987655175,101.76620483398438
2018-12-17,104.16691849258572,104.3669713418587,100.81138664351424,100.85685729980467,2837500,0.0,0,-0.03177634464297607,1.4509407976650612,101.92967987060547,107.01564184941883,96.84371789179211,103.35500971072796,101.53121594847372,97.1367813281058,97.71569987655175,103.3939437866211
2018-12-18,101.36609221655578,102.49369369166772,99.98386478707212,100.5931396484375,2091500,0.0,0,-0.0026147716518991615,1.4471469187987427,101.91114196777343,107.01390685024109,96.80837708530578,102.9412487825069,101.53121594847372,97.32813515916806,97.71569987655175,104.01229858398438
2018-12-19,101.17511215261024,102.53005281483895,100.14753379060768,100.26575469970705,2324300,0.0,0,-0.003254545487640925,1.4424371133242129,101.86948089599609,107.01197167402213,96.72699011797005,102.93224705326361,101.53121594847372,97.74236564405426,97.71569987655175,104.62159729003906
2018-12-20,100.08388662377205,101.22058352596042,99.32912515348288,100.02932739257812,3422400,0.0,0,-0.0023580065580418585,1.4390358371514314,101.93486404418945,106.9457648250358,96.92396326334311,102.57785722194737,101.53121594847372,98.17010009873641,97.71569987655175,105.00350952148438
2018-12-21,98.5288809434564,101.10236426056368,96.49192214381544,96.57376098632812,4839300,0.0,0,-0.034545532758489705,1.389323577498476,101.83467330932618,107.18264420511474,96.48670241353761,101.15925571711365,101.19527746087857,98.17010009873641,97.71569987655175,106.44939422607422
2018-12-24,96.61923198287349,96.90113058078308,94.45496368408205,94.45496368408205,1501100,0.0,0,-0.021939678859002276,1.3588422643769194,101.69653015136718,107.63160902612246,95.76145127661191,100.14077648724695,100.17679823101187,98.17010009873641,97.55512230566765,106.37663269042967
2018-12-26,94.5913643683786,97.88324102543577,93.8547870113792,97.8741455078125,2234500,0.0,0,0.036199069803958484,1.4080310903576685,101.7099853515625,107.60861530527264,95.81135539785235,99.59738535910233,99.87670989466045,98.37946855149039,97.55512230566765,106.9768295288086
2018-12-27,97.42857116471257,98.10149383544922,94.95511742186156,98.10149383544922,1690600,0.0,0,0.002322863984734136,1.4113017550668463,101.64070663452148,107.67461810794742,95.60679516109553,99.29729017640561,99.87670989466045,98.37946855149039,97.55512230566765,108.41361236572266
2018-12-28,99.08358192595868,99.3382008890712,97.69226620763207,98.3197250366211,1575600,0.0,0,0.002224545138302725,1.4144412595247584,101.50849800109863,107.71129737399202,95.30569862820523,99.11087917661895,99.87670989466045,98.97830674725617,97.73561952387158,106.7221908569336
2018-12-31,98.6652866964721,98.8107872236104,97.01025635843224,98.78350067138672,1375800,0.0,0,0.004717015172620576,1.4211132004067173,101.35985641479492,107.67446936301225,95.04524346657759,98.19241991310908,99.87670989466045,98.97830674725617,97.73561952387158,107.55880737304688
2019-01-02,97.86506027147784,97.86506027147784,95.62804157118477,96.34642791748048,2127700,0.0,0,-0.024670848242293042,1.3860531323043639,101.00381355285644,107.60272775788785,94.40489934782504,98.19241991310908,99.87670989466045,98.93778083815576,97.73561952387158,107.6406478881836
2019-01-03,96.22821273391364,98.8016961871499,96.22821273391364,96.8283920288086,2288000,0.0,0,0.005002407683872834,1.3929867351436593,100.72589874267578,107.53557458294762,93.91622290240394,97.5376852686698,99.87670989466045,98.77794402147791,97.73561952387158,107.7042999267578
2019-01-04,97.5740744256518,99.00176559726468,97.1830503754471,98.27427673339844,1591300,0.0,0,0.014932445683489837,1.413787433904014,100.46174621582031,107.2207271060642,93.70276532557642,97.47857563597144,99.87670989466045,98.77344228241162,97.73561952387158,106.74038696289062
2019-01-07,98.59254095432388,99.75651747342198,98.3742970914548,98.7562255859375,1431300,0.0,0,0.004904120066398621,1.4207208172282448,100.11047897338867,106.43905894875027,93.78189899802706,96.80565224240058,99.87670989466045,98.77344228241162,97.73561952387158,107.7042999267578
2019-01-08,99.54737298656384,99.6655869714814,97.61043694775763,97.79231262207033,3250600,0.0,0,-0.009760528596026385,1.4068538310647185,99.7880084991455,105.89261045965314,93.68340653863787,96.80565224240058,99.87670989466045,98.77344228241162,97.73561952387158,107.98619842529295
2019-01-09,97.62862088582308,97.79230551187965,94.96420315703097,96.09180450439452,3213600,0.0,0,-0.017388975391630423,1.3823900844167132,99.36520423889161,105.25796938066958,93.47243909711364,97.35581744764177,99.87670989466045,98.77344228241162,97.73561952387158,109.2411117553711
2019-01-10,96.04632739502048,97.41036344260704,95.58255319624412,97.16483306884766,2277000,0.0,0,0.011166702196794276,1.397826822809196,98.99425086975097,104.43856617042913,93.54993556907282,97.36036031522647,99.87670989466045,99.30022978184446,98.26240702330443,109.25930786132812
2019-01-11,96.94661016938672,97.9559976175009,96.32824675016224,97.64681243896484,1482700,0.0,0,0.004960430177198605,1.4047606451635564,98.6771125793457,103.63247913072098,93.72174602797043,97.36036031522647,99.87670989466045,99.47582949552111,98.43800673698108,108.74095916748048
2019-01-14,97.11938690046348,97.4649402639585,94.7732428098807,96.7738265991211,1989200,0.0,0,-0.008940238990283622,1.3922017492716492,98.2847240447998,102.47050024072044,94.09894784887916,97.26488014165133,99.87670989466045,99.69869810823191,98.46952151862962,108.5409164428711
2019-01-15,97.03753441415954,98.07420137090423,96.75563581966574,97.6649932861328,1271800,0.0,0,0.009208757350304131,1.4050221973633608,97.95962867736816,101.1494945771214,94.76976277761491,97.26488014165133,99.86770816541714,101.09897750588215,99.45557043139365,109.00469207763672
2019-01-16,97.43764900494207,98.08329194102704,96.8647493897418,97.60133361816406,1483500,0.0,0,-0.0006518166420411697,1.404106380512682,97.79685249328614,100.69459143487657,94.8991135516957,97.26488014165133,99.84068815089553,101.52671196056428,99.45557043139365,107.45877838134766
2019-01-17,97.49221898518228,98.2197077770564,97.08301087590768,97.86505889892578,1488500,0.0,0,0.0027020663651324828,1.4079003691365333,97.66044845581055,100.2569130204358,95.0639838911853,97.26488014165133,99.84068815089553,101.61450579173805,99.45557043139365,107.45877838134766
2019-01-18,98.41977650196324,98.52889497418552,97.2103292239482,97.85597229003906,1907600,0.0,0,-9.28483463755736e-05,1.4077696479153974,97.53995933532715,99.84609597013294,95.23382270052137,97.21941489068105,99.84068815089553,102.04224599744744,99.45557043139365,107.5951919555664
2019-01-22,97.8650640218886,99.3109392256706,97.76503413432344,99.29275512695312,2322300,0.0,0,0.014682627981617014,1.428439405939551,97.5031307220459,99.6666944462824,95.33956699780938,97.04209101777565,99.59738535910233,102.30564391458958,99.45557043139365,107.98619842529295
2019-01-23,99.76561095573464,100.3021354909066,99.09268834520704,100.27484893798828,2558000,0.0,0,0.009890890929348028,1.4425679443028818,97.68818511962891,100.1215358948953,95.25483434436252,97.53768915039365,99.29729017640561,102.30564391458958,99.45557043139365,108.42269897460938
2019-01-24,100.74772189954156,102.64827581307938,99.64740011730692,101.76620483398438,2990300,0.0,0,0.01487268155266297,1.4640227979565783,98.05374717712402,100.6285539300864,95.47894042416165,98.71075931148005,99.11087917661895,102.30564391458958,99.45557043139365,108.67732238769533
2019-01-25,102.52096142919538,104.366956022925,102.12084885152969,103.3939437866211,2449500,0.0,0,0.01599488705795915,1.487439677260171,98.32973709106446,101.80552036440501,94.8539538177239,99.57009941640285,99.1108715171521,102.44311282960084,99.45557043139365,108.74095916748048
2019-01-28,103.38484668564804,104.20326280850816,102.53004849581596,104.01229858398438,2026900,0.0,0,0.005980570763790771,1.4963354155068955,98.62527732849121,102.89685055785286,94.35370409912956,100.56129592129537,99.1108715171521,102.23623236549031,99.45557043139365,109.74126434326172
2019-01-29,103.71223966713684,104.6761565273018,103.70314414831036,104.62159729003906,1788000,0.0,0,0.0058579486690482074,1.5051008715626137,98.94037094116212,103.94994901491683,93.9307928674074,100.7704529585218,99.26547176934051,102.23173150086866,99.45557043139365,109.79582214355467
2019-01-30,104.52155116624104,105.73099134413292,104.45789642003622,105.00350952148438,2357800,0.0,0,0.0036504148410825277,1.5105951141214922,99.25137138366699,104.91993337236804,93.58280939496595,101.4070011100203,99.79288917775605,102.05453658521054,99.45557043139365,109.99588012695312
2019-01-31,105.00351902942204,106.5767037300116,103.91228578986892,106.44939422607422,3463200,0.0,0,0.013769870275564422,1.5313958128818466,99.75651969909669,106.07080926401446,93.44223013417891,101.8935164769799,100.2157453706954,101.1772665889961,99.45557043139365,112.34203338623048
2019-02-01,106.59487652585511,106.6403402335686,104.44879248693996,106.37663269042967,1982000,0.0,0,-0.0006835317023037302,1.5303490552949666,100.23393173217774,107.02187392684635,93.44598953750912,102.20268718394601,100.2475636224739,100.1587873591294,99.45557043139365,112.6239242553711
2019-02-04,106.2311565602434,106.9768295288086,105.44910845444969,106.9768295288086,1915100,0.0,0,0.0056421868524976215,1.5389835706144839,100.66905937194824,107.99892626119322,93.33919248270325,103.03475893700781,100.87503616934464,99.73704762688139,99.45557043139365,113.67877960205078
2019-02-05,106.98592123515571,108.43179646476491,106.7585818389645,108.41361236572266,2352900,0.0,0,0.013430785369528353,1.5596533286386374,101.1519287109375,109.16262345458993,93.14123396728506,104.03959829103592,101.60251963732281,99.58700003553304,99.45557043139365,113.7934799194336
2019-02-06,108.58637640404665,108.60456050038891,106.54941072137136,106.7221908569336,2007700,0.0,0,-0.015601560282699767,1.5353203032117684,101.59842262268066,109.80552048231503,93.39132476304628,105.3627046759593,101.6889016551348,99.4937945356397,99.45557043139365,114.72945404052734
2019-02-07,106.14021184853814,107.69521238990671,106.14021184853814,107.55880737304688,1521400,0.0,0,0.007839199227410942,1.5473559849465344,102.17177276611328,110.36196202135058,93.98158351087598,105.56730449810243,101.6889016551348,99.03456490388476,99.45557043139365,114.3899383544922
2019-02-08,107.36783786782075,107.87707583879455,106.80403373006618,107.6406478881836,2113500,0.0,0,0.0007608908757501531,1.5485333539970176,102.69556350708008,110.87775052054496,94.5133764936152,106.15385232434963,101.6889016551348,99.03456490388476,99.45557043139365,114.3073501586914
2019-02-11,107.69520440954852,108.17716275393852,107.24052567893958,107.7042999267578,1233400,0.0,0,0.0005913383078139933,1.5494490610901637,103.19843788146973,111.31288238914598,95.08399337379348,106.25842314512892,101.6889016551348,98.70719758166513,99.45557043139365,115.39933013916016
2019-02-12,107.66793555118396,107.8043405715621,106.20386933734348,106.74038696289062,2072700,0.0,0,-0.008949623780319493,1.5355820749266373,103.6967658996582,111.37993339069365,96.01359840862276,106.25842314512892,101.6889016551348,98.67764276531594,99.45557043139365,115.9865951538086
2019-02-13,106.87678130688306,107.75885915431992,106.42210257627411,107.7042999267578,1538900,0.0,0,0.009030442846364117,1.5494490610901637,104.19873123168945,111.54061570117018,96.85684676220872,106.52667649366444,101.6889016551348,98.34118106853052,99.45557043139365,115.16072845458984
2019-02-14,107.72248392922852,108.32266318327451,107.14959122678655,107.98619842529295,1168100,0.0,0,0.002617337457528235,1.5535044921562868,104.7179744720459,111.56727860991155,97.86867033418024,107.0268344774193,101.6889016551348,98.34118106853052,99.45557043139365,114.9588394165039
2019-02-15,108.84099918124558,109.30476650156244,108.14988555270588,109.2411117553711,1861000,0.0,0,0.011621052952857758,1.5715578501221374,105.28677711486816,111.63074185236724,98.94281237736908,107.7224891750503,102.03900465572157,98.6162636711511,99.45557043139365,115.19743347167967
2019-02-19,109.33205812830828,109.63214083836864,108.76825396598304,109.25930786132812,1602600,0.0,0,0.00016656829708749932,1.5718196218370069,105.85694389343261,111.42091520018931,100.29297258667592,107.8861763434534,102.20269182412467,98.61853510494346,99.45557043139365,115.9682388305664
2019-02-20,109.4775364387306,109.4775364387306,108.24990534069828,108.74095916748048,2355300,0.0,0,-0.004744206273991192,1.5643625853255052,106.32935409545898,111.1277894947216,101.53091869619637,107.8861763434534,102.20269182412467,98.61853510494346,99.45557043139365,116.74821472167967
2019-02-21,108.3135770580524,109.06834548073388,107.63155890359629,108.5409164428711,1782700,0.0,0,-0.0018396262654009066,1.5614847428249299,106.74265747070312,110.7315755752638,102.75373936614244,107.91800508785606,103.1938883290172,98.57079501815589,99.83827809351817,117.45476531982422
2019-02-22,108.831911922928,109.33206135084924,107.93164989051728,109.00469207763672,1290000,0.0,0,0.004272818490617114,1.5681566837068888,107.10458183288574,110.48231765292108,103.7268460128504,107.91800508785606,103.24844511405522,98.56629415353424,99.87670989466045,116.23433685302734
2019-02-25,109.17746356963674,109.2411183196531,107.24963003322851,107.45877838134766,2104000,0.0,0,-0.0141820839711011,1.5459169539387143,107.30782356262208,110.22047079890817,104.39517632633599,107.91800508785606,103.35757585713816,98.55278414627344,99.87670989466045,117.79429626464844
2019-02-26,107.65883814935547,108.04986216741236,107.07684988124952,107.45877838134766,1251900,0.0,0,0.0,1.5459169539387143,107.48014755249024,109.96453137574221,104.99576372923826,108.02712170732138,103.42123503115842,98.55278414627344,99.87670989466045,117.803466796875
2019-02-27,107.4042276903314,107.94984086783828,106.42211980811022,107.5951919555664,1097000,0.0,0,0.001269450260588778,1.5478794186187403,107.6288272857666,109.73436654369851,105.5232880278347,108.02713032323943,103.69858748634604,98.53005152078829,99.87670989466045,117.64746856689452
2019-02-28,107.6497336673114,109.12289525082237,107.16777532334244,107.98619842529295,2215100,0.0,0,0.0036340515093651327,1.553504492156287,107.77796173095703,109.50296335292286,106.0529601089912,108.02713032323943,104.36241459178784,98.31973818843899,99.87670989466045,118.4641571044922
2019-03-01,108.07713868057232,108.55000847098708,106.75857306615458,108.42269897460938,1462100,0.0,0,0.0040421883137076176,1.5597840498597735,107.87662696838379,109.50862862532728,106.2446253114403,108.02713032323943,104.63977047783777,98.41748966339964,99.87670989466045,117.9227523803711
2019-03-04,108.80463188925118,108.92284587273949,107.16778552946508,108.67732238769533,1647700,0.0,0,0.002348432712836024,1.563447097747424,107.99166145324708,109.50315796352245,106.4801649429717,107.94982812342042,105.87649484494916,98.91081924404949,99.87670989466045,119.13400268554688
2019-03-05,108.6773044272224,109.39569760319009,108.513619818295,108.74095916748048,1272700,0.0,0,0.0005855571188819741,1.5643625853255054,108.07986793518066,109.54903316884757,106.61070270151374,107.90890870565016,106.0810946670923,99.34048546677748,99.87670989466045,119.51941680908205
2019-03-06,108.99559146421352,110.23231823012476,108.75915656953563,109.74126434326172,1884200,0.0,0,0.009198973261221433,1.57875311491877,108.14625053405761,109.78215916550096,106.51034190261427,108.32721901911749,106.96773118921756,99.83608371922374,99.87670989466045,118.12461853027344
2019-03-07,109.6685126491203,110.668804507325,109.37751852786351,109.79582214355467,1615000,0.0,0,0.000497149368739791,1.5795379910332477,108.29993209838867,109.94942791708152,106.65043627969581,108.54546215771762,107.29054514859696,100.01796236393116,99.87670989466045,118.25308990478516
2019-03-08,109.77763627399574,110.56877284265892,109.2956779188683,109.99588012695312,1133800,0.0,0,0.001822091036732587,1.582416053048888,108.42178573608399,110.19132879563622,106.65224267653176,108.54546215771762,107.29054514859696,100.59994514388818,99.87670989466045,116.90420532226562
2019-03-11,110.19594899741033,112.41478365584922,110.12319872779156,112.34203338623048,1564800,0.0,0,0.0213294648542246,1.616168140637155,108.65685501098633,111.08415358320968,106.22955643876298,109.41845173197973,108.43178807139459,101.05463092383765,100.2157453706954,114.34404754638672
2019-03-12,112.50571027876444,113.12407365225896,112.02375191695272,112.6239242553711,1766200,0.0,0,0.002509219929921258,1.6202234619457456,108.902836227417,111.84318105518116,105.96249139965283,109.94132335920676,109.28659105335433,101.22512540320996,100.2475636224739,113.94029998779295
2019-03-13,112.9694818834176,114.26986334686076,112.76942212937296,113.67877960205078,2509400,0.0,0,0.009366174670737193,1.635398757895956,109.249755859375,112.68855462412183,105.81095709462817,110.51421820650768,110.20503759769946,101.95489755317622,100.41580827009389,112.51800537109376
2019-03-14,113.9035892793472,114.1238220008733,113.05020673576956,113.7934799194336,1660400,1.125,0,0.001008986178285376,1.637048852638658,109.5542148590088,113.44547028680834,105.66295943120925,110.71882443816293,110.20503759769946,102.82105896417937,101.14329173807207,112.4813003540039
2019-03-15,114.24311899146274,114.8303922960898,113.83019485568902,114.72945404052734,3155000,0.0,0,0.008225199912652581,1.6505139067183894,109.89137763977051,114.31860234692779,105.46415293261323,111.67200605719239,110.48530207231397,103.52580316554705,101.22967375588405,113.26126098632812
2019-03-18,114.83956793722793,115.24331394993251,113.82101429001544,114.3899383544922,1865200,0.0,0,-0.002959272218929998,1.64562958676728,110.14881896972656,114.97981632986254,105.31782160959058,112.00123525973407,110.723591643638,103.62810307661861,101.22967375588405,112.97681427001952
2019-03-19,114.4266376404488,114.92215079681404,113.72925497669026,114.3073501586914,2166900,0.0,0,-0.0007219882883829909,1.6444414614786176,110.40122108459472,115.54101484009699,105.26142732909246,112.2694959344004,110.723591643638,103.92137698974221,101.22967375588405,112.55470275878906
2019-03-20,114.32571465654355,115.71131605658915,113.4906881710094,115.39933013916016,2154500,0.0,0,0.00955301631043648,1.660150837581681,110.73413963317871,116.25345775604215,105.21482151031528,112.50349698772872,110.95759269696632,103.97366240013186,101.22967375588405,113.7934799194336
2019-03-21,114.97721955137578,116.65645051687792,114.85792506143304,115.9865951538086,2587900,0.0,0,0.005088981140014104,1.6685993138837127,111.10642356872559,116.98076662834983,105.23208050910135,113.38982462233474,111.53927654657602,103.97366240013186,101.22967375588405,113.4172592163086
2019-03-22,115.94987822956575,117.16113023287885,115.1515503406902,115.16072845458984,1917600,0.0,0,-0.00712036333270738,1.6567182805121545,111.41422538757324,117.46030925508637,105.3681415200601,114.59244107491578,111.79162502049454,104.10778907439962,101.22967375588405,115.41767120361328
2019-03-25,115.23412679667258,115.59199619038252,114.75696293782671,114.9588394165039,2186500,0.0,0,-0.0017531066431690778,1.653813876688729,111.78922843933105,117.73594704179499,105.84250983686712,114.9652761811259,111.79162502049454,104.35786806627705,101.22967375588405,114.19723510742188
2019-03-26,115.31672094852296,116.4362128111356,114.45416726817604,115.19743347167967,1496400,0.0,0,0.0020754737642341148,1.6572463240007227,112.17616119384766,117.94807811266645,106.40424427502887,115.10566848432421,111.79162502049454,104.88074691538594,101.57977675647082,113.81183624267578
2019-03-27,115.1332124058931,115.98659506016602,114.2706516368204,115.9682388305664,1673100,0.0,0,0.006691167812139076,1.6683352372606621,112.59481353759766,118.1868367070222,107.00279036817312,115.32590920194411,111.79162502049454,105.04443408378904,101.74346392487392,114.5092315673828
2019-03-28,116.24352343275424,116.76656394998146,115.58283920028826,116.74821472167967,2477500,0.0,0,0.006725771633497413,1.679556079074594,113.032914352417,118.48159657179409,107.5842321330399,115.32590920194411,111.79162502049454,105.04443408378904,101.74346392487392,114.49085998535156
2019-03-29,116.74820457757096,117.6382855902966,116.09669151543991,117.45476531982422,2609500,0.0,0,0.006051917794451134,1.6897206143963241,113.48451766967773,118.82487684010263,108.14415849925282,115.56448688065299,112.03020269920341,105.55594670843664,101.74346392487392,113.07775115966795
2019-04-01,117.79428017652496,117.79428017652496,115.63788546433132,116.23433685302734,1810600,0.0,0,-0.010390625390751085,1.6721633604771022,113.86236839294433,118.84218106251363,108.88255572337503,115.64248417376717,112.1081999923176,105.58322510095564,101.74346392487392,113.51820373535156
2019-04-02,116.23435272809664,117.98700167877774,115.96824339523066,117.79429626464844,1203100,0.0,0,0.013420813968195944,1.6946051538624989,114.31503524780274,118.98328965730462,109.64678083830086,116.12882665779907,112.20456074344398,105.6377904724971,101.74346392487392,113.81183624267578
2019-04-03,117.78511056882532,118.13380889327168,116.5738585489874,117.803466796875,1466500,0.0,0,7.785209061350606e-05,1.6947370824164916,114.7181453704834,119.11885996521563,110.31743077575116,116.20223026504604,112.27796435069095,105.7241783692399,101.74346392487392,115.3259048461914
2019-04-04,118.07873489390258,118.142974688335,116.83078447584028,117.64746856689452,966000,0.0,0,-0.0013242244411147963,1.692492870150692,115.1107276916504,119.05776818221116,111.16368720108963,116.2068131625777,112.45077387724479,105.86285890479274,101.74346392487392,115.8948211669922
2019-04-05,117.65665104901896,118.55591024607764,117.02349416476838,118.4641571044922,962800,0.0,0,0.006941828392451166,1.7042418652107252,115.53414154052734,118.97481981750025,112.09346326355444,116.41328094144902,112.65724165611611,106.19477245751364,101.74346392487392,116.43621063232422
2019-04-08,118.33569052001958,118.702731086707,117.46394467116176,117.9227523803711,1625700,0.0,0,-0.004570198593010333,1.6964531414361899,115.81317749023438,119.071517085474,112.55483789499476,116.4866913617637,112.93525830808605,106.3334504005386,101.74346392487392,116.75738525390624
2019-04-09,117.95945615655056,119.17988625343092,117.711696091336,119.13400268554688,1608000,0.0,0,0.010271557275637333,1.7138783570438865,116.13868141174316,119.35761139314654,112.91975143033979,117.38136272685959,113.84675303586296,106.9131614841848,101.74346392487392,117.02349090576172
2019-04-10,119.4368347759178,119.61118395817635,118.99636926230636,119.51941680908205,1534100,0.0,0,0.0032351311535503413,1.719422978310155,116.43071327209472,119.76299054824379,113.09843599594565,117.62453471125383,114.185170263856,106.99500168637124,101.74346392487392,116.76657104492188
2019-04-11,119.63869223886472,119.84056873334356,117.77593422301818,118.12461853027344,1873500,0.0,0,-0.011670055929377865,1.6993572159870178,116.64727020263672,119.82348622047633,113.47105418479711,117.73922709883743,114.56812332610593,107.64747510416753,102.04355262075198,113.31631469726562
2019-04-12,117.7484126455882,118.33568593053155,116.45457159538972,118.25308990478516,1799600,0.0,0,0.001087591867894977,1.701205423075774,116.82345199584961,119.94443733087836,113.70246666082086,117.90440606428712,114.56812332610593,107.91800365315729,102.26179575935211,114.74781036376952
2019-04-15,118.2347518751072,118.46415572895746,116.5371577559352,116.90420532226562,2395900,0.0,0,-0.011406759718546211,1.681800181582861,116.94916534423828,119.86131176336131,114.03701892511525,118.14757016436664,114.98188373056756,107.91800365315729,102.26179575935211,116.19763946533205
2019-04-16,116.84913349247591,117.01430453294276,113.49984311771158,114.34404754638672,3001700,0.0,0,-0.021899620880373005,1.6449693952096538,116.95100021362305,119.8564522997594,114.0455481274867,116.67020592552757,115.93216032514815,108.92511990168717,103.13478533361422,117.17030334472656
2019-04-17,116.7390296954969,116.7390296954969,112.80245887749602,113.94029998779295,3250000,0.0,0,-0.003530988864374196,1.6391610265929322,116.87804870605468,120.00311395109604,113.75298346101333,116.32151380541978,116.30499543135826,109.61395720628055,103.48943033181908,117.2987823486328
2019-04-18,111.71967743503022,113.72925744600217,109.939501279161,112.51800537109376,2748500,0.0,0,-0.012482805617078152,1.6186996981228823,116.70461921691894,120.35528273586377,113.05395569797412,114.89003500625228,114.89003500625228,110.35962790210357,104.52155307837073,115.72966003417967
2019-04-22,112.50882769658784,112.59140972433973,110.7653569908197,112.4813003540039,2050400,0.0,0,-0.00032621460866466556,1.6181716546343134,116.57064781188964,120.61776568609163,112.52352993768766,114.89003500625228,114.89003500625228,110.46193101793119,104.52155307837073,115.169921875
2019-04-23,112.94926813224194,113.63747963292832,112.07753636504562,113.26126098632812,1879800,0.0,0,0.006934135984110412,1.6293922769331808,116.48576889038085,120.7330202333499,112.2385175474118,114.89003500625228,114.89003500625228,111.07865406475318,104.80181755298526,117.17030334472656
2019-04-24,113.49985478512308,114.1146554430632,112.48130109768192,112.97681427001952,2045700,0.0,0,-0.0025114210616368204,1.6253001868512225,116.37473793029785,120.86285645384957,111.88661940674614,114.89003500625228,114.89003500625228,111.36241345168604,105.00827837990661,119.2991714477539
2019-04-25,112.90339407324096,113.00433232231777,111.99495683239944,112.55470275878906,1405100,0.0,0,-0.00373626671948446,1.6192276318539183,116.20406112670898,120.9938924279969,111.41422982542106,114.20182850405922,114.89003500625228,111.4965437890192,105.00827837990661,120.96923828125
2019-04-26,113.32549413725243,114.42662974148516,112.90339192226826,113.7934799194336,1644500,0.0,0,0.011006000906948366,1.6370488526386584,116.05632438659669,120.95216525336849,111.16048351982488,114.20182850405922,114.89003500625228,111.73054484234751,105.24227943323493,120.99674987792967
2019-04-29,113.78430676734094,114.07794340799686,113.13280068966216,113.4172592163086,1330200,0.0,0,-0.0033061709984734122,1.6316364891989803,115.8544490814209,120.83613869215468,110.87275947068711,113.47690290605188,114.89003500625228,112.46455058445538,105.71484666337932,123.48350524902344
2019-04-30,113.49068014170771,115.55531492250304,112.62811937079222,115.41767120361328,2061500,0.0,0,0.01763763294164522,1.6604146946896665,115.8136157989502,120.79557150927728,110.83166008862311,113.33926548732894,114.89003500625228,113.19203304770517,105.96718652137977,123.92395782470705
2019-05-01,115.28002157251944,116.2618697823312,114.1238311951822,114.19723510742188,1481400,0.0,0,-0.010574083530401346,1.6428573310129122,115.63376274108887,120.5758399286672,110.69168555351055,113.10068553074609,114.89003500625228,113.37845060081023,105.96718652137977,124.0799560546875
2019-05-02,114.27064393985717,114.96803359981082,113.57325427990352,113.81183624267578,1223300,0.0,0,-0.0033748528533423805,1.6373129292617088,115.4341812133789,120.33136123817738,110.53700118858043,113.51361338657546,114.89003500625228,113.44864675240937,105.96718652137977,123.61197662353516
2019-05-03,114.17888944900228,114.90380648651237,113.95866370369863,114.5092315673828,772300,0.0,0,0.00612761684311991,1.6473457555445108,115.27726936340332,120.07990766254652,110.47463106426012,114.12841330736532,114.89003500625228,113.55876711121932,105.96718652137977,124.70392608642578
2019-05-06,114.04123044040216,114.80285283347408,113.25208070796488,114.49085998535156,1172800,0.0,0,-0.00016043756280403887,1.6470814594063956,115.07860450744629,119.658701658861,110.49850735603157,114.12841330736532,114.89003500625228,113.55876711121932,105.96718652137977,123.96065521240234
2019-05-07,114.36240714554162,114.54593442984503,112.28860133928842,113.07775115966795,1171900,0.0,0,-0.012342547045802621,1.626752279005403,114.83635444641114,119.29885167189936,110.37385722092291,114.12841330736532,114.89003500625228,113.7973447899282,107.19696070498117,122.6513214111328
2019-05-08,113.19703973578504,114.60099022021166,112.89422496440083,113.51820373535156,1273300,0.0,0,0.0038951303078329502,1.6330886911106932,114.55556449890136,118.58197361332951,110.52915538447321,114.27523556080982,114.89003500625228,113.87534208304238,107.32951478313339,123.3545913696289
2019-05-09,113.4631449131239,114.52757513014276,112.61894043051414,113.81183624267578,1191500,0.0,0,0.0025866556874769575,1.637312929261709,114.27018547058105,117.58870359341273,110.95166734774938,114.27523556080982,114.89003500625228,114.16669370062152,107.53500627734272,125.83445739746094
2019-05-10,113.79348879385654,115.74800709409412,113.50902325657974,115.3259048461914,1352000,0.0,0,0.01330326136103488,1.6590945310894791,114.13024978637695,116.98592254618539,111.27457702656851,114.27523556080982,114.89003500625228,114.2400973078685,107.67206905860994,125.88069152832033
2019-05-13,114.51839814601058,116.07834143611662,114.4174598977373,115.8948211669922,1710000,0.0,0,0.004933118205832088,1.6672790405259932,114.0123363494873,116.31264615495505,111.71202654401955,114.27523556080982,114.89003500625228,114.32879351991124,107.95400441132922,126.4173812866211
2019-05-14,116.06916309394832,117.50064779352932,116.01410841348928,116.43621063232422,1717100,0.0,0,0.004671386174813996,1.6750675447854635,113.98893661499024,116.17667889191522,111.80119433806526,114.89462456640888,114.89003500625228,114.53526129878256,108.82429929564233,126.69498443603516
2019-05-15,116.37198845383725,117.44559682582238,115.89483151101614,116.75738525390624,1083700,0.0,0,0.002758374047367562,1.6796880076285874,114.1096035003662,116.60989992336496,111.60930707736745,114.89462456640888,114.89003500625228,114.71097483492488,109.17506560200695,125.64012145996094
2019-05-16,116.64727223199824,117.5190110629842,116.61056677587622,117.02349090576172,1396200,0.0,0,0.002279133360830299,1.6835162406025603,114.26376304626464,117.06845974926054,111.45906634326874,114.90380620113632,114.89003500625228,115.61405788136128,110.6503675524803,125.05716705322266
2019-05-17,116.5830507473526,117.31713893848028,116.44540702375036,116.76657104492188,1817400,0.0,0,-0.0021954554495963174,1.6798201556976455,114.47619132995605,117.3630862427565,111.58929641715561,114.90380620113632,114.89003500625228,115.9048524875549,111.07061622699615,123.29904174804688
2019-05-20,115.67458580608732,115.7021131457435,112.49963761683492,113.31631469726562,3521200,0.0,0,-0.02954832292136833,1.6301842872872683,114.51794204711913,117.30980352265993,111.72608057157834,115.00932433990957,114.20182850405922,116.15367521247168,111.77185644082695,120.71743774414062
2019-05-21,113.83019494942783,114.97721421735496,112.81164127944056,114.74781036376952,1541700,0.0,0,0.012632741104652512,1.6507779833414409,114.5922695159912,117.32421510312247,111.86032392885994,115.00932433990957,114.20182850405922,116.23626469519652,111.87642726160624,120.7266616821289
2019-05-22,114.94051080585936,116.31693395186312,114.94051080585936,116.19763946533205,1224800,0.0,0,0.012634917363271159,1.6716354267460674,114.75331077575683,117.4647838397467,112.04183771176696,115.00932433990957,113.72925617107259,116.56472694746711,111.87642726160624,120.61563873291016
2019-05-23,116.03245529863672,117.2345361375825,115.63788042799337,117.17030334472656,1472300,0.0,0,0.008370771419024425,1.685628304799302,114.98409080505371,117.69342991208116,112.27475169802626,115.00932433990957,113.72925617107259,116.30118312533786,112.14468061014176,120.40280151367188
2019-05-24,118.96883515392982,118.9780202693377,117.19784409104837,117.2987823486328,2023600,0.0,0,0.001096515074542781,1.6874766216455903,115.15935592651367,117.99007622644257,112.32863562658477,115.7388289430863,114.45876077424936,116.31325461838902,112.64483859389662,123.29904174804688
2019-05-28,117.49147297084389,118.39991728309198,115.72966003417967,115.72966003417967,1492100,0.0,0,-0.013377140691788414,1.6649030094637334,115.27497596740723,117.99730153805234,112.55265039676212,115.7388289430863,114.8716886300787,114.89003500625228,112.99039029094085,124.47421264648438
2019-05-29,115.78472257184065,116.6013997962052,114.87628519883354,115.169921875,1423900,0.0,0,-0.004836600738430952,1.656850538338745,115.26258850097656,117.98445375556173,112.5407232463914,115.7388289430863,115.48648855086857,114.89003500625228,112.99039029094085,124.20587158203124
2019-05-30,115.5185929557893,117.30794004309688,114.93131970657812,117.17030334472656,2377300,0.0,0,0.017368957425339504,1.6856283047993015,115.4112419128418,118.20866115065547,112.61382267502813,115.7388289430863,115.48648855086857,114.89003500625228,112.99039029094085,125.00164031982422
2019-05-31,117.1703110303606,121.03346396947204,116.95925641093336,119.2991714477539,3175500,0.0,0,0.018169007353032063,1.716254497863679,115.6856086730957,118.85739433270932,112.51382301348208,116.76655079315347,116.51421040093574,114.89003500625228,113.02221903534351,125.2144775390625
2019-06-03,119.39093869374088,121.18028590001585,118.68437092449912,120.96923828125,2616300,0.0,0,0.013998980992315557,1.7402803119572485,116.00860900878907,119.88198062401486,112.13523739356327,116.9959635897282,116.73444361965213,114.54593175515575,113.02221903534351,125.91770935058594
2019-06-04,120.66640782116504,121.08851700546904,119.36339581995394,120.99674987792967,2141200,0.0,0,0.0002274263860015946,1.7406760976192266,116.33390350341797,120.70884799938902,111.95895900744692,118.0282855494247,116.73444361965213,114.54593175515575,113.02221903534351,124.18737030029295
2019-06-05,121.56567851258492,123.55690215605055,120.38196086340916,123.48350524902344,1943300,0.0,0,0.020552249325726413,1.7764509067728294,116.85419120788575,121.97640252057946,111.73197989519204,119.21659367744205,117.92275174766948,114.18346895615207,113.13133565480884,122.6235809326172
2019-06-06,123.694553983492,124.19924523450494,122.73105505004894,123.92395782470705,1266600,0.0,0,0.003566894013863342,1.7827873188781194,117.37447891235351,123.11886943236723,111.63008839233979,119.53776521666924,118.24392328689669,114.1146502467906,113.13134427072688,123.24351501464844
2019-06-07,124.58464732725054,125.15356439721258,123.9331342296328,124.0799560546875,1348200,0.0,0,0.001258822206123611,1.7850315311439187,117.8878849029541,124.0892552363803,111.6865145695279,120.01492479802306,118.7210828682505,113.99536026849918,113.13134427072688,122.8086395263672
2019-06-10,124.3460577417524,124.52040690792391,123.11645646686873,123.61197662353516,1467200,0.0,0,-0.00377159571966712,1.7782991138615853,118.30218849182128,124.86424244681575,111.74013453682682,120.01492479802306,118.7210828682505,114.20182419641387,113.13134427072688,121.79078674316406
2019-06-11,123.65784510033262,125.04345330238829,122.72188748235958,124.70392608642578,2524400,0.0,0,0.008833686611259273,1.7940080509345186,118.74264373779297,125.77047836941867,111.71480910616728,120.04244205189535,118.7210828682505,114.5092241568088,113.13134427072688,117.3955078125
2019-06-12,124.87827056937036,125.99776242500728,123.8230185095368,123.96065521240234,1756600,0.0,0,-0.005960284470180266,1.7833152526091554,119.11886596679688,126.41596524484827,111.82176668874548,121.47850941797032,119.14318188214784,114.5092241568088,113.13134427072688,116.10931396484376
2019-06-13,123.21576787811632,123.90049649364104,122.15164008270531,122.6513214111328,1925300,1.125,0,-0.010562495003160866,1.7644789941644106,119.4135627746582,126.78186726980638,112.04525827951002,122.3410666747532,119.24870002092109,114.5092241568088,113.13134427072688,116.97911071777344
2019-06-14,122.9196891898612,123.70621801351356,122.61433143900616,123.3545913696289,1417600,0.0,0,0.005733896303805164,1.7745963337471917,119.73011779785156,127.20487842105248,112.25535717465064,122.68057912248061,119.24870002092109,114.58263528353105,113.13134427072688,118.1635284423828
2019-06-17,123.68770505531268,125.85295365886036,123.45637471426828,125.83445739746094,1541300,0.0,0,0.020103556748862106,1.810272031849001,120.18351211547852,127.98089671552069,112.38612751543636,123.18986164420822,119.24870002092109,114.58263528353105,113.13134427072688,119.56078338623048
2019-06-18,126.50066916562486,127.00033640786056,125.36251390843698,125.88069152832033,1889200,0.0,0,0.0003674202743477739,1.8109371624955872,120.81173095703124,128.31046372721232,113.31299818685017,124.57598824528293,119.74998701234773,114.58263528353105,113.13134427072688,119.80135345458984
2019-06-19,125.14969572608696,126.72273898529424,124.71479362063864,126.4173812866211,1599500,0.0,0,0.004263479583602514,1.8186580561150743,121.39520950317383,128.7282187030147,114.06220030333297,124.57598824528293,119.74998701234773,114.58263528353105,113.29957089974907,120.82844543457033
2019-06-20,126.76901183068806,127.5555405445036,126.24157193851678,126.69498443603516,1659400,0.0,0,0.002195925485789507,1.8226516936904338,121.92007675170899,129.19166138579575,114.64849211762223,124.85359031360446,120.02758908066926,114.89232978633058,113.29957089974907,120.43981170654295
2019-06-21,126.53768422532482,126.6949871475982,125.10343342670238,125.64012145996094,2477800,0.0,0,-0.008326004227947825,1.8074762879826909,122.3435676574707,129.4419683784069,115.24516693653452,124.85359031360446,120.02758908066926,114.89232978633058,113.50417713140432,122.77161407470705
2019-06-24,126.01024685510411,126.19532240905902,124.89061599780216,125.05716705322266,1444300,0.0,0,-0.004639874587546111,1.799089824686488,122.73148689270019,129.52279981420477,115.9401739711956,124.85359031360446,120.02758908066926,114.8969206036943,114.17709427581929,123.30831146240234
2019-06-25,125.36250393422176,125.69562010896892,123.24352473880236,123.29904174804688,1936800,0.0,0,-0.014058572943904446,1.7737971891534967,123.10995597839356,129.08451674335964,117.13539521342749,124.85359031360446,120.02758908066926,114.8969206036943,114.2998626514396,123.84500122070312
2019-06-26,123.14177532786248,123.4934019829492,120.18999776151055,120.71743774414062,2049100,0.0,0,-0.020937745884364478,1.7366578743566008,123.38733177185058,128.26531882863608,118.50934471506507,123.87276915300708,120.18359091197209,114.6055764219844,114.56812332610593,125.13119506835938
2019-06-27,121.20783267383034,122.1146435233865,120.59711727504946,120.7266616821289,2153300,0.0,0,7.640932545172063e-05,1.7367905712133207,123.56514968872071,127.72247024334311,119.40782913409831,123.87276915300708,121.21591287166856,114.6055764219844,114.56812332610593,123.18801879882812
2019-06-28,120.56010759396229,121.30036746782388,120.20849509632214,120.61563873291016,3630700,0.0,0,-0.0009196224568113198,1.7351933796012549,123.63097305297852,127.54826865040367,119.71367745555337,123.87276915300708,121.21591287166856,114.36929025549108,114.89003500625228,126.12128448486328
2019-07-01,121.06903397078077,121.14306136815756,117.36774881763468,120.40280151367188,2247100,0.0,0,-0.001764590574441005,1.732131473718778,123.6026512145996,127.60471539669179,119.60058703250742,122.46164468106915,121.21591287166856,114.36929025549108,114.89003500625228,127.9256820678711
2019-07-02,120.85619450632768,123.49336539968274,120.50456795540566,123.29904174804688,1915400,0.0,0,0.02405459173677227,1.773797189153497,123.71776580810547,127.53988002292232,119.89565159328862,122.46164468106915,121.21591287166856,115.09879485866783,114.89003500625228,130.414794921875
2019-07-03,123.6136565824498,124.73330145475089,123.47486404919316,124.47421264648438,946800,0.0,0,0.009531062705571358,1.7907033613902852,123.76730117797851,127.60178081174857,119.93282154420845,122.03136798261644,121.21591287166856,115.3052587865825,114.89003500625228,130.6923828125
2019-07-05,123.68769392381148,124.77031812815255,121.87407212004229,124.20587158203124,849200,0.0,0,-0.002155796439662905,1.7868429694593075,123.78139686584473,127.6201933629416,119.94260036874785,121.78153561334685,121.24343012554087,115.61265874697744,114.89003500625228,130.9329376220703
2019-07-08,124.23362201230437,125.36251503113778,123.78022365048656,125.00164031982422,1105800,0.0,0,0.0064068528134550995,1.7982910093653903,123.82748107910156,127.70185932311533,119.95310283508779,121.5316844633018,122.25739847771848,115.61265874697744,114.89003500625228,131.34933471679688
2019-07-09,124.46495547108384,125.42729747182396,124.32616293217022,125.2144775390625,1393100,0.0,0,0.0017026754104483288,1.8013529152478671,123.90760612487793,127.82735347573137,119.98785877402449,121.39752314472932,122.46164468106915,116.64038059704461,115.48648262431652,128.5641326904297
2019-07-10,125.36251098833976,126.10277076490772,124.87209188671068,125.91770935058594,1058500,0.0,0,0.005616218071141654,1.8114697060429858,123.96829528808594,127.97307510870715,119.96351546746473,121.7352597912712,122.46164468106915,116.86520360469017,115.55989358958843,131.77500915527344
2019-07-11,125.86219949191153,126.4266460152072,123.98379849718424,124.18737030029295,1404500,0.0,0,-0.013741824396402369,1.7865768074431405,123.97963104248046,127.98555588438201,119.97370620057892,121.89719741642094,122.46164468106915,117.3813645845384,115.55989358958843,132.24691772460938
2019-07-12,124.70555382880823,124.7795812260978,121.90183145814686,122.6235809326172,2130300,0.0,0,-0.0125921771585501,1.7640799157764597,123.97824401855469,127.98604668138755,119.97044135572183,121.89719741642094,122.46164468106915,118.56967271255576,116.74820171760578,134.0420379638672
2019-07-15,122.88264036375274,124.1318153310322,122.39222132841444,123.24351501464844,1660500,0.0,0,0.005055586187552974,1.7729983738323989,123.97269020080566,127.98428148447655,119.96109891713476,123.46560698530644,122.46164468106915,118.89084425178297,117.06937325683296,133.7181854248047
2019-07-16,123.37308606327578,124.04856663391,122.75312250950438,122.8086395263672,1202000,0.0,0,-0.0035285871895941456,1.7667421944833226,123.82139930725097,127.76772058591868,119.87507802858326,124.15035906762475,122.46164468106915,119.36800383313678,117.54653283818678,134.3289031982422
2019-07-17,123.0954931835962,123.25279611254946,121.15231277787672,121.79078674316406,1640700,0.0,0,-0.008288120340137817,1.7520992225654457,123.61690406799316,127.53871882513936,119.69508931084697,123.78947939654196,122.46164468106915,119.36800383313678,117.54653283818678,135.19869995117188
2019-07-18,115.95200188305007,118.99631665783612,114.61954410308807,117.3955078125,5462200,0.0,0,-0.03608876375791015,1.6888681276418633,123.1658103942871,127.7262897706353,118.60533101793891,120.52309505914764,121.08754232379584,119.38176246007293,117.54653283818678,135.41151428222656
2019-07-19,118.00621829823464,118.75572625428715,115.85947327306565,116.10931396484376,4059100,0.0,0,-0.010956073802334099,1.6703647637930092,122.63652687072754,127.85329868140234,117.41975506005274,120.52309505914764,121.08754232379584,120.31084565005908,117.96863185208414,136.56814575195312
2019-07-22,116.10931354342526,117.53430205578398,115.32278483329938,116.97911071777344,1912000,0.0,0,0.007491188460497122,1.6828777810363564,122.20347633361817,127.78054053187462,116.62641213536172,120.52309505914764,121.08754232379584,120.79488334783714,117.96863185208414,135.1616973876953
2019-07-23,117.0901593939849,118.20054214193328,116.27587918279885,118.1635284423828,1951000,0.0,0,0.010125036148264988,1.6999169794024616,121.85879440307617,127.54004870581029,116.17754010034206,120.52309505914764,121.08754232379584,120.96463957170084,117.96863185208414,135.51327514648438
2019-07-24,118.3115938581318,119.62554854170426,117.66387170697412,119.56078338623048,2105800,0.0,0,0.011824756439369422,1.7200180836510441,121.67188148498535,127.39758702507726,115.94617594489344,119.69956266459295,121.08754232379584,121.21928083256466,117.96863185208414,135.0506134033203
2019-07-25,119.55151274265378,119.92164974538925,117.76564229739378,119.80135345458984,1746500,0.0,0,0.0020121151898295775,1.72347895816394,121.6260772705078,127.39655979569787,115.85559474531775,119.37567971706014,121.08754232379584,122.16298762881533,118.46991884351078,134.3289031982422
2019-07-26,120.2825093086722,121.115292750914,119.69030429836484,120.82844543457033,2143500,0.0,0,0.008573291956754048,1.7382548464536018,121.63116645812988,127.3986129708621,115.86371994539766,119.33405536849904,121.08754232379584,122.16298762881533,118.46991884351078,136.5589141845703
2019-07-29,121.43916030453948,122.58654956502052,120.06967475212883,120.43981170654295,2386800,0.0,0,-0.003216409237325024,1.7326639075086434,121.62237510681152,127.39659213067283,115.8481580829502,118.93617010781877,120.65726562534314,122.44058969713686,118.7475209118323,137.9376678466797
2019-07-30,120.60636578415466,122.92893110884592,120.34727696917992,122.77161407470705,1785600,0.0,0,0.019360727446549264,1.7662095411783914,121.74081573486328,127.50719835540377,115.97443311432278,118.77423760596699,120.52309505914764,122.44058969713686,118.7475209118323,136.0869903564453
2019-07-31,123.15100853557932,124.19662612365995,121.5594547686512,123.30831146240234,3278100,0.0,0,0.004371510399535206,1.773930544555411,121.74127922058105,127.50816971774991,115.97438872341219,119.75970547847967,120.52309505914764,122.44058969713686,118.7475209118323,135.50405883789062
2019-08-01,124.5760129652284,125.39028612006511,123.55815387257908,123.84500122070312,2102200,0.0,0,0.0043524216002619465,1.7816514381748985,121.70981864929199,127.42276050480378,115.9968767937802,120.35653547668224,120.52309505914764,122.44058969713686,118.7475209118323,132.7650909423828
2019-08-02,123.87275753938198,125.78817940186303,123.09549103835306,125.13119506835938,1449900,0.0,0,0.010385512818269715,1.8001548020237526,121.7560848236084,127.56436722801278,115.94780241920402,121.03202929233095,120.52309505914764,122.02818003248959,118.7475209118323,128.91575622558594
2019-08-05,124.7703101815966,125.09417825699808,122.24418719902154,123.18801879882812,1835500,0.0,0,-0.015529111413582264,1.7721999975414306,121.6654037475586,127.32116888839971,116.00963860671749,121.72602555441858,120.52309505914764,122.54434101233782,118.7475209118323,128.3050537109375
2019-08-06,123.26204531785974,126.37112516642398,123.08623202784597,126.12128448486328,1834900,0.0,0,0.023811290372526495,1.8143983662810803,121.71074409484864,127.49408649088876,115.92740169880851,122.06838373190888,120.52309505914764,122.54434101233782,118.7475209118323,129.49449157714844
2019-08-07,125.5198408080312,128.88801010023673,123.61368100520116,127.9256820678711,2498300,0.0,0,0.014306844323523915,1.8403566812483199,121.81114273071289,127.94608255867638,115.6762029027494,124.28915719930077,121.7537771016624,121.83877877636886,118.7475209118323,127.28353881835938
2019-08-08,127.8238922863551,130.609104500951,126.82454352182812,130.414794921875,1713800,0.0,0,0.019457491363487955,1.8761654054794463,122.122513961792,129.26887079747758,114.9761571261064,125.33938962653991,122.61432430201953,121.83877877636886,118.7475209118323,128.7015380859375
2019-08-09,130.44254211322882,131.27532561842307,128.90650539812796,130.6923828125,1632500,0.0,0,0.0021284999971920016,1.880158823539741,122.52595405578613,130.60127453785765,114.45063357371463,125.81130129380149,122.94743486075558,121.6236404271425,119.16044876766165,132.91819763183594
2019-08-12,130.99771687730015,131.52514257021875,129.9891061324564,130.9329376220703,904900,0.0,0,0.001840618438454955,1.8836194785375722,122.91042518615723,131.7873148726015,114.03353549971294,126.54229866943497,123.0723433366534,121.51248286944386,119.77524868845151,131.11770629882812
2019-08-13,130.5443098326392,131.61768575770296,128.8694808064223,131.34933471679688,1762800,0.0,0,0.003180231821640289,1.8896098251430788,123.33745994567872,132.95300040006296,113.72191949129447,126.93093647836224,123.11861493039552,121.89454147051015,119.77524868845151,131.76141357421875
2019-08-14,131.0069801488249,131.2198000762323,128.4901052984442,128.5641326904297,1693400,0.0,0,-0.021204538510776416,1.8495415208354908,123.67612724304199,133.5267399265489,113.82551455953507,126.93093647836224,123.11861493039552,121.92958391289923,119.77524868845151,131.1457061767578
2019-08-15,128.65666678656362,132.14513202596967,128.33281280452502,131.77500915527344,1222500,0.0,0,0.024974900834708214,1.8957336369080326,124.39510231018066,134.40662670311113,114.38357791725021,127.1946596124956,123.38233806452888,122.09845223617017,119.92207094189601,131.947998046875
2019-08-16,132.63555097401186,132.86688129765258,131.14578312499438,132.24691772460938,1637000,0.0,0,0.0035811689360603083,1.9025225793195724,125.20198249816895,135.0092195500041,115.39474544633377,127.97655666274927,123.74321270037032,122.17942104874504,119.92207094189601,132.7969207763672
2019-08-19,132.92239302949372,134.2363616404808,131.87678960933673,134.0420379638672,1090800,0.0,0,0.013574004371095905,1.9283474291273648,126.05512886047363,135.8207747942158,116.28948292673148,128.92502132284096,124.42795287178444,122.17942104874504,119.92207094189601,130.68858337402344
2019-08-20,134.63425865945024,134.75455495511738,133.0982218043295,133.7181854248047,1434500,0.0,0,-0.002416052038464178,1.9236884413903546,126.83286170959472,136.43510688663196,117.23061653255749,130.78954923847274,124.68704952910272,122.96362583318779,119.92207094189601,132.47039794921875
2019-08-21,134.4769580078444,134.8378327816974,133.74594620998587,134.3289031982422,1201300,0.0,0,0.004567200575578578,1.9324743123471064,127.5712677001953,137.0931901730321,118.04934522735851,131.5853227931112,124.72868844239272,123.30600187434695,119.92207094189601,128.6175537109375
2019-08-22,134.39367491307544,135.3930236427553,133.3388091627383,135.19869995117188,893300,0.0,0,0.006475127334629072,1.9449873295904536,128.3411350250244,137.71272500012577,118.96954504992306,131.86291822364018,125.0062838729217,123.12556203880555,119.92207094189601,129.6810760498047
2019-08-23,135.5595690773552,136.83651697659553,134.94885363691137,135.41151428222656,1751200,0.0,0,0.0015740856319739205,1.9480489062003332,129.07028846740724,138.2557436726999,119.88483326211458,132.58466489056028,126.07965090494746,120.80531869147174,119.92207094189601,127.61005401611328
2019-08-26,136.02220965963355,136.86425529853477,135.4577631908326,136.56814575195312,980800,0.0,0,0.008541603539828246,1.9646883676332925,129.87670516967773,138.71126403520194,121.04214630415353,132.5985340515299,126.09352006591708,120.80531869147174,119.92207094189601,127.3395004272461
2019-08-27,136.98456747115625,137.59528295537464,135.1246766266184,135.1616973876953,1690700,0.0,0,-0.010298509630586317,1.94445500555812,130.49620933532714,138.97782901493844,122.01458965571584,132.96404787994982,126.93558106908674,120.80531869147174,120.02758908066926,128.12313842773438
2019-08-28,135.26343449078496,136.8364916895859,134.99509757857433,135.51327514648438,1447600,0.0,0,0.002601164128477995,1.9495128521680172,131.10645751953126,139.1733626534548,123.0395523856077,134.3705330401845,127.62957733117437,120.80531869147174,120.02758908066926,128.6642303466797
2019-08-29,136.17025816074948,136.71619422792253,134.19007154685565,135.0506134033203,1396400,0.0,0,-0.0034141433203790372,1.9428569358857946,131.6667381286621,139.16938369608187,124.16409256124236,134.73603628235568,127.68046262638421,120.3935524941944,120.02758908066926,128.2164306640625
2019-08-30,135.42078976995367,135.42078976995367,133.59790551966745,134.3289031982422,2003500,0.0,0,-0.005343997978911719,1.9324743123471062,132.12662353515626,139.0714927384086,125.18175433190392,135.3467523798521,128.64279362686975,120.23161102042799,120.02758908066926,127.88059997558594
2019-09-03,134.2548591483781,136.5774245632966,134.04203921051294,136.5589141845703,1361400,0.0,0,0.01660112554508908,1.9645555610190402,132.79516830444337,138.64676755762335,126.94356905126337,135.46704605905649,128.83247885375175,120.21079884614744,120.02758908066926,128.03916931152344
2019-09-04,136.94756717162844,138.30779075888938,136.7439953341279,137.9376678466797,1361400,0.0,0,0.010096401764339458,1.9843905032514557,133.38598747253417,138.78700172879613,127.98497321627221,135.82329996081384,129.32753386403465,119.79671786658096,120.02758908066926,128.94407653808594
2019-09-05,138.19672148066337,138.2429762434355,135.18942769789075,136.0869903564453,1273000,0.0,0,-0.013416766566558436,1.9577663990924354,133.7940528869629,138.68735281217982,128.90075296174598,135.95284813927842,129.9336227637703,119.64866633255731,120.02758908066926,127.5074234008789
2019-09-06,136.05924316847376,136.73473791031037,135.0228877892921,135.50405883789062,977700,0.0,0,-0.004283521275823987,1.9493802650688297,134.04851608276368,138.73518757601175,129.3618445895156,135.95284813927842,130.27598897895547,120.14140026881365,120.02758908066926,126.99435424804688
2019-09-09,135.3097244171765,135.37450368288117,132.45048510139964,132.7650909423828,1631600,0.0,0,-0.020213179730538933,1.9099770914078278,134.15215148925782,138.62172788207232,129.68257509644332,135.3791379301445,130.27598897895547,120.43981526791494,120.02758908066926,125.61366271972656
2019-09-10,131.70096795171366,131.72872645814198,127.90714538799382,128.91575622558594,2363800,0.0,0,-0.028993575716883324,1.8546000259905824,134.0512924194336,138.88705727226355,129.21552756660364,133.1074680734416,130.27598897895547,120.77756217573929,120.18359091197209,125.65099334716795
2019-09-11,128.68443882920718,129.93361410158062,127.61106274208036,128.3050537109375,2205900,0.0,0,-0.004737221675058745,1.8458143745488953,133.89907836914062,139.2367724251121,128.56138431316916,132.95942675048488,130.6970113933677,121.12456030678311,121.08754232379584,130.21278381347656
2019-09-12,129.13066495395003,130.60463323722894,127.85260988382812,129.49449157714844,1699100,1.125,0,0.009270389838974324,1.8629257933713461,133.94559631347656,139.1079732749906,128.78321935196252,132.95942675048488,130.96073588204527,121.29573939552826,121.08754232379584,134.3921661376953
2019-09-13,129.3079088068555,130.29677012305618,126.56520939186898,127.28353881835938,2276800,0.0,0,-0.017073720525570435,1.8311187190154472,133.72102279663085,139.59191425534382,127.85013133791787,132.43650007537917,132.43650007537917,123.02146715048158,121.7537771016624,133.7298126220703
2019-09-16,126.98500930176752,129.25193988686726,126.74246297460562,128.7015380859375,1693800,0.0,0,0.011140476457067061,1.8515182539947337,133.54375381469725,139.78836333725994,127.29914429213457,132.43650007537917,132.43650007537917,123.97685696427972,122.61432430201953,131.81739807128906
2019-09-17,129.58778687154734,133.0581397089353,129.58778687154734,132.91819763183594,2057600,0.0,0,0.032763085885445076,1.9121797055688325,133.4875617980957,139.73346441566113,127.24165918053028,132.40409281765224,132.43650007537917,124.37936807727854,122.94743486075558,131.44418334960938
2019-09-18,133.39396041860152,133.65516850761423,129.4478250496685,131.11770629882812,2550800,0.0,0,-0.013545860274113197,1.8862775864582022,133.35753784179687,139.68744462985197,127.02763105374177,131.64997365108968,132.43650007537917,124.8073210030442,123.0723433366534,132.19989013671875
2019-09-19,131.53751480747445,132.3864482839253,131.12704085249715,131.76141357421875,1599800,0.0,0,0.004909384808208683,1.8955380489852247,133.2291633605957,139.57939191718123,126.87893480401016,130.96985653737508,132.43650007537917,125.02477570437888,123.11861493039552,131.53750610351562
2019-09-20,132.16255307959494,132.5077178988686,130.1661686186632,131.1457061767578,2333900,0.0,0,-0.004672896113960712,1.886680396602257,133.026513671875,139.3710145704007,126.6820127733493,130.1101889497416,132.43650007537917,125.02477570437888,123.11861493039552,130.04486083984375
2019-09-23,131.27631593415418,132.65698950595794,129.67174357985166,131.947998046875,1295700,0.0,0,0.006117561096783852,1.8982222791985757,132.85333786010742,139.11564615130567,126.59102956890915,130.1101889497416,132.43650007537917,125.28849883851224,123.38233806452888,129.6903839111328
2019-09-24,132.34912324781038,133.31933699157588,132.11590070639406,132.7969207763672,1289700,0.0,0,0.006433767408813518,1.9104349998331671,132.66477661132814,138.6883300911123,126.64122313154398,130.1101889497416,132.43650007537917,125.8598846815598,123.74321270037032,129.9049530029297
2019-09-25,133.235383843189,133.235383843189,130.60462667322227,130.68858337402344,1512000,0.0,0,-0.015876402781162646,1.8801041642885854,132.44112091064454,138.40852939245113,126.47371242883796,130.1101889497416,132.43650007537917,126.6764870973127,124.42795287178444,129.47581481933594
2019-09-26,130.63260326142304,132.91818122415555,130.61394147315838,132.47039794921875,1158400,0.0,0,0.013634049196905362,1.9057375969598027,132.28897705078126,138.0862386266854,126.4917154748771,130.1988157411099,132.43650007537917,127.73829938378773,124.68704952910272,128.19776916503906
2019-09-27,132.22784808260968,132.4517325966665,127.36748439154272,128.6175537109375,2696500,0.0,0,-0.029084567555675345,1.850310043077635,131.96732406616212,137.8301924669475,126.10445566537675,130.51132644957846,132.43650007537917,128.15700561775196,124.72868844239272,125.47374725341795
2019-09-30,129.13999796524774,130.4367291533459,128.89745161069865,129.6810760498047,2530100,0.0,0,0.008268873945911137,1.8656100235846973,131.73493270874025,137.57308706069244,125.89677835678805,130.51132644957846,132.43650007537917,128.43460104828094,125.0062838729217,122.82431030273438
2019-10-01,129.56912928080197,129.84899920929692,127.50743551682432,127.61005401611328,2234000,0.0,0,-0.015970117589832578,1.8358160121312794,131.2874897003174,136.94518587768675,125.62979352294805,130.3434106915593,132.43650007537917,129.33215789775386,125.7280305398418,124.9233169555664
2019-10-02,127.74997435453872,128.08581536461688,126.15472599797398,127.3395004272461,1981100,0.0,0,-0.0021201588773955837,1.8319237905158943,130.7575813293457,135.76594089990354,125.74922175878785,129.73703149477493,132.23125837843168,129.34602705872348,125.74189970081142,123.05754089355467
2019-10-03,127.69401690125964,128.81348230982303,127.208910004798,128.12313842773438,2433300,0.0,0,0.006153927083576205,1.8431973159453976,130.35938873291016,134.84303007328944,125.87574739253088,129.73703149477493,132.23125837843168,129.9498144745183,126.10741352923137,122.03135681152344
2019-10-04,128.29107991514118,129.21463221537076,128.09516668597874,128.6642303466797,2126700,0.0,0,0.004223217801135215,1.850981539661103,130.01739730834962,133.8722142037442,126.16258041295505,129.73703149477493,132.23125837843168,131.00005518567946,126.10741352923137,122.31124877929688
2019-10-07,128.22575444149257,128.7575086852751,126.60253461262944,128.2164306640625,1673500,0.0,0,-0.003480374315461332,1.8445394310520733,129.7899642944336,133.50207267671487,126.0778559121523,129.6950549205815,132.23125837843168,131.20824945436993,126.10741352923137,121.89141845703124
2019-10-08,128.11382254318772,128.73885731618742,126.79844384556742,127.88059997558594,2297600,0.0,0,-0.0026192484593215992,1.8397081239891322,129.7382064819336,133.52654531868365,125.94986764518353,129.53645361106476,132.23125837843168,131.99477300336093,126.10741352923137,122.55377960205078
2019-10-09,128.1417877943881,128.56158550255313,127.3395017196572,128.03916931152344,1475300,0.0,0,0.0012399796057240842,1.8419893245433636,129.72491226196288,133.53531643220995,125.91450809171582,129.30322929732023,132.23125837843168,132.14976245640412,126.10741352923137,124.6994171142578
2019-10-10,127.432799063501,129.13065171949074,126.68648410310792,128.94407653808594,2212600,0.0,0,0.0070674250030537955,1.8550074459509995,129.69739151000977,133.52213438233372,125.87264863768583,128.29572757565995,132.19885112070475,132.57541691242426,126.46366743098872,125.6416244506836
2019-10-11,128.95340603172343,129.2985850791373,127.40481914611544,127.5074234008789,1851800,0.0,0,-0.011141676110904442,1.8343395538048974,129.70858573913574,133.50592028658846,125.91125119168304,128.00186260363546,131.44473195414218,132.94323545152434,126.46366743098872,126.81710815429688
2019-10-14,127.75931685072516,127.80596421016574,126.5652184698794,126.99435424804688,938000,0.0,0,-0.004023837508024597,1.8269584695058443,129.62322654724122,133.58236494928423,125.6640881451982,127.72665553855563,130.76461484042758,133.11441855911693,126.46366743098872,125.3058090209961
2019-10-15,127.0783072012074,127.28354418886428,124.54084465815438,125.61366271972656,1894100,0.0,0,-0.010872070152217361,1.807095648860189,129.25799980163575,133.28177359649627,125.23422600677522,126.91971486864584,129.0980065828843,132.82756345455,126.46366743098872,127.7033233642578
2019-10-16,125.14722462747469,125.7256262772994,124.52218985174672,125.65099334716795,2266500,0.0,0,0.0002971860435649898,1.8076326924664172,128.98466415405272,133.2060319084457,124.76329639965974,126.910387465442,129.08867917968047,131.69172852619852,126.46366743098872,126.35997772216795
2019-10-17,126.42525281014346,131.406881837145,126.42525281014346,130.21278381347656,2355400,0.0,0,0.03630524793150336,1.8732592455355015,128.90723266601563,132.97438271192084,124.84008262011042,127.96453584444586,129.08867917968047,131.8282190719263,126.46366743098872,123.44004821777344
2019-10-18,131.0244317908568,135.25976146582457,130.68859073396408,134.3921661376953,3120000,0.0,0,0.03209655919963672,1.9333844218060985,129.0695556640625,133.70688304698746,124.43222828113754,129.89097565878564,129.89097565878564,131.96008131626508,126.46366743098872,122.57243347167967
2019-10-21,134.38283289928503,134.38283289928503,131.83604670076042,133.7298126220703,1570600,0.0,0,-0.0049285128341957085,1.923855711869793,129.15864639282228,134.07684038854225,124.2404523971023,129.89097565878564,129.89097565878564,132.43650007537917,126.46366743098872,125.3897705078125
2019-10-22,133.4779416140308,134.12163817825305,131.5655137125117,131.81739807128906,1323500,0.0,0,-0.014300584987626208,1.896343449758269,129.10967025756835,133.8983873766735,124.32095313846321,129.89097565878564,129.89097565878564,132.43650007537917,126.46366743098872,124.8020477294922
2019-10-23,131.53747803503177,132.55432462619171,130.57660256121707,131.44418334960938,1301500,0.0,0,-0.0028313009294710367,1.890974330786372,129.14745025634767,133.9975957202934,124.29730479240195,129.89097565878564,129.89097565878564,132.4202964465157,126.46366743098872,124.69011688232422
2019-10-24,131.78007811561122,132.37712733578326,130.6046414669283,132.19989013671875,1657700,0.0,0,0.005749260011752577,1.9018460338896126,129.13392486572266,133.94791249424972,124.3199372371956,129.89097565878564,129.89097565878564,132.04323686323443,126.46366743098872,122.16195678710938
2019-10-25,132.0039511606203,132.31180660648218,130.84716229448227,131.53750610351562,2028100,0.0,0,-0.005010473401438564,1.8923168849231773,129.27992248535156,134.19952208646694,124.36032288423618,129.89097565878564,129.89097565878564,131.70317830637714,126.46366743098872,125.14720916748048
2019-10-28,131.5095049785456,131.76138926531553,129.36385512278474,130.04486083984375,2219900,0.0,0,-0.011347677996093486,1.8708434822464983,129.29811172485353,134.22628506227156,124.36993838743548,129.89097565878564,129.89097565878564,131.27334451256039,126.46366743098872,125.50169372558594
2019-10-29,130.02622491192312,130.97776255185144,129.3545429103425,129.6903839111328,1345000,0.0,0,-0.0027258049754652625,1.865743927774274,129.4021282196045,134.2701983290143,124.53405811019466,130.842507137984,129.89097565878564,131.27334451256039,126.46366743098872,125.94017791748048
2019-10-30,129.86764366034072,130.79119579585125,129.43850792931056,129.9049530029297,1959200,0.0,0,0.0016544718685072013,1.8688307486166147,129.53040084838867,134.30768973289543,124.7531119638819,132.30715218808353,129.89097565878564,131.27334451256039,126.46366743098872,126.36930084228516
2019-10-31,129.97025968399836,130.36207183024376,128.8881037173547,129.47581481933594,2397800,0.0,0,-0.0033034782252227,1.862657106931933,129.59803466796876,134.33134010755708,124.86472922838044,131.63546830831987,129.89097565878564,131.27334451256039,126.46366743098872,126.76112365722656
2019-11-01,130.194153617251,130.36208125479578,127.04098019622688,128.19776916503906,2545300,0.0,0,-0.009870921886687478,1.8442709641277246,129.57471160888673,134.3309827422192,124.81844047555427,130.58130918723998,129.89097565878564,131.31765790824454,126.46366743098872,125.00728607177734
2019-11-04,128.06718118797787,128.06718118797787,125.45508546139752,125.47374725341795,1626900,0.0,0,-0.02124859059063855,1.8050828054727723,129.43757743835448,134.4945970871776,124.38055778953137,129.00470504379462,129.89097565878564,131.47391326247882,126.46366743098872,125.57635498046876
2019-11-05,125.03525521837072,125.2871395235612,121.1451053260859,122.82431030273438,3104000,0.0,0,-0.021115468444028673,1.7669676364549534,129.1847629547119,134.98714716809292,123.38237874133091,126.76111633093458,128.20243339595524,131.47391326247882,126.46366743098872,124.24915313720705
2019-11-06,123.29075927732256,125.19384882180373,123.2441119252752,124.9233169555664,2315300,0.0,0,0.017089504900605235,1.7971642385373612,129.02897033691406,135.10975228107904,122.94818839274906,126.72845596628403,128.20243339595524,131.38995538346924,126.81528779609438,124.8892059326172
2019-11-07,124.20499177171742,124.83002645282308,122.65639073417418,123.05754089355467,2122900,0.0,0,-0.014935370813723758,1.7703229242216423,128.7346435546875,135.3553543596138,122.11393274976118,126.45324729570072,128.20243339595524,130.9841449366033,126.81528779609438,126.60232543945312
2019-11-08,121.81679606527868,124.13035962438518,121.72350135746416,122.03135681152344,2279700,0.0,0,-0.008339058903500174,1.7555600970783414,128.46084022521973,135.6934978894265,121.22818256101293,126.06143393896866,128.20243339595524,130.9841449366033,127.29183497084412,125.33158111572266
2019-11-11,122.0593644105477,123.14152058353726,121.98473147777844,122.31124877929688,1878400,0.0,0,0.0022936069473171727,1.759586661913433,128.22668495178223,135.92740515779346,120.52596474577102,125.96815056096858,128.20243339595524,130.9841449366033,127.98583123293176,129.14381408691406
2019-11-12,122.31121613639164,122.61907156386198,121.53691567968252,121.89141845703124,2657400,0.0,0,-0.0034324751521684904,1.7535469244183282,128.04057273864746,136.15817666727074,119.92296881002419,125.75359329044085,128.20243339595524,130.96315664950657,128.0367165281416,131.70408630371094
2019-11-13,122.22727657669029,123.12284318686292,121.96606846249205,122.55377960205078,1799100,0.0,0,0.005434026065198605,1.7630757441121663,127.88571205139161,136.29587790613962,119.47554619664358,125.75359329044085,128.20243339595524,130.88385599474822,128.9990475286271,133.6619415283203
2019-11-14,122.9735789818106,124.93263963767824,122.58175261586392,124.6994171142578,2384200,0.0,0,0.017507722072499066,1.7939431842328466,127.61004371643067,136.05879536244436,119.16129207041699,124.60614325703187,128.20243339595524,130.76724383787595,129.1887327555091,132.3253631591797
2019-11-15,125.10056075108524,125.6976098106026,124.49417368086188,125.6416244506836,1732900,0.0,0,0.007555827911869706,1.8074979102165816,127.17251663208008,135.05227384962316,119.292759414537,123.42135756834425,128.20243339595524,130.24728934818233,129.32753386403465,131.81704711914062
2019-11-18,125.7349520027953,128.09516329499846,125.68830464139371,126.81710815429688,1795400,0.0,0,0.009355846111928301,1.8244085825121998,126.8268814086914,134.10281831806853,119.55094449931428,124.81603948734049,128.20243339595524,129.72329727888882,129.9336227637703,132.3441619873047
2019-11-19,127.09695636137556,127.80594773524231,125.00727734687932,125.3058090209961,2681400,0.0,0,-0.011917154990334633,1.8026668226687053,126.50130195617676,133.4253777389084,119.57722617344513,124.81603948734049,128.20243339595524,129.24563518949162,130.27598897895547,132.7959747314453
2019-11-20,125.29646523305333,127.86191297078092,125.29646523305333,127.7033233642578,1620900,0.0,0,0.01913330564634852,1.8371577979653575,126.31425895690919,132.883397333899,119.74512057991934,124.81603948734049,128.20243339595524,128.00886072576506,130.27598897895547,133.09716796875
2019-11-21,128.01119740083485,129.05602989434038,126.29468280871144,126.35997772216795,2378400,0.0,0,-0.010519269246095586,1.817832240440996,126.02226333618164,132.00601187966762,120.03851479269564,125.29647278701145,128.20243339595524,127.99953332256123,130.27598897895547,133.8031463623047
2019-11-22,126.33199953402509,127.63805446197586,123.44004821777342,123.44004821777344,1996300,0.0,0,-0.023108024843235264,1.7758257278680514,125.61739044189453,131.1255994618241,120.10918142196498,125.29647278701145,128.20243339595524,128.52660751206315,130.6970113933677,133.36074829101562
2019-11-25,123.55197095401856,123.96244488831478,122.19928311401424,122.57243347167967,3021000,0.0,0,-0.007028632592261386,1.7633441012789817,125.24376907348633,130.5056239840489,119.98191416292379,125.51104917841621,127.76396911268546,129.89097565878564,130.96073588204527,134.09495544433594
2019-11-26,123.22545849208235,125.41775607398364,123.22545849208235,125.3897705078125,4903300,0.0,0,0.02298507875168987,1.8038747043132068,125.02873840332032,129.8771073802698,120.18036942637086,125.62765650417731,127.63337175216947,129.89097565878564,131.41499030531804,132.9654083251953
2019-11-27,125.38043508868884,125.92151310381048,124.32627885996992,124.8020477294922,2048600,0.0,0,-0.004687166871269466,1.795419642559229,124.77359313964844,129.06850536211238,120.4786809171845,125.62765650417731,126.84971497613881,129.89097565878564,131.41499030531804,130.71572875976562
2019-11-29,125.00729615772148,125.52971243126424,124.68077886936932,124.69011688232422,859100,0.0,0,-0.0008968670723303873,1.7938093898008025,124.53430824279785,128.24180802646174,120.82680845913396,125.62765650417731,126.76111633093458,129.89097565878564,131.41499030531804,131.2616729736328
2019-12-02,124.49418205694644,125.12855473242423,122.07800009374088,122.16195678710938,2026700,0.0,0,-0.02027554515488006,1.7574389265186485,124.23251762390137,127.66786547509997,120.79716977270277,125.56701499404063,126.72845596628403,129.89097565878564,131.41499030531804,132.01470947265625
2019-12-03,122.35787670162296,125.39909349621072,122.227272648721,125.14720916748048,1953900,0.0,0,0.02443684154121306,1.8003851830843443,124.2161907196045,127.63060098663452,120.80178045257448,125.56701499404063,126.45324729570072,129.89097565878564,131.41499030531804,134.0384521484375
2019-12-04,124.39155232003164,125.96813873734676,124.00906399404244,125.50169372558594,1908600,0.0,0,0.0028325406572276,1.8054848473141007,124.35005989074708,127.74537175983434,120.95474802165981,125.56701499404063,126.06143393896866,129.89097565878564,131.41499030531804,134.87620544433594
2019-12-05,125.30581940955103,126.15473867930662,124.3356056230091,125.94017791748048,1945300,0.0,0,0.003493850790996511,1.8117929419760213,124.40090293884278,127.8595842312441,120.94222164644145,124.85802727785837,125.96815056096858,130.36674139838482,131.41499030531804,133.6149139404297
2019-12-06,125.71626637602785,126.58386158232126,125.2871448959556,126.36930084228516,1532200,0.0,0,0.003407355237228904,1.8179663641456376,124.5664909362793,128.069364606389,121.06361726616957,124.33093083803107,125.75359329044085,131.09906392343458,131.41499030531804,135.591552734375
2019-12-09,126.1080891359695,127.59139535749166,126.07077979164536,126.76112365722656,1579800,0.0,0,0.003100617098692471,1.8236031817391554,124.80297927856445,128.22618587789995,121.37977267922895,124.83469772561628,125.75359329044085,130.76322198355274,131.41499030531804,136.7022705078125
2019-12-10,127.22756928997116,127.73132373173566,124.07439587721186,125.00728607177734,1314500,0.0,0,-0.01383576868718639,1.7983722299393954,124.93778114318847,128.16236842933762,121.71319385703931,124.90466191273828,125.10056761021315,130.2361424230128,131.41499030531804,136.72108459472656
2019-12-11,124.89534909531892,126.2760226560375,124.6248029559582,125.57635498046876,1916600,0.0,0,0.00455228592327539,1.8065589345265578,125.12202796936035,128.03179652560513,122.21225941311556,124.90466191273828,125.10056761021315,129.44784035129013,131.41499030531804,139.50733947753906
2019-12-12,125.8116838131294,125.8775660468867,123.59025898555764,124.24915313720705,2335700,1.2,0,-0.010568883317788158,1.7874656239408389,125.20679664611816,127.90088726650397,122.51270602573236,124.90466191273828,125.29647278701145,127.48177486344491,129.72644804248765,139.95913696289062
2019-12-13,124.23973384867372,125.4728101517922,123.17608129889337,124.8892059326172,2966400,0.0,0,0.005151365456015133,1.7966735126098223,125.21628608703614,127.9044273217726,122.52814485229968,124.97929819022832,125.29647278701145,127.46544468111964,129.72644804248765,140.98512268066406
2019-12-16,125.17157394821552,126.92235761058956,124.74800026726297,126.60232543945312,2026600,0.0,0,0.013717114253734897,1.8213186884589505,125.2643211364746,128.01543388836362,122.5132083845856,125.45370251531452,125.29647278701145,127.32784034582798,129.72644804248765,141.0980682373047
2019-12-17,126.85646636658392,127.10119429836652,125.07744554292135,125.33158111572266,1990500,0.0,0,-0.01003729054201452,1.8030375836132873,125.1900447845459,127.84705775395845,122.53303181513336,125.45370251531452,125.29647278701145,127.13193366746195,129.72644804248765,141.47457885742188
2019-12-18,125.67990519089868,129.47326834469192,125.65166789598231,129.14381408691406,2958100,0.0,0,0.030417177675844176,1.8578808981502775,125.3819450378418,128.555078777441,122.20881129824261,126.32467482179264,125.50509201218722,127.08529197846191,129.72644804248765,142.82061767578125
2019-12-19,128.87083457779715,131.77939053612636,128.85200492898986,131.70408630371094,2640400,0.0,0,0.019824969820651406,1.8947133308864714,125.58198318481445,129.6927997076796,121.47116666194928,127.47773591750986,126.8727294993092,126.97801334319804,129.72644804248765,140.2979736328125
2019-12-20,133.70900846480123,134.0949372360073,132.25001961076765,133.6619415283203,3225900,0.0,0,0.014865561726722376,1.922879308861208,125.94708137512207,131.37271453182973,120.5214482184144,128.63550926745035,128.08646866487408,126.97801334319804,129.72644804248765,142.25584411621094
2019-12-23,133.96319824086228,134.4432466648718,132.13710972012598,132.3253631591797,1035200,0.0,0,-0.009999692910770963,1.9036511062681203,126.39134712219239,132.3574286396046,120.42526560478018,128.80966398188258,128.26062337930634,126.40428832649356,129.72644804248765,141.04159545898438
2019-12-24,132.29710984785876,132.598312441323,131.30876145893816,131.81704711914062,561300,0.0,0,-0.0038414105044063396,1.8963384009117772,126.85357780456543,132.99633699087465,120.71081861825621,128.80966398188258,128.26062337930634,125.81189548214974,129.6940407847607,140.4297637939453
2019-12-26,132.03353742194687,132.46651879464196,131.53465946138195,132.3441619873047,692500,0.0,0,0.0039988368703756105,1.9039215488280523,127.20129737854003,133.75161266821013,120.65098208886994,128.80966398188258,128.26062337930634,126.50923644164786,128.93992161819813,141.61578369140625
2019-12-27,132.8242120229521,133.19131117535397,132.08060607525064,132.7959747314453,863700,0.0,0,0.0034139227401959182,1.9104213898991453,127.60099372863769,134.48759936086276,120.71438809641262,129.59562346606737,128.26062337930634,126.50923644164786,128.25980450448353,141.15457153320312
2019-12-30,132.42886629950036,133.14423490556777,131.72290533567147,133.09716796875,1125000,0.0,0,0.0022680901127747344,1.914754397764809,128.02134628295897,135.17014671963824,120.8725458462797,129.76034610389658,128.26062337930634,126.50923644164786,128.20243339595524,141.662841796875
2019-12-31,133.14425224946342,133.8502133052536,132.306512371105,133.8031463623047,1591300,0.0,0,0.0053042330226023005,1.924910701271606,128.60340576171876,135.64277469169076,121.56403683174676,130.04745728042707,128.26062337930634,126.74945309148335,128.20243339595524,141.65342712402344
2020-01-02,133.97258984821875,134.28321444874064,132.84305498629416,133.36074829101562,1795500,0.0,0,-0.00330633533901481,1.918546300995544,129.01408271789552,136.15771686915468,121.87044856663637,131.6476257969308,128.26062337930634,126.74945309148335,128.20243339595524,143.94073486328125
2020-01-03,132.57949180587022,134.3208537896184,131.8735307512337,134.09495544433594,1254500,0.0,0,0.005505421668136945,1.9291087073723687,129.443745803833,136.72455429295292,122.16293731471306,132.87600406190498,128.26062337930634,126.63750914555084,128.20243339595524,151.57452392578125
2020-01-06,133.79374057156014,134.30202621912923,132.95600068160104,132.9654083251953,1631100,0.0,0,-0.00842348703870155,1.9128588851795714,129.79500732421874,137.04324385478066,122.54677079365685,132.87600406190498,128.26062337930634,126.63051412817339,128.20243339595524,153.62655639648438
2020-01-07,132.72066251297662,133.11599893309477,130.04742708390378,130.71572875976562,1667200,0.0,0,-0.016919284449739114,1.8804946815890073,130.01232872009277,137.09361140971117,122.93104603047435,132.18414043676108,128.26062337930634,126.23868574015806,128.20243339595524,154.2948455810547
2020-01-08,130.84750690812257,131.69466868652424,130.4521704899935,131.2616729736328,2644600,0.0,0,0.004176576293053014,1.8883487110953443,130.2373561859131,137.1740828665135,123.30062950531268,132.18414043676108,128.26062337930634,126.19438641755595,128.20243339595524,156.2244873046875
2020-01-09,131.02636118158168,132.50417979674518,130.99812389007786,132.01470947265625,1534400,0.0,0,0.005736910721644506,1.8991819990622307,130.58772735595704,137.12453531818733,124.05091939372677,132.18414043676108,128.33525965679638,126.14773548016234,128.20243339595524,156.4503936767578
2020-01-10,132.15588953757285,134.18906060438175,131.96763614904896,134.0384521484375,2760400,0.0,0,0.015329675638913631,1.9282958430871182,131.01083221435547,137.28265516314434,124.73900926556661,132.18414043676108,128.80966398188258,126.01013114487068,128.20243339595524,155.876220703125
2020-01-13,134.52793592254503,135.40333509293575,134.27378592303623,134.87620544433594,1743200,0.0,0,0.006250096763059432,1.9403478786942179,131.5421848297119,137.19646006040244,125.8879095990214,132.72538108841977,129.28970819591456,125.81422446650464,128.20243339595524,157.18458557128906
2020-01-14,134.55619549599848,135.05507357142463,132.76776628554444,133.6149139404297,1667100,0.0,0,-0.009351475301006995,1.9222027634312475,131.97847023010254,136.78684050432844,127.17009995587664,132.72538108841977,129.28970819591456,125.41308891941347,128.20243339595524,158.19175720214844
2020-01-15,133.81253193270675,135.95865180891573,133.77487264347613,135.591552734375,1431600,0.0,0,0.014793549130500239,1.950638964450851,132.42793159484864,136.79818363792512,128.05767955177217,133.00303944640976,129.56736655390455,125.04226206423596,128.20243339595524,156.59156799316406
2020-01-16,135.92100535482246,136.7211001542059,135.3280079401428,136.7022705078125,1505500,0.0,0,0.008191644324727188,1.9666179050535866,132.99646606445313,136.35862657670353,129.63430555220273,133.38426361905485,129.94859072654964,125.29414550802856,128.20243339595524,153.44772338867188
2020-01-17,136.96581251874227,137.62472080221806,135.93981953064804,136.72108459472656,2070000,0.0,0,0.00013762819625573464,1.9668885671285834,133.37532958984374,136.61994584978498,130.1307133299025,133.8360739430609,130.40040105055573,125.00261476147571,128.20243339595524,153.13706970214844
2020-01-21,136.78703647721645,139.62969630761603,136.59876868420685,139.50733947753906,1650500,0.0,0,0.020379116294107824,2.006972017975648,133.76549224853517,137.88251442980845,129.64847006726188,135.04093339880478,131.4028888032547,125.00261476147571,128.20243339595524,139.6861572265625
2020-01-22,140.26033954932652,140.4391853175922,139.29082083350008,139.95913696289062,1920100,0.0,0,0.0032385212637813243,2.013471639531676,134.08035202026366,139.01016476022025,129.15053928030707,135.71865460383503,131.80763330824277,125.10056734987486,128.20243339595524,134.87620544433594
2020-01-23,140.37329553428677,141.3898811390907,139.3096429883429,140.98512268066406,1246800,0.0,0,0.007330609062311311,2.0282316129791336,134.5133399963379,140.21962999902897,128.8070499936468,136.67875864406983,133.06894070317685,125.13788548861989,128.20243339595524,147.06581115722656
2020-01-24,141.19220211717487,141.86051819350078,140.49564874945062,141.0980682373047,868100,0.0,0,0.0008011168447641381,2.029856463489374,134.9773910522461,141.22140319093498,128.73337891355723,137.3141422395226,133.46898186821107,125.37508765116299,128.20243339595524,148.84481811523438
2020-01-27,140.56153486937285,141.57812037244227,139.86498155352552,141.47457885742188,1363900,0.0,0,0.0026684321395809008,2.035272997715285,135.43391189575195,142.16281007556296,128.70501371594094,137.3141422395226,133.75609304474153,125.37508765116299,128.20243339595524,153.9559783935547
2020-01-28,141.33339139360757,142.86768461665528,140.9380549433306,142.82061767578125,1539100,0.0,0,0.009514351123928178,2.054637299648598,135.93514404296874,143.2759414030377,128.59434668289978,138.3212786300657,135.85984477282256,125.91488341698994,128.20243339595524,152.7135009765625
2020-01-29,142.88649707857357,143.0465131680468,140.16619483190442,140.2979736328125,1519400,0.0,0,-0.017663024316947218,2.018346191062398,136.29518432617186,143.7505977313187,128.83977092102504,139.1872605540948,136.5469701259753,127.17523270840954,128.20243339595524,151.37686157226562
2020-01-30,139.90264092160842,142.35938563128593,139.85557398515388,142.25584411621094,968300,0.0,0,0.013955087395079335,2.046512388552199,136.7178192138672,144.51454432051153,128.92109410722284,139.4931663493474,136.5469701259753,128.3609889661622,128.20243339595524,141.45574951171875
2020-01-31,142.1899598665879,142.87709123742815,139.9873649324554,141.04159545898438,1293900,0.0,0,-0.008535668005559272,2.0290440382342534,137.10186157226562,144.95640102879963,129.2473221157316,139.82264092612684,136.5469701259753,128.53514368059444,128.20243339595524,149.9932098388672
2020-02-03,141.83226378217842,142.06758411446592,140.1944434616578,140.4297637939453,1225000,0.0,0,-0.004337951956995489,2.0202421426777653,137.4186019897461,145.27348842296405,129.56371555652814,141.16866700077344,136.5469701259753,128.53514368059444,128.20243339595524,144.81613159179688
2020-02-04,140.8439404124296,142.94299391186286,140.15679464952368,141.61578369140625,1264700,0.0,0,0.008445644750931791,2.037304390125683,137.85112075805665,145.6289733158253,130.073268200288,141.17807807819486,136.5469701259753,128.53514368059444,128.20243339595524,135.19651794433594
2020-02-05,141.44636648252674,141.9075851974647,140.54272997747188,141.15457153320312,1257900,0.0,0,-0.00325678498668025,2.030669327774624,138.37306289672853,145.53585419231524,131.2102716011418,141.45104357660034,136.5469701259753,128.92812342268684,128.20243339595524,147.1309051513672
2020-02-06,141.3145722968634,142.33115786851147,140.63684858243133,141.662841796875,1005100,0.0,0,0.0036008062519767847,2.0379813745857724,138.89312133789062,145.38735097044594,132.3988917053353,141.45104357660034,136.5469701259753,129.01048474160146,128.20243339595524,128.849853515625
2020-02-07,142.18994999301412,142.18994999301412,141.59693818161304,141.65342712402344,1119300,0.0,0,-6.645830855955825e-05,2.0378459337907415,139.37505722045898,145.13788980508616,133.6122246358318,141.45104357660034,136.5469701259753,129.1540403298667,128.20243339595524,139.332763671875
2020-02-10,142.18995106844775,144.0160390909186,142.02993497077318,143.94073486328125,1583600,0.0,0,0.01614721073606762,2.070751461531299,139.87017135620118,145.4087136120165,134.33162910038587,141.93580653803625,137.0317330874112,129.9541245881186,128.20243339595524,131.21205139160156
2020-02-11,145.27734984141532,153.90889748716287,144.36430584743866,151.57452392578125,3488200,0.0,0,0.05303425100442061,2.1805722143099207,140.70508728027343,147.8122918604641,133.59788270008278,146.88223573615838,141.97816228553333,130.56831372060566,127.79417599547884,124.04003143310548
2020-02-12,151.38630188197834,153.84304711490998,149.47550163001102,153.62655639648438,1969900,0.0,0,0.013538109291426181,2.2100930392650957,141.70566940307617,150.07574212561804,133.3355966805343,146.94813120980913,141.97816228553333,130.56831372060566,127.79417599547884,121.48806762695312
2020-02-13,153.48534300140577,154.57723287401396,152.79821160002922,154.2948455810547,1202800,0.0,0,0.004350088944554464,2.2197071405616398,142.64083404541014,152.1806366281989,133.1010314626214,147.36701376176882,142.51470168200373,130.2223819080337,127.79417599547884,110.97669219970705
2020-02-14,154.81256509444776,156.62923144413816,154.3795692970021,156.2244873046875,1424600,0.0,0,0.01250619692683852,2.2474672351814133,143.6169448852539,154.44891323480613,132.78497653570167,148.3930130468309,143.813677667108,130.2223819080337,127.79417599547884,117.3613052368164
2020-02-18,156.2997852000382,156.4974462582697,155.1984876443038,156.4503936767578,1275300,0.0,0,0.001446036891961322,2.25071715571696,144.60341033935546,156.31160654508216,132.89521413362877,148.58598071080502,144.29843379659354,130.25970004677873,127.79417599547884,121.39320373535156
2020-02-19,156.50687757875295,157.05282256724036,154.8596349689915,155.876220703125,1211500,0.0,0,-0.0036700001843339436,2.242457023340595,145.42185440063477,157.86435237843622,132.97935642283332,148.84483557483583,144.9102944263924,130.49690220932183,127.79417599547884,135.1585693359375
2020-02-20,156.13034064050112,158.07880002539633,155.6973592412895,157.18458557128906,2180300,0.0,0,0.008393614255351567,2.26127934257872,146.2831268310547,159.4648500872031,133.10140357490627,149.8378691035047,145.4232831554704,131.00754464216715,128.27422020951082,129.8649444580078
2020-02-21,156.87396892549484,158.84124369664733,156.16800784239862,158.19175720214844,3006000,0.0,0,0.006407572518633442,2.275768653951181,147.1434585571289,161.0633401917126,133.2235769225452,150.43558933371025,146.3080581700617,131.00754464216715,128.27422020951082,140.46170043945312
2020-02-24,155.64087898793642,158.59650189078965,153.8995027227069,156.59156799316406,2092400,0.0,0,-0.010115503091223332,2.2527481090972286,147.9181335449219,162.13065531444744,133.70561177539633,151.602774772043,147.08462581839507,131.28520300015714,128.5518785675008,136.98951721191406
2020-02-25,157.24108691299548,158.05999727119033,152.89235635450044,153.44772338867188,2038500,0.0,0,-0.020076717059436033,2.207520322704704,148.51679077148438,162.59989956542665,134.4336819775421,154.15837266332917,147.39053161364768,131.66642717280223,128.9331027401459,130.5290069580078
2020-02-26,154.12541802172277,155.4714434982639,152.79820783151766,153.13706970214844,2293700,0.0,0,-0.002024491987649646,2.2030512154988147,149.03261337280273,162.99734846904016,135.0678782765653,155.81972576408248,147.72000619042709,132.11823749680832,129.384913064152,138.8583984375
2020-02-27,140.00620382565995,147.0752221315789,138.3683689813894,139.6861572265625,5822200,0.0,0,-0.08783577027918821,2.0095445150209743,149.00202255249025,163.04647786400412,134.95756724097637,148.60480633901835,148.60480633901835,133.22191110102975,130.38740081685097,138.14691162109375
2020-02-28,136.60817413553517,139.2814098636268,132.44771207236926,134.87620544433594,6204100,0.0,0,-0.0344339902945795,1.9403478786942165,148.63304061889647,163.72737629065972,133.53870494713323,145.6444778845083,145.6444778845083,133.7631439560389,130.98805049863736,141.1162872314453
2020-03-02,135.47862505447472,147.32936880029212,135.37509788874087,147.06581115722656,4077800,0.0,0,0.09037625037517327,2.1157092443940213,148.9342514038086,163.64195403737475,134.22654877024243,145.6444778845083,145.6444778845083,134.87384967362334,131.46339840938663,139.01968383789062
2020-03-03,147.621149539928,152.94880520048758,146.52925977348153,148.84481811523438,4248500,0.0,0,0.012096672530544028,2.1413022862933007,149.35500411987306,163.5316973842411,135.178310855505,145.6444778845083,145.6444778845083,135.39156205386683,131.69871693659167,149.28443908691406
2020-03-04,151.18860887104054,154.5772275440811,149.14603002414054,153.9559783935547,2384700,0.0,0,0.0343388526590378,2.2148321500007873,149.97201385498047,163.8143060294968,136.12972168046414,145.6444778845083,145.6444778845083,135.53511764213206,131.69871693659167,155.7165069580078
2020-03-05,151.36746109294268,154.4831002588821,150.69915933568595,152.7135009765625,2513900,0.0,0,-0.008070342119590013,2.196957696812814,150.54996032714843,163.81865505940402,137.28126559489283,145.52210698157944,145.6444778845083,137.09056170144413,132.2023001481689,148.99034118652344
2020-03-06,149.90845071818683,152.10163781294685,145.6444476905431,151.37686157226562,3109400,0.0,0,-0.008752594863908003,2.177728616159467,151.03566131591796,163.65602012372517,138.41530250811076,145.25385467177978,145.6444778845083,137.86711534003504,132.50629081526944,157.27230834960938
2020-03-09,143.9972060934017,146.1433262612951,140.0814868870425,141.45574951171875,3291300,0.0,0,-0.06553915808203392,2.0350021161252227,151.02577743530273,163.67611129451728,138.37544357608817,143.95957778531658,145.6444778845083,138.02006823766135,132.56225663089384,154.12271118164062
2020-03-10,144.59024896384145,150.0684997181179,139.91207885123984,149.9932098388672,2944400,0.0,0,0.060354282923234415,2.1578232095912253,151.32840118408203,163.56468791777772,139.09211445038633,143.51246980822518,145.6444778845083,138.18480552605106,132.56225663089384,153.49658203125
2020-03-11,145.97390355195395,146.9434221274793,142.40643943494797,144.81613159179688,3287100,0.0,0,-0.03451541741544084,2.083345040803458,150.9904815673828,163.5534227841431,138.4275403506225,143.51246980822518,145.6444778845083,138.85781856337437,132.56225663089384,158.4771270751953
2020-03-12,135.84162852234536,142.63418764730866,125.88047847579593,135.19651794433594,3854100,1.2,0,-0.06642639560747554,1.9449559389361752,150.0689796447754,164.3316817674382,135.8062775221126,140.22885300993852,142.36086108622163,138.86252410208508,132.56225663089384,154.08474731445312
2020-03-13,141.9511159717081,149.8915698164636,135.82263149470526,147.1309051513672,3769000,0.0,0,0.0882743682196383,2.1166456956607997,149.710782623291,163.8896578051607,135.5319074414213,140.22885300993852,142.36086108622163,138.99900685128782,132.56225663089384,151.47589111328125
2020-03-16,131.8002373720181,139.79762530406288,128.1003874590794,128.849853515625,3833900,0.0,0,-0.12425024923849126,1.8536519404253657,148.3420509338379,164.86096972556166,131.82313214211413,140.22885300993852,142.36086108622163,138.99900685128782,132.56225663089384,154.79624938964844
2020-03-17,131.58204220446416,145.39483424054978,131.11719781284268,139.332763671875,4441300,0.0,0,0.0813575636310584,2.004460546118357,147.48616943359374,164.0098082992607,130.9625305679268,140.181789367339,142.36086108622163,138.99900685128782,132.56225663089384,152.3107147216797
2020-03-18,133.9157977145125,141.04986757456135,124.3815518885421,131.21205139160156,4357000,0.0,0,-0.05828286230938118,1.887634848104354,146.2529609680176,163.7514573916434,128.75446454439177,138.2415948507445,141.61139779259472,139.48376981272372,133.04701959232975,153.3163299560547
2020-03-19,130.83259035707638,131.03180524570791,120.71964818250608,124.04003143310548,4548200,0.0,0,-0.05465976548976614,1.7844571699766596,144.5957332611084,163.84912095550874,125.34234556670805,135.394073950312,139.7804459395767,144.43019901084585,137.99344879045188,155.39393615722656
2020-03-20,122.673918692304,129.49493633631772,119.1543135988858,121.48806762695312,5346100,0.0,0,-0.020573711379044846,1.7477442631932927,142.76054878234862,163.44050748319,122.08059008150724,134.61140665850183,138.99777864776655,144.46314674767123,137.99344879045188,152.98428344726562
2020-03-23,120.29273812431276,122.085744403195,109.71494489594228,110.97669219970705,4029300,0.0,0,-0.08652187521430332,1.5965261521467682,140.47980499267578,164.4005496418079,116.55906034354363,129.80325735620295,134.2780942962948,144.9408577218863,138.32761648387742,147.4629669189453
2020-03-24,115.577787872532,118.0158973291236,108.32037803674557,117.3613052368164,4397100,0.0,0,0.05753111676477074,1.688376084623934,138.675484085083,163.83693860859057,113.51402956157544,129.10597392660458,133.58081086669645,146.10334535696944,139.3536157689395,151.2481689453125
2020-03-25,116.6592882019851,128.0529402843545,115.42600017097756,121.39320373535156,3121700,0.0,0,0.03435458126849755,1.7463795380349345,137.08829078674316,162.40657954879185,111.77000202469446,129.10597392660458,133.58081086669645,146.44220725369928,139.42825204642958,148.3831787109375
2020-03-26,121.4311555188363,136.36339813530304,121.4311555188363,135.1585693359375,4092400,0.0,0,0.11339486212585426,1.944410004969819,136.8619113922119,162.1640233758786,111.55979940854522,126.85760613864767,133.58081086669645,146.8775650006141,140.11445193306685,149.6354217529297
2020-03-27,132.26510628441704,134.52297174788643,128.23321194292092,129.8649444580078,3220000,0.0,0,-0.03916603219417292,1.868255180116499,136.6113483428955,162.08769925937864,111.13499742641237,126.85760613864767,133.58081086669645,147.63057612948754,140.62744066214486,150.53668212890625
2020-03-30,133.28967470726332,141.0309148050045,132.1512604518832,140.46170043945312,2934600,0.0,0,0.08159827908656148,2.0207015877085595,136.28114280700683,161.3710328321647,111.19125278184897,124.68512280565346,133.4584399637676,148.37182375188598,141.00866249777033,147.0360565185547
2020-03-31,138.4599755132455,140.22452257969888,134.5134594650476,136.98951721191406,3078400,0.0,0,-0.024719786366503294,1.9707502761499498,135.68837776184083,160.10698509525838,111.26977042842327,124.67564642087504,133.19018765396794,149.34370029521904,141.00866249777033,146.75144958496094
2020-04-01,130.60490317023496,133.03352405861378,126.93351256754684,130.5290069580078,2519000,0.0,0,-0.047160617727502796,1.8778084757400715,134.51702919006348,157.50899496904083,111.52506341108614,124.67564642087504,131.89591076750474,150.7744521384884,141.00866249777033,149.6069793701172
2020-04-02,130.44360471468138,139.42761268472464,129.07750210191793,138.8583984375,3240000,0.0,0,0.06381257065850354,1.9976362617813717,133.82427406311035,155.35456256543145,112.29398556078925,124.67564642087504,131.44880279041334,151.76986597725477,141.00866249777033,151.58970642089844
2020-04-03,137.41643773160254,139.95889566142452,135.29138724903748,138.14691162109375,2117600,0.0,0,-0.005123829918911915,1.9874007133361529,133.16277656555175,153.24432450967382,113.08122862142969,124.67564642087504,131.44880279041334,148.60480633901835,141.00866249777033,146.30555725097656
2020-04-06,140.77476152029328,142.30213838465076,137.31208194322227,141.1162872314453,3275700,0.0,0,0.021494332196841937,2.0301185644768407,133.1458034515381,153.19953911596656,113.09206778710963,128.86406927781417,131.44880279041334,145.6444778845083,141.00866249777033,145.32843017578125
2020-04-07,145.66994578661922,146.55221201892496,138.79200970089343,139.01968383789062,2645600,0.0,0,-0.014857274342231275,1.9999565360171516,132.59712715148925,151.3193736851166,113.87488061786189,133.99168376888065,131.44880279041334,145.6444778845083,141.79462198195515,144.23745727539062
2020-04-08,140.40478456511823,149.9200536042775,139.2568742138826,149.28443908691406,2153800,0.0,0,0.07383670402382059,2.1476267348275555,132.8205425262451,152.22249942041395,113.41858563207626,138.42678308591218,131.44880279041334,145.6444778845083,141.95934461978433,142.43495178222656
2020-04-09,150.13825775213303,156.31418065170126,149.72085024976792,155.7165069580078,4349400,0.0,0,0.04308599014361425,2.240159359156498,133.8465419769287,155.6875707639077,112.00551318994971,141.62384660962405,132.3172793442234,145.6444778845083,142.24645579631482,148.37367248535156
2020-04-13,154.8152414486857,155.17574483004583,148.29780816903025,148.99034118652344,1725500,0.0,0,-0.04319494383018896,2.143395801467061,133.93951377868652,156.02306854685602,111.85595901051703,141.62384660962405,132.3172793442234,145.58329243304388,143.8466243128186,144.73072814941406
2020-04-14,152.0640453316356,157.38614541807192,150.97306815694736,157.27230834960938,2460700,0.0,0,0.055587275639013445,2.262541334686715,135.36063652038575,159.5340682465267,111.18720479424483,142.15982899280937,132.85326172740875,145.44916627814405,144.44433539027557,144.54103088378906
2020-04-15,157.50001299658422,157.77512409861674,153.19299344214363,154.12271118164062,2697900,0.0,0,-0.020026393718132085,2.217230791114731,136.10013389587402,161.59772482481048,110.60254296693756,143.42631310026735,133.04775106768116,144.80202783491245,144.44433539027557,143.0895233154297
2020-04-16,156.00109918349006,156.56081747501688,152.69019742596905,153.49658203125,2038600,0.0,0,-0.00406253656966038,2.2082232099424504,137.21436042785643,163.6995579441293,110.72916291158357,146.5332556738271,133.04775106768116,144.57847384636673,144.44433539027557,148.1839599609375
2020-04-17,156.7505211085457,159.21709692498231,155.36545527718843,158.4771270751953,2058900,0.0,0,0.03244727001759129,2.279874024694565,138.93621520996095,166.24546358542372,111.62696683449818,148.26458943410228,133.76873748086393,144.57847384636673,144.44433539027557,151.3999786376953
2020-04-20,156.77899754860636,157.97434472591712,154.06576964358683,154.08474731445312,1883500,0.0,0,-0.02771617483107236,2.21668463763331,140.56604919433593,167.3969493396329,113.73514904903897,149.00455331293787,133.76873748086393,141.29485704808008,142.36086108622163,154.69189453125
2020-04-21,151.95023160570426,152.64276467143944,150.0338919631128,151.47589111328125,2103500,0.0,0,-0.016931307262021078,2.1791532689305386,142.59100914001465,166.05072709193445,119.13129118809485,149.23698556943248,133.76873748086393,141.29485704808008,142.36086108622163,160.12783813476562
2020-04-22,153.55347981769594,156.71258872063416,153.25939107632956,154.79624938964844,1649400,0.0,0,0.021920044516417825,2.2269204055935936,144.46275634765624,165.38187837805373,123.54363431725876,153.75745254700627,133.76873748086393,141.29485704808008,142.36086108622163,163.3249053955078
2020-04-23,154.38832811783314,155.3749498413193,151.53278946939236,152.3107147216797,1537200,0.0,0,-0.016056814540204023,2.1911631576451813,146.00863189697264,164.25124515906612,127.76601863487916,153.75745254700627,133.76873748086393,141.27132522678033,142.36086108622163,164.852294921875
2020-04-24,153.3163299560547,153.92348518917416,150.394390873004,153.3163299560547,1475000,0.0,0,0.006602393247333804,2.2056300784810245,146.91651992797853,164.7056933383251,129.12734651763196,154.62549444404755,133.76873748086393,139.92649632166962,141.61139779259472,165.59225463867188
2020-04-27,154.63498853308545,156.2667208584862,153.6578483525599,155.39393615722656,1626500,0.0,0,0.013551108363782038,2.235518810684938,148.19296951293944,164.49048061456597,131.89545841131292,154.62549444404755,133.76873748086393,137.58725994494435,139.7804459395767,165.6017303466797
2020-04-28,154.6634527672767,157.4810363221832,152.69019467145424,152.98428344726562,2059900,0.0,0,-0.01550673578100803,2.2008532111541736,148.81909866333007,164.837206428633,132.80099089802712,154.62549444404755,133.76873748086393,136.8045926531342,138.99777864776655,159.0463409423828
2020-04-29,155.0239551323592,155.09035527046353,147.1024635312518,147.4629669189453,3280000,0.0,0,-0.036090743466622444,2.1214227825027163,149.34277114868163,164.4274816024141,134.25806069494917,153.15978022811706,133.76873748086393,132.04067582624887,134.2780942962948,159.94760131835938
2020-04-30,142.87133044427335,151.69405006742966,142.87133044427335,151.2481689453125,3669500,0.0,0,0.025668831337482656,2.175877226102272,150.37872924804688,162.72280429945866,138.0346541966351,150.42283758509524,137.32154854797994,131.34339239665053,133.58081086669645,163.96051025390625
2020-05-01,148.92391928077458,149.89157782372465,147.1214314136892,148.3831787109375,1553200,0.0,0,-0.018942313512640974,2.134661077520427,150.85496826171874,162.0545226822333,139.65541384120417,150.17618338322828,140.3241262219093,131.34339239665053,133.58081086669645,165.3930206298828
2020-05-04,149.08518513999488,149.7018363587055,144.47459577368528,149.6354217529297,1803800,0.0,0,0.008439252028908495,2.152676020349923,151.42939376831055,161.0076972504819,141.8510902861392,150.17618338322828,143.07530474626458,130.21920850267207,133.58081086669645,165.15585327148438
2020-05-05,149.50262339552847,151.7699702257171,149.31289010580113,150.53668212890625,1174900,0.0,0,0.006023041639596993,2.1656416776570526,151.9004135131836,160.2372576215979,143.56356940476928,150.17618338322828,143.07530474626458,130.21920850267207,133.58081086669645,153.5302734375
2020-05-06,151.020513365914,151.73202403421823,147.02656044518216,147.0360565185547,1581600,0.0,0,-0.023254302943610416,2.115281190017507,152.3012321472168,158.63302584534617,145.96943844908745,150.17618338322828,143.07530474626458,129.07178138471053,133.58081086669645,157.01698303222656
2020-05-07,148.29780407205138,149.8251664123671,146.514279361823,146.75144958496094,2337300,0.0,0,-0.0019356268138069899,2.1111867950273675,152.17458267211913,158.83897067138798,145.51019467285028,150.17618338322828,143.07530474626458,128.93291703742148,133.58081086669645,160.0738525390625
2020-05-08,149.24649046116184,150.1192751773665,147.84243226595584,149.6069793701172,1370000,0.0,0,0.019458273108934776,2.1522668442689867,151.8691062927246,158.41381075847258,145.32440182697664,150.17618338322828,144.14729951345012,128.28577859418988,133.58081086669645,162.00347900390625
2020-05-11,147.832938367034,152.57634260979685,147.5862865576699,151.58970642089844,2017700,0.0,0,0.013252904771749563,2.1807906317994776,151.99907455444335,158.4103950999194,145.5877540089673,148.98084285736843,147.2542420870099,128.0622246056442,133.58081086669645,161.86973571777344
2020-05-12,151.76995356413175,152.02610143879042,143.9243736035067,146.30555725097656,1961200,0.0,0,-0.034858232096908304,2.104772125801448,151.45073699951172,157.8398753613675,145.06159863765595,147.7238365270351,148.26458943410228,128.0622246056442,133.58081086669645,157.8576202392578
2020-05-13,146.24865181183284,150.42284200419658,144.73075657330685,145.32843017578125,2143700,0.0,0,-0.006678673685095338,2.0907150395917355,151.01102294921876,157.80619058405117,144.21585531438635,148.2503581066518,149.00455331293787,130.15643603411377,133.58081086669645,162.8249969482422
2020-05-14,144.92050877430745,144.96794572090073,141.84679150490547,144.23745727539062,1718500,0.0,0,-0.007506947533053587,2.0750201514829545,150.54806671142578,157.85115993447397,143.24497348837758,147.21156705735115,149.23698556943248,132.72024327964698,133.58081086669645,158.8988800048828
2020-05-15,143.65874379139578,144.86357260481367,139.98735328816616,142.43495178222656,2593900,0.0,0,-0.01249679193749631,2.04908905638376,149.74595794677734,156.9104869178264,142.58142897572827,146.28184794898152,149.60222510657422,134.93779293816277,133.58081086669645,158.12509155273438
2020-05-18,145.38533373236433,149.36979022825406,145.11970426435303,148.37367248535156,2565900,0.0,0,0.04169426554940614,2.1345243196350063,149.46040420532228,156.35788649428775,142.5629219163568,146.28184794898152,149.60222510657422,136.97056297692373,133.58081086669645,154.8485565185547
2020-05-19,147.70958502752848,148.0131698059009,144.67380962239898,144.73072814941406,1349800,0.0,0,-0.024552498262770728,2.082116414985326,149.1231460571289,156.25174498546974,141.99454712878807,146.28184794898152,149.60222510657422,136.97056297692373,133.58081086669645,157.35133361816406
2020-05-20,145.6415042657698,146.27711876853732,143.59234992878277,144.54103088378906,1816900,0.0,0,-0.0013106910194575772,2.07938740369874,148.61038513183593,155.50179669938274,141.71897356428912,146.28184794898152,149.60222510657422,137.50654536010904,133.58081086669645,154.1129913330078
2020-05-21,144.38921134753886,144.92047026648217,140.76525830719277,143.0895233154297,2254200,0.0,0,-0.01004218358956066,2.058505813636977,148.14932556152343,155.2222451890537,141.07640593399316,146.28184794898152,149.60222510657422,138.23703208397427,133.58081086669645,155.03961181640625
2020-05-22,143.77259937939044,148.82907052763537,142.25470408481385,148.1839599609375,1874000,0.0,0,0.035603142197053295,2.1317950888333552,147.89270706176757,154.55319483643464,141.2322192871005,146.0067273634783,149.60222510657422,139.79050337075415,133.58081086669645,159.8636932373047
2020-05-26,152.56686654625776,152.89889616986147,148.75316534354943,151.3999786376953,2657200,0.0,0,0.021702879836694722,2.1780611814827613,147.69300918579103,153.63532116704056,141.7506972045415,146.44312472901382,148.98084900704163,141.0166634574831,133.76873748086393,164.20057678222656
2020-05-27,151.6371410866198,154.70139060405467,149.97694962652605,154.69189453125,1690800,0.0,0,0.02174317277436577,2.2254191420648803,147.77838973999025,154.06527336672977,141.49150611325072,147.3443719461104,148.7341948051747,141.38664539690092,133.76873748086393,163.0829620361328
2020-05-28,156.5608032646499,160.5168007667483,155.54572225822935,160.12783813476562,2437000,0.0,0,0.03514045529009602,2.303621383928335,148.41163330078126,156.70132146121097,140.12194514035156,150.25207702745723,150.25207702745723,141.5028615251482,133.76873748086393,166.50277709960938
2020-05-29,159.4922264958754,163.68539428999406,158.01228662450663,163.3249053955078,3286300,0.0,0,0.019965718003708277,2.3496148388671605,149.015470123291,159.53144714626683,138.4994931003152,152.22532629859342,151.8363737890801,143.7630950139351,133.76873748086393,163.83758544921875
2020-06-01,162.926473725882,166.60734601722658,160.89629704497565,164.852294921875,2907100,0.0,0,0.009351846998891356,2.371588077346571,149.83892593383788,162.4275344044573,137.25031746321847,153.68630216220967,153.29734965269637,143.7630950139351,133.76873748086393,163.74205017089844
2020-06-02,165.94326194081563,166.92040211358477,163.31541178432178,165.59225463867188,3183300,0.0,0,0.004488622479581261,2.3822332409028557,150.636767578125,164.99181684067267,136.2817183155773,153.84283021038877,153.45387770087547,144.19711596245574,133.76873748086393,163.9713134765625
2020-06-03,167.49909208662922,167.77421764532582,165.00405676636478,165.6017303466797,1917600,0.0,0,5.722313539657797e-05,2.3823695597581462,151.39001998901367,167.17138135402436,135.60865862400297,154.2697379762593,153.88078546674598,144.19711596245574,133.76873748086393,163.8280487060547
2020-06-04,164.62458905083255,165.33609969830945,157.58537878221424,159.0463409423828,1941800,0.0,0,-0.03958527118390287,2.2880628146748445,151.99053421020508,167.97841699551333,136.00265142489684,155.01446086506985,153.88078546674598,144.19711596245574,133.76873748086393,159.443359375
2020-06-05,161.0290969368513,161.79752612950062,157.9648472880231,159.94760131835938,3265800,0.0,0,0.005666652691513674,2.301028471981974,152.650341796875,168.80905027500438,136.49163331874564,158.26369149443764,153.88078546674598,143.46425885449048,133.76873748086393,161.7742156982422
2020-06-08,159.3783800892537,164.28305826324723,159.3783800892537,163.96051025390625,1958300,0.0,0,0.02508889725429264,2.358758738894732,153.36801834106444,170.1909918115498,136.5450448705791,158.87558363592592,153.88078546674598,143.8721930665376,133.76873748086393,160.48458862304688
2020-06-09,163.51463654653537,167.54653027397737,163.2490070590204,165.3930206298828,1717800,0.0,0,0.008736923139347486,2.3793670327007193,154.05818405151368,171.65601335323882,136.46035474978854,161.65996995177758,153.88078546674598,145.25015480256877,133.76873748086393,158.32571411132812
2020-06-10,165.2791864198675,166.72118543115675,162.8695288440282,165.15585327148438,1858300,0.0,0,-0.0014339623128908352,2.3759551100472915,155.00069885253907,172.85680215530277,137.14459554977537,162.67979821377003,153.88078546674598,146.6257440647464,133.76873748086393,161.40167236328125
2020-06-11,162.4429023661618,163.9426616323973,153.2914570607712,153.5302734375,3072000,1.2,0,-0.07039157016659991,2.208707899205706,155.410791015625,172.72212068837507,138.09946134287492,160.5328373530485,153.88078546674598,146.6257440647464,133.76873748086393,162.54798889160156
2020-06-12,157.4181927865971,158.28748787583052,155.23064124048753,157.01698303222656,1941300,0.0,0,0.02271024154819834,2.258868189106081,156.0497673034668,172.5818782942793,139.5176563126543,160.5328373530485,153.88078546674598,146.6257440647464,133.76873748086393,160.03562927246094
2020-06-15,154.1225377670061,160.32221633048786,153.98880117528543,160.0738525390625,3733600,0.0,0,0.019468400473651615,2.3028447396287905,156.93171234130858,172.29273261687587,141.5706920657413,160.5328373530485,153.88078546674598,146.6257440647464,133.76873748086393,160.54193115234375
2020-06-16,164.3056724475336,164.3056724475336,159.19499599150717,162.00347900390625,2053000,0.0,0,0.012054601262082354,2.3306046147334993,157.61320266723632,172.5957060295871,142.63069930488555,160.41899366737428,153.88078546674598,147.1617414483392,133.76873748086393,159.30006408691406
2020-06-17,163.69429631720536,164.53493461981165,161.7933127287915,161.86973571777344,2422700,0.0,0,-0.0008255581111908938,2.3286805651898272,158.47015304565429,172.31262705188524,144.62767903942333,160.41899366737428,153.88078546674598,148.11754247218917,133.76873748086393,159.2427520751953
2020-06-18,160.6469936858702,161.3252385887747,156.9787777486425,157.8576202392578,1982300,0.0,0,-0.024786075424938714,2.2709617130604434,159.13598251342773,171.4106852482369,146.86127977861858,160.41899366737428,153.88078546674598,147.9942129805687,133.76873748086393,160.90492248535156
2020-06-19,159.8732301351287,163.14978371075688,157.92449498384633,162.8249969482422,5207000,0.0,0,0.03146744960082093,2.342423086311567,160.12275619506835,169.99295504259962,150.25255734753708,160.41899366737428,153.88078546674598,148.62745570979484,133.76873748086393,164.09552001953125
2020-06-22,161.89841347377646,162.39515567836298,157.876753369353,158.8988800048828,2747500,0.0,0,-0.024112495114048005,2.285941421087846,160.65850219726562,168.88917460442607,152.42782979010516,160.006321245964,153.88078546674598,148.2242763133918,133.76873748086393,166.09201049804688
2020-06-23,159.64396014665422,160.27443885302657,157.95315076528425,158.12509155273438,1727400,0.0,0,-0.004869691039513069,2.2748095926327228,160.99475784301757,168.15385680977977,153.83565887625537,158.91319584029142,154.2697379762593,147.94203652777787,133.76873748086393,162.5957489013672
2020-06-24,156.6635552920698,158.4212404629133,152.03051139350274,154.8485565185547,2054600,0.0,0,-0.020721158179294874,2.227672903236003,161.00259094238282,168.13407891741815,153.8711029673475,158.2827230066572,154.2697379762593,147.94203652777787,133.76873748086393,162.5957489013672
2020-06-25,154.98227927015708,157.5137270032901,153.56847584165763,157.35133361816406,1302600,0.0,0,0.01616274091201797,2.2636782032077294,160.86376571655273,168.1658885957644,153.56164283734108,158.2827230066572,154.2697379762593,147.94203652777787,133.76873748086393,156.75904846191406
2020-06-26,157.05521094565032,157.45642072334766,153.49205998622747,154.1129913330078,2750500,0.0,0,-0.020580329449349066,2.2170909600184037,160.40317001342774,168.17830879080566,152.62803123604982,158.2827230066572,154.2697379762593,147.94203652777787,133.76873748086393,158.4594268798828
2020-06-29,155.8897976284418,156.1763802274171,153.48252420372455,155.03961181640625,1402700,0.0,0,0.006012604618102602,2.230421451363364,159.91253585815429,167.74155939153823,152.08351232477034,158.2827230066572,155.01446086506985,147.94203652777787,133.76873748086393,157.16029357910156
2020-06-30,155.65096872638497,160.47506259713327,155.5554363423324,159.8636932373047,2003100,0.0,0,0.031115154149192525,2.2998213586402008,159.62610778808593,167.00444522765068,152.2477703485212,157.5901475521298,158.26369149443764,147.80447623502624,133.76873748086393,156.53933715820312
2020-07-01,160.41771920594314,165.34689240115688,159.7299414955401,164.20057678222656,1780600,0.0,0,0.027128633507072397,2.362212369410488,159.5560501098633,166.72760440489705,152.38449581482953,158.6887018973298,158.87558363592592,147.71198686802774,133.76873748086393,160.66612243652344
2020-07-02,165.94875914607957,166.2162323769121,162.09903952781357,163.0829620361328,2253800,0.0,0,-0.006806399636318017,2.3461342079984266,159.75788116455078,167.08788738803028,152.42787494107128,159.1233718852074,159.90236451941428,148.03928337564255,133.76873748086393,158.7460174560547
2020-07-06,170.61996901144943,171.94778745373887,164.6591071322898,166.50277709960938,3263000,0.0,0,0.020969787528870576,2.3953321438543687,160.08563995361328,167.9904256931104,152.18085421411615,161.9891494236208,161.9891494236208,150.25207702745723,134.41858940174694,154.55239868164062
2020-07-07,164.267466597747,166.1684356695787,163.5414554677492,163.83758544921875,1705000,0.0,0,-0.016006890076050717,2.356990325532061,160.0794937133789,167.9722706121445,152.18671681461328,161.9891494236208,161.9891494236208,152.03085004383678,136.00288616336982,157.8098602294922
2020-07-08,164.40118564703727,165.7576608028302,162.0894304890393,163.74205017089844,2282800,0.0,0,-0.0005831096573986061,2.355615941710848,159.9969451904297,167.6957811864853,152.2981091943741,162.71515582873172,161.9891494236208,153.491825907453,137.46386202698608,157.00743103027344
2020-07-09,163.24531696067555,164.5444785938694,161.42075639931608,163.9713134765625,1435300,0.0,0,0.0014001492312132324,2.3589141555606683,159.9377182006836,167.49221736055355,152.38321904081366,162.71515582873172,161.9891494236208,153.6483539556321,137.62039007516518,157.26536560058594
2020-07-10,164.27702469950808,165.22274288116023,162.26141372130118,163.8280487060547,2070000,0.0,0,-0.0008737185027690719,2.356853128616511,160.45260696411134,167.57703807996694,153.32817584825574,162.71515582873172,161.9891494236208,154.07526172150264,138.0472978410357,158.63137817382812
2020-07-13,163.6178647170959,164.19102981619744,158.61226852368333,159.443359375,2245400,0.0,0,-0.026763972138384107,2.293774377147955,160.57392578125,167.53936917377453,153.6084823887255,163.75161189803563,161.9891494236208,154.4476231659079,138.0472978410357,158.57408142089844
2020-07-14,160.4846014631498,162.24228645707856,158.2683785416091,161.7742156982422,2534200,0.0,0,0.014618710571446147,2.32730640088368,160.658943939209,167.63955309285652,153.67833478556147,165.108082997674,161.9891494236208,156.0722384805918,138.0472978410357,155.3643798828125
2020-07-15,163.48412142259656,163.9426447373283,159.85410995516992,160.48458862304688,1797100,0.0,0,-0.007971771457083499,2.308753646145228,160.582999420166,167.53614366210326,153.62985517822875,165.108082997674,161.9891494236208,156.37818455133595,141.6001089081517,155.59364318847656
2020-07-16,159.4911392234474,160.50371835255535,157.23671199071453,158.32571411132812,1623900,0.0,0,-0.013452223233656468,2.2776957767057637,160.40579833984376,167.39970277924837,153.41189390043914,164.5922497222267,161.9891494236208,157.77037770926177,144.60268658208105,155.8706817626953
2020-07-17,159.28098169429467,162.53842611407003,158.23018376778944,161.40167236328125,1403400,0.0,0,0.019428039653686557,2.321946940574638,160.58300094604493,167.4877374830325,153.67826440905736,161.7025738301466,161.9891494236208,158.280291840258,147.35386510643633,153.8072967529297
2020-07-20,169.34947491833563,169.34947491833563,162.4811133067724,162.54798889160156,3817800,0.0,0,0.007102259298405578,2.3384380098237383,160.56915054321288,167.45674705267797,153.6815540337478,163.2930934545251,161.9891494236208,157.20681140989723,147.35386510643633,153.50161743164062
2020-07-21,163.82803450255145,163.82803450255145,159.223647760775,160.03562927246094,2411100,0.0,0,-0.015456110138748258,2.3022948543912674,160.6259880065918,167.47576212712832,153.77621388605527,163.2930934545251,161.9891494236208,157.20681140989723,147.35386510643633,153.7690887451172
2020-07-22,159.45292897344723,161.92706332905132,159.0612665870925,160.54193115234375,1368300,0.0,0,0.0031636822511618146,2.309578583759046,160.74682998657227,167.49939933888209,153.99426063426245,163.2930934545251,161.9891494236208,157.20681140989723,147.35386510643633,156.10951232910156
2020-07-23,160.04516998534712,161.23925181952757,157.35132894705708,159.30006408691406,1730700,0.0,0,-0.007735468587650396,2.291712911173668,160.96940536499022,167.197244199612,154.74156653036846,163.2930934545251,161.9891494236208,157.14988956706014,148.42585987362187,156.46292114257812
2020-07-24,158.96573150043514,160.3222067284149,158.31614339655795,159.2427520751953,1498100,0.0,0,-0.0003597739401252076,2.2908884125899793,161.0639762878418,167.1225119462252,155.0054406294584,163.2930934545251,161.9891494236208,157.14988956706014,151.53280244718167,155.94711303710938
2020-07-27,159.52933783886124,161.62137160738237,158.8988591131874,160.90492248535156,1603200,0.0,0,0.010437965863409282,2.3148006276374735,161.403572845459,166.54901651845927,156.25812917245872,163.2930934545251,161.9891494236208,157.14988956706014,152.54314979427403,154.8485565185547
2020-07-28,160.5992445015714,165.18452219670937,160.5801496848496,164.09552001953125,2070300,0.0,0,0.01982908592787247,2.3607010081887903,161.85636825561522,166.20642876230653,157.50630774892392,163.2930934545251,161.9891494236208,157.14988956706014,153.28311367310963,158.841552734375
2020-07-29,165.19405858138057,167.31474919166203,164.40120103065098,166.09201049804688,2469800,0.0,0,0.01216663610486135,2.3894227983078027,162.16778411865235,166.78897762312016,157.54659061418454,163.35040193269634,161.9891494236208,156.94355335635498,153.51554592960423,154.4759979248047
2020-07-30,161.39210502977488,163.06381967259097,159.6248725816577,162.5957489013672,2780900,0.0,0,-0.021050149168498344,2.3391250919768125,162.08754272460936,166.61864941824103,157.5564360309777,163.35040193269634,161.9891494236208,156.59146690827538,153.88078546674598,153.4060821533203
2020-07-31,162.59574890136722,162.59574890136722,162.59574890136722,162.5957489013672,0,0.0,0,0.0,2.3391250919768125,162.06318206787108,166.57764847274103,157.54871566300113,162.33303906935956,162.71515582873172,156.27623049145825,153.88078546674598,151.40957641601562
2020-08-03,158.50717121082778,158.62181296368533,154.7529854131189,156.75904846191406,2799700,0.0,0,-0.0358970051732026,2.2551575064493528,161.57599563598632,166.17206140897534,156.9799298629973,161.03386730239046,162.71515582873172,156.27623049145825,153.88078546674598,154.0747833251953
2020-08-04,157.04562361387033,160.26487787621352,156.8068072673917,158.4594268798828,2300200,0.0,0,0.010847083052956119,2.2796193872193062,161.30708770751954,165.97196909323685,156.64220632180223,161.03386730239046,162.71515582873172,156.27623049145825,153.88078546674598,151.65794372558594
2020-08-05,158.9275261145103,159.11859088693993,156.4056256261133,157.16029357910156,1713500,0.0,0,-0.008198523283603931,2.260929874595434,160.97799987792968,165.83610868261536,156.119891073244,161.03386730239046,163.35038643342887,156.64859193586352,153.88078546674598,151.49554443359375
2020-08-06,156.67307373177442,157.89581228333876,156.11901804806664,156.53933715820312,1513600,0.0,0,-0.003951102449333943,2.2519967090301476,160.6064010620117,165.6278262298577,155.58497589416572,161.03386730239046,163.35038643342887,157.92691952328371,153.88078546674598,154.16180419921875
2020-08-07,156.57758686412967,161.78378143131275,156.47250706584026,160.66612243652344,1633400,0.0,0,0.026362608614789673,2.3113652168721037,160.44830474853515,165.24578661900293,155.65082287806737,161.03386730239046,163.35038643342887,158.78214276662786,153.88078546674598,157.33822631835938
2020-08-10,160.54192130187255,160.70431469147596,157.54238814571434,158.7460174560547,2287500,0.0,0,-0.011950901355868293,2.2837423191678803,160.4134376525879,165.25002973830817,155.57684556686763,161.03386730239046,163.35038643342887,159.51286820231084,153.88078546674598,159.9467315673828
2020-08-11,159.69173173104053,159.81592091030245,154.1798457200496,154.55239868164062,1865200,0.0,0,-0.02641715894116825,2.22341233534175,160.0523468017578,165.47789168193006,154.62680192158555,158.62183269632027,161.76466031919261,161.9891494236208,155.9675703709525,156.5585479736328
2020-08-12,155.69873160311866,158.72692153780577,155.3452734506066,157.8098602294922,1098600,0.0,0,0.0210767453345162,2.27027463090737,159.9186103820801,165.42707624668532,154.41014451747486,158.3877973107084,161.76466031919261,161.9891494236208,155.9675703709525,153.69979858398438
2020-08-13,157.33221778723177,157.99135328447872,156.28143453068523,157.00743103027344,1309700,0.0,0,-0.0050847849307503745,2.2587307726754675,159.85269622802736,165.46751206531127,154.23788039074344,157.98181357568117,161.76466031919261,162.35215262617626,155.9675703709525,151.67843627929688
2020-08-14,156.9883304399729,158.45944748827503,156.31010009043467,157.26536560058594,1435300,0.0,0,0.0016428175954472657,2.2624414553321968,159.64588088989257,165.322287128779,153.96947465100612,157.98181357568117,161.76466031919261,162.35215262617626,155.9675703709525,153.98855590820312
2020-08-17,157.38953017453642,158.87975651940286,157.05519601300782,158.63137817382812,1182100,0.0,0,0.008686035657154978,2.2820931024854376,159.4500503540039,164.9792202966307,153.9208804113771,157.98181357568117,161.76466031919261,162.35215262617626,155.9675703709525,149.79183959960938
2020-08-18,158.31615564086704,160.68522470153405,157.94360265913082,158.57408142089844,1071200,0.0,0,-0.0003611943210056756,2.2812688234168137,159.3769729614258,164.91194705517609,153.8419988676755,157.98181357568117,161.76466031919261,162.87038066082823,155.9675703709525,151.50518798828125
2020-08-19,159.65352721270517,159.92100038582774,155.02048372076993,155.3643798828125,1486900,0.0,0,-0.020241022425137145,2.2350936100042675,159.11809539794922,164.89269230303393,153.3434984928645,157.98181357568117,161.76466031919261,163.5486162106474,155.9675703709525,155.65377807617188
2020-08-20,152.8424739922342,156.4247194764272,152.8424739922342,155.59364318847656,1261400,0.0,0,0.0014756490891734142,2.2383918238540876,158.93277435302736,164.90872153619966,152.95682716985505,156.77339434185507,161.09597445528493,163.5486162106474,155.9675703709525,157.46334838867188
2020-08-21,156.18592115085892,156.30054835521082,154.20851441861348,155.8706817626953,1077600,0.0,0,0.0017805263026275941,2.2423773393720463,158.76417083740233,164.88572091398692,152.64262076081775,156.76384934688411,161.09597445528493,163.29069957292376,155.9675703709525,158.03125
2020-08-24,155.80381277575293,155.80381277575293,151.88721829735564,153.8072967529297,1144700,0.0,0,-0.013237800633393082,2.2126931952086006,158.40928955078124,164.8128367623542,152.00574233920827,156.28622149944485,160.61834660784564,161.8458616268837,155.9675703709525,160.26438903808594
2020-08-25,153.85506100664338,154.37091254571246,152.54635191978892,153.50161743164062,1443600,0.0,0,-0.0019874175526282123,2.208295649913862,157.8795944213867,164.06046570909666,151.69872313367676,156.28622149944485,159.60098374450882,162.64112143907295,155.9675703709525,161.7178192138672
2020-08-26,152.84248004375635,154.1989553050013,151.782134755405,153.7690887451172,1828100,0.0,0,0.0017424657664970589,2.2121435294861413,157.26344833374023,162.40619323915158,152.12070342832888,156.23367972846953,159.5484419735335,162.64112143907295,155.9675703709525,162.3049774169922
2020-08-27,154.27540401197285,156.29101513660132,154.16077679721394,156.10951232910156,1858900,0.0,0,0.015220377535460239,2.245813189167546,156.93913650512695,161.47155261547812,152.4067203947758,156.23367972846953,159.5484419735335,162.64112143907295,155.9675703709525,162.34347534179688
2020-08-28,155.99485040233623,156.70173750431587,154.46641985673708,156.46292114257812,1781200,0.0,0,0.002263851883231416,2.250897377585229,156.6324951171875,160.33909805984624,152.92589217452874,156.23367972846953,159.5484419735335,162.64112143907295,155.9675703709525,158.90719604492188
2020-08-31,155.8133764328666,156.69221905734713,155.2593206220904,155.94711303710938,1386400,0.0,0,-0.0032966795052913334,2.2434768903320297,156.59189834594727,160.3099597789124,152.87383691298214,155.85156757061637,159.5484419735335,162.64112143907295,155.9675703709525,158.74354553222656
2020-09-01,155.2402043288759,155.7464939207363,153.1863891600985,154.8485565185547,1148600,0.0,0,-0.007044417156303995,2.227672903236003,156.41135482788087,160.0993764362306,152.72333321953113,154.24193612986045,159.5484419735335,162.64112143907295,155.9675703709525,159.5713348388672
2020-09-02,153.9505978367512,159.2618719039262,153.32966649038866,158.841552734375,2362600,0.0,0,0.02578646069162316,2.285116702989092,156.49541778564452,160.32342258889935,152.6674129823897,155.5220033296656,159.5484419735335,162.64112143907295,155.9675703709525,161.0921630859375
2020-09-03,158.91797688517087,159.35740545004924,153.39654319296963,154.4759979248047,1749100,0.0,0,-0.02748370772269315,2.222313223411896,156.39225082397462,160.3209568606793,152.46354478726994,155.56977010272712,157.42297721399797,162.66977567815857,155.9675703709525,161.92959594726562
2020-09-04,154.06521767624318,155.01093576254922,149.9766825288144,153.4060821533203,1943200,0.0,0,-0.0069260971662742365,2.206921266092649,156.02924880981445,159.6364160045773,152.42208161505158,154.66704398943182,156.2862157150908,162.66977567815857,156.35652288046583,160.5531463623047
2020-09-08,152.6609718447393,154.2180592192672,150.56893814124803,151.40957641601562,2921300,0.0,0,-0.01301451486981653,2.178199256458572,155.6624267578125,159.57269576704525,151.75215774857978,154.66704398943182,155.88023198006357,162.52409744904566,156.35652288046583,158.84942626953125
2020-09-09,152.75652669947127,156.2145835321073,152.59413329543992,154.0747833251953,1743100,0.0,0,0.0176026310373969,2.2165412942959444,155.63854598999023,159.58169301759435,151.69539896238612,154.66704398943182,155.88023198006357,161.87451156556108,156.35652288046583,161.84295654296875
2020-09-10,153.48250430713327,153.88371406320954,151.55286393879015,151.65794372558594,1892000,0.0,0,-0.015686146346922447,2.1817723031696215,155.33095016479493,159.5042333409873,151.15766698860256,154.66704398943182,155.88023198006357,161.87451156556108,156.35652288046583,160.64939880371094
2020-09-11,152.25021230284025,153.12905476895224,150.702672359818,151.49554443359375,1267100,0.0,0,-0.0010708261499710048,2.179436004334105,155.05535583496095,159.4729526494335,150.6377590204884,154.66704398943182,155.88023198006357,162.19212686790968,157.10124576927637,158.16603088378906
2020-09-14,152.31371244712153,154.83558535560925,152.29445736055962,154.16180419921875,1390100,1.2,0,0.017599591958915584,2.2177931887109548,154.9001777648926,159.21198700714115,150.58836852264403,154.66704398943182,155.88023198006357,162.19212686790968,160.35047639864416,158.30079650878906
2020-09-15,154.498695734684,158.91680569271458,154.30618892070478,157.33822631835938,2093600,0.0,0,0.020604469022922345,2.263489639766998,154.83552017211915,158.95398726307693,150.71705308116137,154.66704398943182,155.34049861014518,162.19212686790968,160.96236854013245,157.65586853027344
2020-09-16,158.7628006615059,161.5060559159684,158.01201377608848,159.9467315673828,1598600,0.0,0,0.016578966917711213,2.301015959623277,154.90415267944337,159.30856507081856,150.49974028806818,155.7413692223914,155.7413692223914,162.19212686790968,161.9891494236208,150.39825439453125
2020-09-17,158.34888923225,159.34994815498666,155.34574183869665,156.5585479736328,1819900,0.0,0,-0.021183199935052244,2.252273078496831,154.96386108398437,159.42424266617394,150.5034795017948,155.7413692223914,155.7413692223914,160.19324650775644,161.9891494236208,152.5351104736328
2020-09-18,156.15430117304396,156.5296946499121,152.96826672036013,153.69979858398438,3016300,0.0,0,-0.018259938065661507,2.211146711576522,154.86916885375976,159.3526519306238,150.3856857768957,156.03749702860821,155.7413692223914,160.07622881495053,161.9891494236208,153.93080139160156
2020-09-21,153.0548739644918,153.52652814717848,150.2249929303575,151.67843627929688,2017400,0.0,0,-0.013151365995987208,2.1820671119017554,154.65955657958983,159.32641751302398,149.99269564615568,155.86552442316295,155.7413692223914,159.8732369474369,161.9891494236208,154.594970703125
2020-09-22,151.21642529764057,154.8644788582078,151.16829491923812,153.98855590820312,2203100,0.0,0,0.015230376087556952,2.2153008146643085,154.66861953735352,159.3294599465277,150.00777912817935,155.86552442316295,155.7413692223914,159.8732369474369,161.9891494236208,150.97579956054688
2020-09-23,152.66024559932038,153.03563904393636,149.20468424394548,149.79183959960938,2495500,0.0,0,-0.02725342986588908,2.1549262692800077,154.48313064575194,159.59366978470155,149.37259150680234,155.35537007995694,155.35537007995694,159.8732369474369,161.9891494236208,151.8035888671875
2020-09-24,150.66777516179116,153.29552949436138,149.82072744660005,151.50518798828125,2292200,0.0,0,0.011438195787244698,2.179574737855109,154.36993560791015,159.63830863195025,149.10156258387005,155.35537007995694,155.35537007995694,159.8732369474369,161.9891494236208,150.35012817382812
2020-09-25,150.54263144118968,155.79815452603174,150.2731189432316,155.65377807617188,1827100,0.0,0,0.027382495233176485,2.2392569327247784,154.34714889526367,159.58881491730966,149.10548287321768,155.35537007995694,155.35537007995694,159.8732369474369,161.9891494236208,153.5072784423828
2020-09-28,157.75211595462395,158.57990847711145,155.76926785565664,157.46334838867188,1843900,0.0,0,0.011625611243528233,2.2652896632990123,154.39717025756835,159.7378861409849,149.0564543741518,155.35537007995694,155.35537007995694,158.93468439857,161.9891494236208,154.34469604492188
2020-09-29,157.09759120549364,158.33927265630084,156.2986739639581,158.03125,1552600,0.0,0,0.0036065637949369567,2.273459574983711,154.5013771057129,160.03887044625807,148.9638837651677,154.27731619946607,155.35537007995694,158.92991190108452,161.9891494236208,156.0580596923828
2020-09-30,158.62805887426222,160.7456634796417,158.1949148143281,160.26438903808594,2341600,0.0,0,0.014130996483834313,2.3055858242439453,154.77216873168945,160.8597065954231,148.6846308679558,154.9751738617936,155.35537007995694,158.45228405364526,161.91750287554726,156.81845092773438
2020-10-01,160.5050130087062,161.99696659183016,158.75316713614444,161.7178192138672,1693200,0.0,0,0.009068952775503014,2.326495073203883,154.91598205566407,161.50235318604064,148.3296109252875,155.60082541788782,155.60082541788782,157.94360262197682,161.91750287554726,157.92539978027344
2020-10-02,160.65902715879878,162.95951825236054,159.8793649641462,162.3049774169922,2275700,0.0,0,0.003630757612112623,2.3349420129004606,155.30743103027345,162.63958584214245,147.97527621840445,156.082101248153,156.082101248153,157.8910608510015,161.86496110457193,155.7211456298828
2020-10-05,162.30496516697798,162.67073839111606,159.0900558740295,162.34347534179688,1450200,0.0,0,0.00023719497342211682,2.3354958494091527,155.75430068969726,163.6430024122759,147.86559896711861,156.082101248153,156.082101248153,157.8910608510015,161.86496110457193,154.41207885742188
2020-10-06,162.43012858087988,162.43012858087988,158.28154512828337,158.90719604492188,2010000,0.0,0,-0.021166722528517257,2.2860610567982054,156.1291816711426,163.86588491139582,148.39247843088935,156.3901228494803,156.082101248153,157.8910608510015,161.86496110457193,158.47402954101562
2020-10-07,159.9756068150211,160.26437439102932,158.03125413638352,158.74354553222656,1514400,0.0,0,-0.0010298496025884507,2.283706757727369,156.36261978149415,164.11921765655376,148.60602190643453,156.61631859779607,156.082101248153,157.70000477207492,161.86496110457193,160.69752502441406
2020-10-08,159.5424595505864,162.96913084163998,159.14781102764417,159.5713348388672,1329000,0.0,0,0.005214632846112011,2.295615449997102,156.7582893371582,164.31727031446437,149.19930835985204,159.3691993486483,156.08690754279274,156.89518905169697,161.86496110457193,161.7178192138672
2020-10-09,160.3606313065808,161.3520553668562,158.7050462435847,161.0921630859375,1010400,0.0,0,0.009530710817240662,2.317494296998614,157.23812026977538,164.6140838721718,149.86215666737897,159.63390240279904,156.08690754279274,157.53522265159955,161.86496110457193,159.2248077392578
2020-10-12,161.9295959472656,162.18948826049163,160.28364556727192,161.92959594726562,1029700,0.0,0,0.005198470523245735,2.3295417227893513,157.62650985717772,165.13194535482126,150.1210743595342,160.50019248901174,156.08690754279274,156.49637365836253,161.86496110457193,160.11038208007812
2020-10-13,161.7948278796042,161.7948278796042,159.72535378832853,160.5531463623047,1635400,0.0,0,-0.00850029654498241,2.3097399273317327,157.787255859375,165.3992242973129,150.17528742143708,160.50019248901174,156.08690754279274,155.4766298522613,160.96223499127663,164.2589569091797
2020-10-14,160.9092801008181,161.2173027647592,158.33927658379167,158.84942626953125,1463900,0.0,0,-0.010611564652422412,2.2852299727625707,157.7323905944824,165.29645861061624,150.16832257834858,160.50019248901174,156.08690754279274,155.2736379847477,160.96223499127663,161.79483032226562
2020-10-15,158.01201638648294,162.18947470252667,157.32860026804147,161.84295654296875,1045700,0.0,0,0.018845080802232017,2.328295316250964,157.99661102294922,165.74713135722735,150.2460906886711,160.1488655548407,156.08690754279274,155.2736379847477,160.96223499127663,160.71676635742188
2020-10-16,160.78415505657128,162.14135247366283,160.12962888191524,160.64939880371094,1171700,0.0,0,-0.00737478951665671,2.311124628360995,158.34409103393554,165.9119329010612,150.7762491668099,160.1488655548407,156.08690754279274,155.2736379847477,160.96223499127663,160.12962341308594
2020-10-19,161.948840737882,162.4301151531506,157.61737100046466,158.16603088378906,3165600,0.0,0,-0.015458308206656723,2.275398551551796,158.66847076416016,165.58726209647244,151.74967943184788,160.1488655548407,156.08690754279274,155.2736379847477,160.96223499127663,158.0986328125
2020-10-20,158.50292355026937,159.43659714617868,156.18317720631617,158.30079650878906,2080900,0.0,0,0.000852051633634332,2.2773373086048148,158.88408279418945,165.4628929343246,152.3052726540543,159.57615402397806,156.08690754279274,155.2736379847477,160.96223499127663,158.78204345703125
2020-10-21,156.81845573682102,159.25370313458956,156.65482419599297,157.65586853027344,1434300,0.0,0,-0.004074066541287502,2.268059284872602,159.27728424072265,164.40034674866158,154.15422173278372,159.30664617973338,156.08690754279274,155.0037712997885,160.96223499127663,160.90928649902344
2020-10-22,156.54894081875682,157.2227220609784,148.81967490389945,150.39825439453125,3377500,0.0,0,-0.046034532069122225,2.1636502369884636,159.22193756103516,164.69551739279638,153.74835772927395,155.62489502852503,155.89440287276972,155.7413692223914,160.96223499127663,161.2943115234375
2020-10-23,150.5330071945181,153.0356399652438,149.19506494156752,152.5351104736328,1784100,0.0,0,0.014207984578704425,2.1943913461893056,159.0660041809082,165.09328822444553,153.0387201373709,155.62489502852503,155.89440287276972,155.7413692223914,159.663078723575,164.40335083007812
2020-10-26,151.7939418936909,154.42169598915925,150.80251781074386,153.93080139160156,1548100,0.0,0,0.009149964972884117,2.2144699501437377,158.88937683105468,165.29363102556118,152.48512263654817,155.62489502852503,155.89440287276972,155.8894331254998,159.663078723575,160.59164428710938
2020-10-27,154.1907019503903,156.26981098216572,154.1233164812696,154.594970703125,1763700,0.0,0,0.004314726523340751,2.224024782372764,158.71756286621093,165.38651880042818,152.04860693199367,155.62489502852503,155.89440287276972,155.80344682277718,159.663078723575,161.169189453125
2020-10-28,152.56399935715606,154.08482836874805,150.63890157346952,150.97579956054688,1743400,0.0,0,-0.02341066547066506,2.1719588821941667,158.25313339233398,165.68530547843253,150.82096130623543,155.62489502852503,155.89440287276972,155.80344682277718,159.663078723575,157.37673950195312
2020-10-29,152.86238381260588,153.63242584666574,150.36938576234266,151.8035888671875,1310500,0.0,0,0.0054829271250764755,2.1838675744639,157.757421875,165.51801524254327,149.99682850745674,155.62489502852503,155.89440287276972,155.35537007995694,159.27707958114055,156.3660430908203
2020-10-30,150.77365201988906,151.68807049443157,148.3095293017126,150.35012817382812,1256000,0.0,0,-0.00957461351345923,2.162957886473832,157.1596794128418,165.26488639808056,149.05447242760303,153.87306322394562,155.63933007167628,155.35537007995694,159.27707958114055,155.28799438476562
2020-11-02,151.55330555424953,154.78747010828548,151.0527760660229,153.5072784423828,1260700,0.0,0,0.020998653655316613,2.208377090002932,156.7178695678711,164.6026067350596,148.83313240068262,153.78161621815107,155.63933007167628,155.35537007995694,159.27707958114055,152.45809936523438
2020-11-03,154.76820515237318,156.31790920836448,153.18000560927834,154.34469604492188,1311500,0.0,0,0.005455230599071381,2.220424296278604,156.4897445678711,164.37189111872058,148.60759801702162,152.7661256813455,155.63933007167628,155.35537007995694,159.27707958114055,151.33192443847656
2020-11-04,153.65168741408087,159.25371444055577,153.58430194036964,156.0580596923828,1684400,0.0,0,0.011100891001542879,2.24507298436877,156.3554702758789,164.16994142438153,148.54099912737627,153.78162187113418,155.63933007167628,154.8163431397115,159.27707958114055,151.7747039794922
2020-11-05,157.58849291597468,158.29114943735416,155.55751433206393,156.81845092773438,1213400,0.0,0,0.004872489359732057,2.2560120785969286,156.21782608032225,163.895174938485,148.5404772221595,153.78162187113418,155.63933007167628,155.16527197087527,159.27707958114055,150.64865112304688
2020-11-06,157.29011400260478,159.09007568533582,156.03879753707474,157.92539978027344,877200,0.0,0,0.007058792163743277,2.271936798978639,156.05948791503906,163.45042811994887,148.66854771012925,153.78162187113418,155.63933007167628,155.60082541788782,158.25971671780377,150.86221313476562
2020-11-09,160.90928313905331,163.0750179660465,155.4035027594443,155.7211456298828,2174000,0.0,0,-0.013957565745962741,2.2402260917362224,155.74906539916992,162.62601208636747,148.87211871197238,155.69227363387955,155.69227363387955,156.082101248153,158.25971671780377,149.60997009277344
2020-11-10,155.72114583092096,156.00029321166485,151.7650696210129,154.41207885742188,2372500,0.0,0,-0.008406480488991064,2.221393674805113,155.44201202392577,161.96935377838687,148.91467026946466,155.69227363387955,155.69227363387955,156.082101248153,158.25971671780377,151.1922607421875
2020-11-11,155.6826439717496,161.02477791681633,154.94147730342445,158.47402954101562,1254000,0.0,0,0.026305912812328636,2.279829463136395,155.4232421875,161.9129266710374,148.93355770396258,155.69227363387955,155.69227363387955,156.23611204881666,158.25971671780377,149.3090362548828
2020-11-12,158.16603157639992,160.87079145208085,157.86762910026985,160.69752502441406,1883700,0.0,0,0.01403066161590183,2.311816978875625,155.36597061157227,161.64247274691203,149.0894684762325,157.06389701603467,155.69227363387955,156.34920992297452,158.25971671780377,148.77511596679688
2020-11-13,161.23654481204198,162.0643373706745,159.43658324916106,161.7178192138672,1649900,0.0,0,0.006349159324626319,2.3264950732038825,155.41939163208008,161.8921368347673,148.94664642939284,157.42004379352971,155.69227363387955,157.72805344572052,158.25971671780377,148.99839782714844
2020-11-16,162.93062619175933,163.07500262504522,158.3392646780061,159.2248077392578,2073100,0.0,0,-0.015415811855046369,2.290630262873679,155.47233047485352,162.0516708146526,148.89299013505445,157.42004379352971,155.69227363387955,157.8604049727959,158.25971671780377,147.99855041503906
2020-11-17,158.9168308321987,160.63978691776535,158.33929561157072,160.11038208007812,2371700,0.0,0,0.005561786215314557,2.303370258694112,155.56280975341798,162.34414133239008,148.78147817444588,157.42004379352971,155.69227363387955,158.29355001590224,156.13425195826824,149.4934844970703
2020-11-18,160.06224329655478,165.68353979534055,159.73498020946244,164.2589569091797,3104400,0.0,0,0.025910717189012056,2.3630522340487166,155.8929641723633,163.6357076013604,148.1502207433662,158.72430470817673,156.99653454852657,158.29355001590224,156.08690754279274,151.67764282226562
2020-11-19,163.9509450023974,163.96056520331896,160.90928715560338,161.79483032226562,2220200,0.0,0,-0.015001474703607798,2.3276029657363306,156.46279296875,164.18129249884618,148.7442934386538,158.72430470817673,156.99653454852657,158.29355001590224,156.08690754279274,151.25050354003906
2020-11-20,161.8140713476252,162.51672782439994,160.0237300807326,160.71676635742188,1569800,0.0,0,-0.006663154580998976,2.312093787372438,156.87187576293945,164.5814981229202,149.1622534029587,158.72430470817673,156.99653454852657,158.11788654881673,156.08690754279274,151.8135223388672
2020-11-23,161.22692848813887,161.6023219430957,158.9071822906042,160.12962341308594,2037400,0.0,0,-0.0036532774871177454,2.3036470671909255,157.18181686401368,164.89198642233157,149.4716473056958,160.3125085493825,156.99653454852657,158.11788654881673,156.08690754279274,154.53160095214844
2020-11-24,161.51568382597404,161.96808291524874,157.86761582414854,158.0986328125,2143900,0.0,0,-0.012683415830852196,2.27442895351022,157.35699996948242,164.98193005865764,149.7320698803072,161.77557780974456,156.99653454852657,158.11788654881673,156.08690754279274,150.46421813964844
2020-11-25,158.41627024315596,160.26436202474576,157.38633606190837,158.78204345703125,1932400,0.0,0,0.0043226853539066745,2.28426059423606,157.74731216430663,164.7972065575607,150.69741777105256,161.53493792862446,156.99653454852657,157.8315307833854,156.08690754279274,151.0563507080078
2020-11-27,159.1189450838315,160.90928649902344,158.56066499873623,160.90928649902344,879700,0.0,0,0.013397251954172296,2.314863408946028,158.20259704589844,164.81632405488233,151.58887003691456,161.53493792862446,156.99653454852657,157.69677686126306,156.08690754279274,146.99867248535156
2020-11-30,160.74565165052064,161.46756325972956,157.86762541436917,161.2943115234375,3208900,0.0,0,0.0023928079776576183,2.320402432578142,158.74980621337892,164.40630073133892,153.09331169541892,161.53493792862446,156.99653454852657,155.75964895064737,155.89440287276972,147.98883056640625
2020-12-01,161.70821104191353,164.49959690520492,161.46757382310113,164.40335083007812,2891900,0.0,0,0.019275566988540938,2.3651295051076753,159.29460983276368,164.92499067703415,153.66422898849322,161.53493792862446,156.99653454852657,155.75964895064737,155.89440287276972,149.5517120361328
2020-12-02,163.67179762510867,164.17232713232406,160.09112946722362,160.59164428710938,1494000,0.0,0,-0.023185090350794635,2.3102937638404235,159.60695724487306,164.7734687080286,154.44044578171753,160.94296648355663,156.99653454852657,155.75964895064737,155.89440287276972,148.5809783935547
2020-12-03,159.9756235349651,162.26649460677842,159.9756235349651,161.169189453125,1861200,0.0,0,0.003596358755646678,2.318602409046127,159.86251373291014,164.79968816321616,154.92533930260413,160.94296648355663,156.99653454852657,155.75964895064737,155.89440287276972,146.05706787109375
2020-12-04,161.63120372478625,161.6600790157635,156.92434036020268,157.37673950195312,2521300,0.0,0,-0.023530861972069994,2.2640436957907535,159.8904281616211,164.76365419416695,155.01720212907523,160.71196863270382,156.99653454852657,155.75964895064737,155.89440287276972,148.2218017578125
2020-12-07,156.73181631948657,158.8205453657568,155.3072482674457,156.3660430908203,2032600,0.0,0,-0.006422146082904923,2.249503676438305,159.81246032714844,164.85770386404855,154.76721679024834,159.9034225863253,156.99653454852657,155.75964895064737,155.89440287276972,150.23123168945312
2020-12-08,156.7029422476262,157.61736063905883,154.98960661688713,155.28799438476562,2403800,0.0,0,-0.0068943914212149515,2.2339947175894777,159.7908027648926,164.91009410309752,154.67151142668766,159.74460176104603,158.36815793068172,154.75619664781095,155.63933007167628,152.6483612060547
2020-12-09,154.52757334950084,154.91260167058604,151.0046560073755,152.45809936523438,3029600,0.0,0,-0.018223527393363526,2.193283453656856,159.6931037902832,165.2779494449348,154.10825813563162,157.75212645629023,158.34409790135803,154.7104731449137,155.63933007167628,154.72573852539062
2020-12-10,152.4484845782788,153.57466491870147,150.63888812324274,151.33192443847656,2148200,0.0,0,-0.007386783197788072,2.177082144293397,159.33599853515625,166.00752508391582,152.66447198639668,157.56924251422384,158.16121395929164,154.2027278765109,155.63933007167628,154.40538024902344
2020-12-11,152.5062505456849,152.94901481617248,150.292385131255,151.7747039794922,2702600,0.0,0,0.0029258832375163024,2.1834520324460813,158.88985748291014,166.29859474449688,151.4811202213234,157.39599101822995,157.98796246329778,154.71047597140523,155.63933007167628,154.67718505859375
2020-12-14,153.2890564874754,154.2500764699958,150.38654803132832,150.64865112304688,2711700,1.33,0,-0.00741923935228006,2.1672524792031416,158.33639907836914,166.44601842952935,150.22677972720894,157.23235613178952,157.98796246329778,154.71047597140523,155.63933007167628,154.26950073242188
2020-12-15,150.75543149180334,151.44464634088564,149.833234472912,150.86221313476562,3088400,0.0,0,0.0014176164879453612,2.1703248120512004,157.91826934814452,166.64720747988596,149.18933121640308,156.0498645398452,157.75838713412628,154.71047597140523,155.63933007167628,156.1818389892578
2020-12-16,151.31847656007466,152.64838140696892,149.02753682532347,149.60997009277344,4286500,0.0,0,-0.00830057451744759,2.152309869221704,157.39324874877929,166.77753417983376,148.0089633177248,155.3438079205435,157.355538310332,155.69227363387955,155.69227363387955,158.66693115234375
2020-12-17,151.7067500753014,152.9201711085453,150.48362700620822,151.1922607421875,4831200,0.0,0,0.010576104309310885,2.175072922904552,156.7399139404297,165.93679274933572,147.54303513152365,153.92404109554013,157.355538310332,155.69227363387955,155.69227363387955,155.201416015625
2020-12-18,150.2894899777043,151.24080796701134,147.63936764623094,149.3090362548828,5924500,0.0,0,-0.012455825966621092,2.147980593112143,156.11562423706056,165.54985276956776,146.68139570455335,152.6283641426449,156.66145372078574,155.69227363387955,155.69227363387955,153.5026092529297
2020-12-21,147.9888215322944,149.1051777346369,146.78511738555696,148.77511596679688,2423100,0.0,0,-0.0035759408906403944,2.140299541476931,155.5185417175293,165.22303348320935,145.81404995184926,150.8488595280715,156.23432859044874,156.3780853249571,155.69227363387955,154.59954833984375
2020-12-22,148.24122430272934,149.77497542287293,147.55199465241546,148.99839782714844,2248400,0.0,0,0.001500801117852113,2.143511705421318,154.96198043823242,164.82205759309676,145.10190328336807,150.51759692777637,156.23432859044874,156.55615871370463,155.69227363387955,159.4629364013672
2020-12-23,149.69733994554457,150.83310031132453,147.95001060885647,147.99855041503906,1977100,0.0,0,-0.006710457472631992,2.1291277612799995,154.45697631835938,164.65524166202525,144.2587109746935,150.51759692777637,156.23432859044874,156.55615871370463,155.69227363387955,160.76373291015625
2020-12-24,148.40626389519977,149.774991684244,148.11503985905023,149.4934844970703,521800,0.0,0,0.010101004893892096,2.15063409121641,153.99254837036133,164.20682222544858,143.7782745152741,150.51759692777637,156.23432859044874,156.55615871370463,155.69227363387955,158.3854217529297
2020-12-28,149.8235317614615,151.74560151613952,148.94015761471988,151.67764282226562,1742200,0.0,0,0.01461039143306686,2.18205569711838,153.53096618652344,163.2716190515298,143.7903133215171,149.85264424705113,155.64235714538094,157.86041962835165,156.99653454852657,158.35630798339844
2020-12-29,152.40568274096862,153.35700068962353,150.63893459548376,151.25050354003906,1771500,0.0,0,-0.002816099157916585,2.175910811907198,153.0287757873535,162.1241656961889,143.93338587851812,150.07105903759026,155.64235714538094,157.86041962835165,156.99653454852657,157.51173400878906
2020-12-30,151.4252335571271,152.59011471461494,151.13400956468823,151.8135223388672,1310100,0.0,0,0.0037224259466950294,2.1840104787711354,152.39928436279297,159.8331838642428,144.96538486134313,150.07105903759026,155.64235714538094,157.86041962835165,156.99653454852657,156.19155883789062
2020-12-31,151.24080363526292,154.69662443856822,150.65835560250122,154.53160095214844,1579900,0.0,0,0.017904061320796805,2.2231131363083168,152.0962821960449,158.59559076238324,145.59697362970658,150.74087091206258,155.64235714538094,158.65452154895453,156.99653454852657,159.19113159179688
2021-01-04,153.71619265015505,154.40540754805286,149.85264915825138,150.46421813964844,2218700,0.0,0,-0.026320718787864572,2.164599200613938,151.5610336303711,156.55876306215862,146.56330419858358,150.74087091206258,155.64235714538094,159.38605617913555,156.99653454852657,158.30776977539062
2021-01-05,150.66806192148115,152.44449719149495,150.36712107781509,151.0563507080078,2380600,0.0,0,0.003935371317383973,2.173117702221666,151.24501419067383,155.4624081135536,147.02762026779405,151.12430954549183,155.64235714538094,159.26573623857553,156.99653454852657,157.25936889648438
2021-01-06,150.08562333712615,150.1341631415515,146.91130972474716,146.99867248535156,2709900,0.0,0,-0.02686201674830435,2.114743378108551,150.7766456604004,154.68083389939883,146.87245742140195,150.80396708165767,155.64235714538094,159.26573623857553,156.99653454852657,159.6473846435547
2021-01-07,146.62980489445974,148.77512504890882,146.3482829116694,147.98883056640625,2568000,0.0,0,0.006735830088216321,2.128987930183671,150.41168746948242,153.89887260182329,146.92450233714155,150.5224536751188,155.42393990843715,159.26573623857553,156.99653454852657,157.22055053710938
2021-01-08,149.31874467931405,150.59040754284445,148.8624971891861,149.5517120361328,2432600,0.0,0,0.01056080694566508,2.1514717607039917,150.26636810302733,153.63947733945636,146.8932588665983,150.5224536751188,155.26030502199671,159.26573623857553,156.99653454852657,158.35630798339844
2021-01-11,149.2604912192524,150.2118239874979,147.51317675667786,148.5809783935547,1622500,0.0,0,-0.006490956401378978,2.137506651306464,150.12882080078126,153.54146191610798,146.71617968545453,150.5224536751188,154.3073887592239,158.9697505160416,156.99653454852657,160.07449340820312
2021-01-12,147.9500017000777,148.5130308309006,144.7756881639241,146.05706787109375,2304100,0.0,0,-0.016986767416322435,2.101197322969879,149.84293899536132,153.60060363372986,146.08527435699278,149.73615630124615,153.21788358984378,158.9697505160416,156.99653454852657,160.94818115234375
2021-01-13,146.00852307767963,148.47418798896177,145.95028124066582,148.2218017578125,1457400,0.0,0,0.014821151199812421,2.1323394861942564,149.72159652709962,153.5243085017355,145.91888455246374,149.73615630124615,151.79811676484044,158.8542515906152,156.99653454852657,160.4822235107422
2021-01-14,149.5808397682652,151.55143441653772,147.95971098340536,150.23123168945312,3882400,0.0,0,0.013556912058888093,2.1612474250882867,149.69004745483397,153.46444249243837,145.91565241722958,149.59054785598846,151.19652440149144,158.44997856742594,156.99653454852657,156.90989685058594
2021-01-15,150.2506401344026,153.33759084877087,149.5225875372354,152.6483612060547,2437200,0.0,0,0.016089394258565815,2.1960205870008425,149.84196701049805,153.83206951904947,145.85186450194664,149.0566395063475,149.84414491725505,159.0563798458639,156.99653454852657,156.48277282714844
2021-01-19,154.2209512401094,155.31788856804704,152.42509704090224,154.72573852539062,2824700,0.0,0,0.013608906790238962,2.225906026478783,150.0186408996582,154.51847560010435,145.51880619921207,150.04678836598555,150.04678836598555,158.0481121788241,156.99653454852657,154.93931579589844
2021-01-20,154.89074860882158,156.73515726341464,153.63850475793976,154.40538024902344,1670800,0.0,0,-0.0020704911763249623,2.22129730769163,150.27345809936523,155.14941555067858,145.39750064805187,150.75542271366936,150.75542271366936,157.86522823675773,156.99653454852657,151.1922607421875
2021-01-21,153.5220059944544,155.11401361914838,152.51244632534446,154.67718505859375,1491600,0.0,0,0.00176033250351737,2.225207529542335,150.56856155395508,155.7541092042586,145.38301390365154,150.75542271366936,150.75542271366936,157.69197674076386,156.99653454852657,149.2313690185547
2021-01-22,154.2500818476961,154.99755338081366,153.33760163735107,154.26950073242188,1367800,0.0,0,-0.0026357107935306434,2.219342526038875,150.83211669921874,156.20612041986388,145.4581129785736,150.75542271366936,150.75542271366936,157.61015929754365,156.99653454852657,148.6780548095703
2021-01-25,155.36642365397475,157.56028343097944,154.8422175011016,156.1818389892578,1720100,0.0,0,0.012396087676156187,2.2468536905750747,151.24128112792968,156.93040155006668,145.5521607057927,151.16798579745176,151.16798579745176,156.90412583698574,156.99653454852657,144.17384338378906
2021-01-26,155.86150231937248,159.4920633788576,154.9490073335153,158.66693115234375,1882800,0.0,0,0.01591153093834974,2.2826045725866053,151.69995346069337,158.18428028333875,145.21562663804798,152.7211723097617,152.13387577139085,156.34967311543775,156.99653454852657,144.7659912109375
2021-01-27,158.00684498647405,158.2301103198581,154.45394447588112,155.201416015625,1866000,0.0,0,-0.02184144554602463,2.232749189111348,151.87614212036132,158.5394563160354,145.21282792468725,153.7258871811315,152.13387577139085,155.63978970293607,156.99653454852657,145.75613403320312
2021-01-28,152.84250055093733,156.21095830747458,152.2794714502657,153.5026092529297,2522300,0.0,0,-0.010945819995123562,2.208309918393077,151.98874740600587,158.6823421332245,145.29515267878725,154.50732545804652,152.13387577139085,154.64490893171532,156.66145372078574,142.47503662109375
2021-01-29,151.56115201388096,155.22081934317268,150.57099626060796,154.59954833984375,2569600,0.0,0,0.007146061505095336,2.224090636892226,152.1280487060547,158.9175784112248,145.3385190008846,155.03152981973278,152.13387577139085,153.54159405926012,156.23432859044874,146.62008666992188
2021-02-01,155.3178861668543,159.72502466944087,153.41523554391242,159.4629364013672,1898500,0.0,0,0.031457970697512216,2.294056014976193,152.37461547851564,159.8285889005638,144.92064205646747,155.1480104650244,152.25035641668248,153.37596275911255,156.23432859044874,147.49375915527344
2021-02-02,160.24924355635167,162.2198382086074,159.4435301804031,160.76373291015625,1608400,0.0,0,0.008157359560437172,2.3127694547421376,152.88959121704102,161.1346466992791,144.64453573480293,156.3954172346077,153.49776318626573,153.37596275911255,156.23432859044874,151.18255615234375
2021-02-03,159.7444473644111,160.17157393152476,156.63809252940487,158.3854217529297,2201500,0.0,0,-0.014793828895200534,2.2785547391546364,153.25604476928712,161.79216543702432,144.7199241015499,156.3954172346077,153.49776318626573,153.37596275911255,156.23432859044874,155.36329650878906
2021-02-04,157.8709395556308,159.83181733897845,156.51189907052003,158.35630798339844,2014400,0.0,0,-0.0001838159674610873,2.2781359044108456,153.82392654418945,162.12477570770864,145.52307738067026,156.3954172346077,153.49776318626573,152.74750069621604,156.23432859044874,158.16351318359375
2021-02-05,158.71545286753997,158.79311358219488,157.1816870807058,157.51173400878906,2192900,0.0,0,-0.005333377529223027,2.2659857455697447,154.3000717163086,162.29086996957093,146.30927346304625,156.3954172346077,153.49776318626573,152.8567080914856,156.23432859044874,161.60015869140625
2021-02-08,157.23995645093677,157.29819829406108,152.59983532661948,156.19155883789062,2556100,0.0,0,-0.008381440146070451,2.246993521671403,154.63206405639647,162.35033995588623,146.91378815690672,156.3954172346077,153.49776318626573,152.8567080914856,156.23432859044874,161.5120391845703
2021-02-09,156.7060329660415,159.56000149981057,156.39540489548955,159.19113159179688,3077100,0.0,0,0.019204448538857832,2.2901457931254887,155.1625717163086,162.5944581914417,147.7306852411755,156.3954172346077,153.49776318626573,153.19161402872174,156.23432859044874,161.73724365234375
2021-02-10,159.98714040497515,160.63753232727356,158.11362536477858,158.30776977539062,1447600,0.0,0,-0.005549064244806057,2.277437626989463,155.77510681152344,162.01628082820872,149.53393279483817,156.3954172346077,153.49776318626573,153.19161402872174,156.23432859044874,162.15823364257812
2021-02-11,157.16228928707287,158.91933541890106,156.14302744959585,157.25936889648438,2336300,0.0,0,-0.00662254847247068,2.2623551859116966,156.22698516845702,161.42665510201,151.02731523490405,157.40983676761346,153.49776318626573,153.38333334543637,156.23432859044874,164.38079833984375
2021-02-12,157.59912935176814,159.8803520015375,156.78369916202303,159.6473846435547,2199500,0.0,0,0.015185204950442177,2.2967095130804616,156.69779281616212,161.3061701515962,152.08941548072804,157.40983676761346,153.49776318626573,153.22316211351932,156.23432859044874,165.16407775878906
2021-02-16,159.5114901508802,160.06480246635175,155.96829167552198,157.22055053710938,3150900,0.0,0,-0.015201214300276322,2.261796739586642,156.92640228271483,161.1413252234193,152.71147934201036,156.61868382694652,153.49776318626573,152.97319679177798,156.01591135350498,164.17515563964844
2021-02-17,156.39541538778184,158.59899219728226,156.2886337411822,158.35630798339844,1569300,0.0,0,0.007223975761495582,2.2781359044108456,157.10793075561523,161.23909731701326,152.9767641942172,156.61868382694652,153.49776318626573,152.89137934855776,156.01591135350498,163.98916625976562
2021-02-18,158.17185756303147,160.47249905366644,157.7447309983653,160.07449340820312,1744100,0.0,0,0.01085012303384092,2.3028539592615136,157.39138641357422,161.5198546917573,153.26291813539115,156.61868382694652,153.49776318626573,152.41492121717135,156.01591135350498,169.6679229736328
2021-02-19,160.59871527548407,161.52091236900358,159.9483233292699,160.94818115234375,4530800,0.0,0,0.005458007241120333,2.3154229528464056,157.7049362182617,161.9138600987345,153.49601233778893,157.06037384781155,154.0850597246366,151.47701994554495,155.22961397963232,171.37155151367188
2021-02-22,160.18128264426343,161.42382463006035,158.44367019627626,160.4822235107422,3437100,0.0,0,-0.0028950786412461627,2.308719621310169,158.01557235717775,162.07735823963472,153.95378647472077,158.74460202226277,155.08977459600638,150.7671365330433,155.22961397963232,167.416015625
2021-02-23,161.4335339249855,161.4335339249855,156.90989685058597,156.90989685058594,2594800,0.0,0,-0.02225995242343537,2.257327632380753,158.05197525024414,162.05947425731557,154.0444762431727,158.74460202226277,155.8712128729214,150.39353612873995,155.22961397963232,168.53216552734375
2021-02-24,156.2886284250989,157.36614689058254,155.57999469209724,156.48277282714844,1731800,0.0,0,-0.002722097407560131,2.2511829666846355,157.94276733398436,161.9965592649836,153.88897540298512,158.5504535305504,156.3954172346077,149.45039221180127,155.22961397963232,170.8134765625
2021-02-25,156.30805836742607,157.93888923474194,153.26964715806392,154.93931579589844,2360600,0.0,0,-0.009863430992208433,2.2289785788419065,157.92966232299804,162.0207470292454,153.83857761675068,157.39527976353375,156.3954172346077,150.04678836598555,155.22961397963232,173.73118591308594
2021-02-26,155.3178922552167,155.80326066851424,151.075777062922,151.1922607421875,3615900,0.0,0,-0.024184017042174988,2.1750729229045507,157.81414489746095,162.4937008243366,153.1345889705853,156.2983447159628,156.3954172346077,150.75542271366936,155.22961397963232,172.9282989501953
2021-03-01,151.76499274227052,153.35700055407446,149.11488533865418,149.2313690185547,2198700,0.0,0,-0.012969524458507298,2.146863261431903,157.54573593139648,163.411880990866,151.67959087192696,155.31789885382886,155.66736177363077,150.75542271366936,155.22961397963232,172.5758514404297
2021-03-02,149.31874466529854,149.97883859258096,147.32873122313748,148.6780548095703,2443300,0.0,0,-0.003707760724995901,2.1389032061492292,157.00649185180663,163.9629229210025,150.05006078261076,154.42482179607055,154.77428471587245,150.75542271366936,155.22961397963232,172.07650756835938
2021-03-03,148.88190829319788,148.94986698365898,144.15442449904748,144.17384338378906,2593500,0.0,0,-0.030295065613754057,2.0741049931774693,156.17699737548827,164.89773171848182,147.45626303249472,152.83766843402555,153.18713135382745,151.16798579745176,155.22961397963232,171.57717895507812
2021-03-04,144.60096772387496,148.35771459424075,144.20296206034658,144.7659912109375,2880900,0.0,0,0.004107179313879827,2.082623714300263,155.49602584838868,165.47185726560193,145.52019443117544,152.7939792120165,153.18713135382745,152.42752404057626,155.22961397963232,173.82908630371094
2021-03-05,145.55228758687363,146.59096832775168,141.87318658177162,145.75613403320312,3773800,0.0,0,0.0068396093169624805,2.096868046860318,154.86601715087892,165.6102638340974,144.12177046766044,151.65336025337857,152.0465123951895,152.9298814762612,155.22961397963232,173.40806579589844
2021-03-08,145.70759176871834,146.47446728207763,142.14497486952084,142.47503662109375,3389500,0.0,0,-0.022510870186512655,2.049665722459199,154.11418228149415,166.06329170459026,142.16507285839805,149.9060379082568,152.0465123951895,153.32060061471867,155.22961397963232,172.0177459716797
2021-03-09,144.04763995349995,147.31901838386835,143.86319758283784,146.62008666992188,2533600,0.0,0,0.029093167105839868,2.1092969898338167,153.6356086730957,165.97812731898864,141.29309002720277,149.9060379082568,152.0465123951895,153.58270279556183,155.22961397963232,175.71875
2021-03-10,147.00839073094374,148.17327198688128,145.6105272989112,147.49375915527344,1860900,0.0,0,0.0059587502994622454,2.121865763903644,153.05074005126954,165.39339838589444,140.70808171664464,148.83822362514292,152.0465123951895,153.69918344085346,155.22961397963232,175.8656005859375
2021-03-11,148.0373635548921,152.04651132092746,147.76555843301867,151.18255615234375,2568400,0.0,0,0.0250098513875896,2.1749333113232883,152.6944793701172,164.81660181514965,140.57235692508473,147.61509356792305,151.6970494753876,154.9465902104367,155.22961397963232,176.942626953125
2021-03-12,150.61467916284704,155.53954195499173,149.76286850245097,155.36329650878906,2381300,1.33,0,0.027653589559846203,2.2350780244346597,152.59967575073242,164.6053557311312,140.59399577033363,148.70636426838166,151.6970494753876,154.9465902104367,155.22961397963232,179.17495727539062
2021-03-15,154.93250114638008,158.63349106597423,154.45273766056135,158.16351318359375,2622000,0.0,0,0.018023669281800325,2.2753623315660896,152.52548217773438,164.37159274813345,140.6793716073353,150.25333882387292,151.6970494753876,154.9465902104367,154.63764253456452,179.0672607421875
2021-03-16,158.60412063069202,162.1582368890625,157.79146734300602,161.60015869140625,2594500,0.0,0,0.0217284343186237,2.3248023925385937,152.7444625854492,165.08665372540185,140.40227144549658,152.01571173541706,152.01571173541706,154.9465902104367,154.63764253456452,180.3596649169922
2021-03-17,161.34557935015863,162.53029469830176,159.8475603592721,161.5120391845703,2235100,0.0,0,-0.0005452934424663436,2.3235346930389125,152.90224914550782,165.60673168919357,140.19776660182208,152.2017406400367,152.2017406400367,154.9465902104367,154.63764253456452,183.26759338378903
2021-03-18,160.47419853302642,162.24637892973504,158.71183362025943,161.73724365234375,1561500,0.0,0,0.0013943509654787967,2.3267745158814748,152.98538665771486,165.8988451335424,140.0719281818873,152.3376347839113,152.2017406400367,154.9465902104367,154.63764253456452,182.21018981933597
2021-03-19,161.99178874696548,164.82138185208498,161.05186287293506,162.15823364257812,4115900,0.0,0,0.0026029254655737244,2.3328309365215105,153.04588928222657,166.12010096645812,139.971677597995,154.34228971746143,153.3472842169283,154.9465902104367,154.63764253456452,180.87860107421875
2021-03-22,162.15824121375803,166.2508795117478,162.14845560997773,164.38079833984375,2404200,0.0,0,0.013706147676500358,2.364805061841783,153.24081802368164,166.86351253803937,139.6181235093239,155.9307034053295,154.06203304675972,155.4537999769396,154.63764253456452,181.31918334960935
2021-03-23,164.40038235792915,166.60335330806802,163.19608081515912,165.16407775878906,2269100,0.0,0,0.004765029899209683,2.3760734286672616,153.6535270690918,168.17630980726958,139.13074433091404,157.18445587054333,154.2382699449198,155.4537999769396,154.63764253456452,184.03131103515625
2021-03-24,164.56680382782127,165.46757225084258,162.10927307392132,164.17515563964844,1855700,0.0,0,-0.005987513341641271,2.361846657312397,154.03814620971679,169.2393921894969,138.83690022993667,158.1831109052595,154.2382699449198,155.0582235066061,154.63764253456452,185.10829162597656
2021-03-25,164.07728151400818,164.68431762970556,162.92193784558856,163.98916625976562,1485000,0.0,0,-0.0011328716525845772,2.359170988186576,154.49063873291016,170.30541296281606,138.67586450300425,160.5280454843147,154.2382699449198,155.0582235066061,154.4740076481241,183.7767333984375
2021-03-26,165.75153011663775,169.86375456836507,164.3220550901523,169.6679229736328,1866700,0.0,0,0.03462885288941475,2.4408663732774643,155.41442184448243,172.47404878313057,138.3547949058343,163.82761095568554,155.86847057506833,155.0582235066061,153.52109138535127,180.05615234375
2021-03-29,169.6679153193882,171.67506955601985,168.14052456444196,171.37155151367188,2317700,0.0,0,0.010040958303614067,2.465375010756237,156.52143096923828,174.68262868848245,138.3602332499941,165.19345158813962,156.77412806889572,155.57271678622408,153.49776318626573,179.3511962890625
2021-03-30,170.21623722560852,170.21623722560852,167.18102666598014,167.416015625,2030800,0.0,0,-0.02308163667618024,2.4084701204874275,157.45832901000978,175.83873755188455,139.077920468135,165.19345158813962,156.77412806889572,156.9171883091346,153.49776318626573,177.09927368164062
2021-03-31,167.4551516107695,169.26648912323026,166.26065069960595,168.53216552734375,2314300,0.0,0,0.0066669242973973475,2.4245272084532608,158.6762451171875,176.59142714378453,140.76106309059048,166.36346621447746,156.77412806889572,157.30790744759207,153.49776318626573,179.48828125
2021-04-01,169.39377223709954,170.9407491679225,168.09156985343495,170.8134765625,1815400,0.0,0,0.013536353894331832,2.4573464667733207,159.97861938476564,177.43591258992447,142.5213261796068,166.8921713149706,156.77412806889572,157.47293538257907,153.49776318626573,179.36099243164062
2021-04-05,171.20511078008386,173.9955466085933,170.8428492290998,173.73118591308594,2005900,0.0,0,0.017081259683385364,2.4993210399043253,161.37737197875975,178.5292637916788,144.2254801658407,168.05240984125732,157.93436659518244,156.89534849907074,153.49776318626573,178.41127014160156
2021-04-06,173.73116655083004,173.73116655083004,171.23446344671262,172.9282989501953,1751200,0.0,0,-0.004621432580862561,2.4877705962204764,162.90003509521483,178.37733506065743,147.42273512977224,168.05240984125732,157.93436659518244,156.34688097528525,153.49776318626573,175.09213256835938
2021-04-07,172.89895565435245,173.5843214384976,171.2344916243275,172.5758514404297,1900000,0.0,0,-0.0020381135528727556,2.482700237251881,164.19782333374025,178.27183041486904,150.12381625261145,168.4587422270909,157.93436659518244,155.49263031372982,153.49776318626573,175.99288940429688
2021-04-08,173.603898360382,174.39696550702047,172.00796352366083,172.07650756835938,1606400,0.0,0,-0.002893474770093607,2.4755166067536876,165.42696075439454,177.59671728653512,153.25720422225396,169.35951029858637,158.13507604439604,154.5995532559715,153.49776318626573,177.324462890625
2021-04-09,171.6359224584165,172.91853874748256,170.73515388090337,171.57717895507812,1390800,0.0,0,-0.00290178258692797,2.4683331957705588,166.44669189453126,176.95958986434024,155.93379392472227,170.3288081033132,158.13507604439604,153.0123998939265,153.18713135382745,178.1958770751953
2021-04-12,171.8317325670649,173.90741595179452,171.12678067416564,173.82908630371094,1425200,0.0,0,0.013124748654495644,2.5007294485605955,167.36998138427734,177.02688704039977,157.7130757281549,170.3288081033132,158.13507604439604,152.99055528292197,153.18713135382745,178.9497833251953
2021-04-13,173.5255527876252,175.5816647819523,172.91851674390165,173.40806579589844,1473500,0.0,0,-0.002422037167455926,2.49467258889043,168.13220901489257,177.14001397323764,159.1244040565475,170.9211577407791,158.86331982573657,151.84993632428404,152.0465123951895,178.04901123046875
2021-04-14,173.4178490704655,174.92566849669004,171.68485620635522,172.0177459716797,1564500,0.0,0,-0.00801761912191068,2.474671254238836,168.65308837890626,177.2826299053724,160.02354685244012,171.83661731769362,159.72243118239507,150.97627515172314,152.0465123951895,181.57376098632807
2021-04-15,173.01644442553427,175.88519489634024,172.89894248587754,175.71875,2242500,0.0,0,0.02151524546153305,2.5279144137103846,169.36342391967773,177.8611906059749,160.86565723338055,173.31017438862182,160.74786109762573,150.97627515172314,152.0465123951895,181.67166137695312
2021-04-16,176.23766265451627,176.57055243174372,174.56339828576358,175.8656005859375,1390400,0.0,0,0.0008357138093544325,2.5300270266947886,170.06984176635743,178.25417115238656,161.8855123803283,173.65285315632354,162.1680554323812,150.4423680101662,152.0465123951895,182.3472442626953
2021-04-19,176.6293083596708,177.1776158982156,174.9354726658861,176.942626953125,1394600,0.0,0,0.0061241445945035,2.5455212780342693,170.80906143188477,178.66197400983472,162.95614885393482,173.9563848895595,163.4702422003333,149.65607152165532,152.0465123951895,184.26626586914065
2021-04-20,176.68805460586807,180.65339006909772,176.31599253678408,179.17495727539062,1900800,0.0,0,0.012616125128836364,2.577635892996065,171.54876937866212,179.62660921583878,163.47092954148545,175.69427197500056,167.55306386482954,150.20170687188462,152.0465123951895,184.4327087402344
2021-04-21,180.11490293783166,180.81983986386936,177.99024679711894,179.0672607421875,1482100,0.0,0,-0.0006010691161354442,2.5760865556681427,172.24392852783203,180.39773432826243,164.09012272740162,175.77749687238637,169.3056536034377,150.97519414963025,152.0465123951895,185.32369995117188
2021-04-22,179.66449870270066,182.0828721692548,177.90211916069848,180.3596649169922,1971700,0.0,0,0.007217423047898297,2.5946792621484027,173.05315399169922,181.05253963634385,165.05376834705459,176.60482642171024,170.39735289475712,152.01571173541706,152.0465123951895,185.53909301757807
2021-04-23,181.28002523862853,184.1977486230267,180.81984789074872,183.26759338378903,1308700,0.0,0,0.016122942278336883,2.636513126122819,174.0170753479004,182.061778340377,165.9723723554238,177.94130241469097,171.45479112164307,152.2017406400367,152.2017406400367,187.5168914794922
2021-04-26,183.5123773413229,183.53196348943013,180.76111365647145,182.21018981933597,1382400,0.0,0,-0.0057697247229012705,2.621301171156775,174.64418869018556,183.18086831985653,166.1075090605146,177.94130241469097,172.62480574798087,152.269687711974,152.2017406400367,191.2276763916016
2021-04-27,182.866169161604,182.866169161604,180.3009218003652,180.87860107421875,1353600,0.0,0,-0.007307981767855631,2.6021447499899026,175.1195411682129,183.93171251774243,166.30736981868336,178.5483455544521,173.153510848474,153.84478696719486,153.3472842169283,190.8360137939453
2021-04-28,181.33876949518043,182.1514077882328,180.7708907924336,181.31918334960935,1097200,0.0,0,0.0024357899318880882,2.6084830279732434,175.81469955444337,184.26885205178206,167.36054705710467,179.38057345439515,173.153510848474,154.9963682260446,154.06203304675972,192.5984039306641
2021-04-29,182.503905237328,184.42294435366395,181.03525788314397,184.03131103515625,1373700,0.0,0,0.014957753699549547,2.6475000746351225,176.58965682983398,185.0732492025277,168.10606445714026,179.67920850977504,173.26610871379262,155.71136290773157,154.2382699449198,193.90060424804688
2021-04-30,183.42424163300927,185.6272124440576,183.23821059636663,185.10829162597656,1310000,0.0,0,0.0058521595306930685,2.6629936674294092,177.3043975830078,186.12664003392806,168.48215513208757,180.97160249042082,174.27457514482307,156.21069042508964,154.2382699449198,192.1773834228516
2021-05-03,185.1278937264108,185.1866372293917,183.24802693175636,183.7767333984375,1413300,0.0,0,-0.007193401310350622,2.643837685292667,177.8066749572754,186.90064036455738,168.7127095499934,181.76466580237803,174.97463376710493,157.38315771461725,154.2382699449198,192.97044372558597
2021-05-04,182.31788172693211,183.95297392215352,178.34273050003353,180.05615234375,2966700,0.0,0,-0.020245114742686643,2.590312887992878,178.16306762695314,187.01732501554739,169.3088102383589,181.76466580237803,175.94393157183177,159.84804076537694,155.86847057506833,196.05462646484372
2021-05-05,179.94844677261966,180.67298479951197,177.88254902849752,179.3511962890625,1929000,0.0,0,-0.0039152011498149175,2.580171291995428,178.50183486938477,186.98166213809432,170.0220076006752,181.75488073627756,175.94393157183177,160.98378982851767,156.77412806889572,191.5502166748047
2021-05-06,179.4001453121407,179.4001453121407,176.09080380778897,177.09927368164062,2141600,0.0,0,-0.012555938594312033,2.5477748196903267,178.75297317504882,186.73437726934654,170.7715690807511,180.85900812592328,175.94393157183177,160.98378982851767,156.77412806889572,194.2509002685547
2021-05-07,178.6658274441181,180.4282071140761,178.1567071593486,179.48828125,2023000,0.0,0,0.013489651982728779,2.582143415338309,179.1485282897949,186.41270607387867,171.88435050571115,180.85900812592328,176.85939114874628,161.5687971416866,156.77412806889572,192.70343017578125
2021-05-10,179.48827997185268,180.06594429460384,178.9987308970089,179.36099243164062,1452000,0.0,0,-0.0007091762062286788,2.5803122206670808,179.4251235961914,186.2622859447192,172.58796124766363,180.85900812592328,178.18118316248047,161.83314969193316,156.77412806889572,191.1658172607422
2021-05-11,178.28398259845696,179.17496552076418,176.77617798673535,178.41127014160156,1262100,0.0,0,-0.005295032532790178,2.5666493835138926,179.67528381347657,185.95073532227426,173.39983230467888,180.85900812592328,178.18118316248047,162.99338821821988,157.93436659518244,194.0340576171875
2021-05-12,177.8336105111564,178.13712856220715,174.99421677260298,175.09213256835938,1414300,0.0,0,-0.018603855970577676,2.518899808056028,179.82900314331056,185.45721961727327,174.20078666934785,180.31071460833027,178.18118316248047,162.99338821821988,157.93436659518244,191.45166015625
2021-05-13,175.3564815937965,177.29509171395097,174.41654081259475,175.99288940429688,1764200,0.0,0,0.005144473499320901,2.531858221366017,179.84271011352538,185.43159272934287,174.2538274977079,179.80158902099322,178.18118316248047,163.19655441113667,157.93436659518244,194.8126983642578
2021-05-14,176.90344292607628,178.18607402562563,176.38452211245593,177.324462890625,1438500,0.0,0,0.007566064122449756,2.5510144230178238,179.91565322875977,185.32843253369649,174.50287392382305,179.18475736737412,178.18118316248047,163.7472931714912,158.13507604439604,194.29031372070312
2021-05-17,177.1286635947603,178.98894424762597,177.03074779625018,178.1958770751953,1198700,0.0,0,0.004914235579034587,2.5635507088580485,179.9783157348633,185.27861512310488,174.6780163466217,177.54476280605337,178.3769965591116,164.2319420738546,158.13507604439604,193.1962432861328
2021-05-18,178.1958735232841,180.03658293164025,176.4824516624833,178.9497833251953,1615200,0.0,0,0.004230772688875728,2.574396509183633,179.96705703735353,185.27516997764485,174.6589440970622,177.42237396333542,178.6560343252064,164.2319420738546,158.13507604439604,193.1173858642578
2021-05-19,178.36231488149485,179.43932886282488,175.90478381118157,178.04901123046875,1301400,0.0,0,-0.005033658482221481,2.5614378763585797,179.91614456176757,185.27764776632108,174.55464135721405,177.42237396333542,178.6560343252064,164.89223878325782,158.72742568186197,193.70877075195312
2021-05-20,178.25461863502565,182.219969393802,177.69654042119146,181.57376098632807,1178000,0.0,0,0.01979651406935834,2.6121454173156997,179.9768493652344,185.38486162864626,174.5688371018225,178.31825510319837,179.26307746496758,165.77952425004435,158.72742568186197,195.187255859375
2021-05-21,180.966709526739,182.19058219171464,180.11489893266858,181.67166137695312,1567300,0.0,0,0.0005391769718996464,2.6135538259719695,179.89705276489258,185.15177496014078,174.64233056964437,178.31825510319837,180.02187662832617,167.02901774312377,158.87919073905593,194.51702880859372
2021-05-24,182.1612132244022,183.21864101586945,181.28981647122805,182.3472442626953,1890300,0.0,0,0.0037187026343112883,2.623272855469526,179.90390548706054,185.17115447378427,174.6366565003368,178.81759091423208,180.02187662832617,167.91045429435238,159.22186950675768,192.29931640625
2021-05-25,182.7095034213214,185.03976176147853,181.2604423658587,184.26626586914065,1497000,0.0,0,0.010523995655677298,2.6508801676041434,180.07328872680665,185.66645510738874,174.48012234622456,179.72815128703664,180.02187662832617,168.7133135449464,159.5254012399936,191.90505981445312
2021-05-26,184.26626385202405,185.89157032257455,183.72775689613655,184.4327087402344,1541100,0.0,0,0.0009032736964016408,2.653274637931853,180.22896499633788,186.12083886904705,174.3370911236287,180.89817706687808,180.15405556758463,171.62366791991505,161.26328832543467,194.1621856689453
2021-05-27,184.1389995348017,185.5488883465406,183.3655036161512,185.32369995117188,2905400,0.0,0,0.004830982622460844,2.6660925616003177,180.29358444213867,186.37816870084401,174.20900018343332,180.89817706687808,180.15405556758463,172.541575237912,161.34651322282048,196.7642822265625
2021-05-28,186.028642075672,187.55603274654865,185.51950687209592,185.53909301757807,1583800,0.0,0,0.0011622532167387956,2.669191236256161,180.31512451171875,186.47114347333527,174.15910555010223,181.73040827886513,180.98628677957169,173.5010896582337,161.97802937551322,197.9470672607422
2021-06-01,186.73360993138652,187.5658493774712,185.55869507915452,187.5168914794922,1412000,0.0,0,0.010659739841062832,2.6976441204206965,180.50213241577148,187.27110683212308,173.7331579994199,181.73531659432638,180.991195095033,174.69804676816702,163.03546760239917,197.8583526611328
2021-06-02,188.03582148205143,191.4137074490642,187.76167516784972,191.2276763916016,1579300,0.0,0,0.019789070108999995,2.751027989048833,181.06070861816406,189.29335322546643,172.82806401086168,184.55512393512782,182.91512413082947,175.28305408133593,163.03546760239917,198.82427978515625
2021-06-03,190.72831240561237,191.27660494990695,189.74921430798585,190.8360137939453,1662400,0.0,0,-0.0020481480769248828,2.745393476363496,181.63494949340821,190.86385186775772,172.4060471190587,185.76430319086637,182.91512413082947,175.85092820146306,163.03546760239917,200.16476440429688
2021-06-04,191.815122421593,193.0291945677936,191.02205530935495,192.5984039306641,1013100,0.0,0,0.009235102440473986,2.770747466357122,182.40990600585937,192.5532403907166,172.26657162100213,187.14481846682617,183.72286769019416,176.26704215143457,163.03546760239917,197.51336669921875
2021-06-07,192.78443287868177,194.7426293119436,192.12843886632143,193.90060424804688,1271000,0.0,0,0.006761220710071791,2.7894811015090344,183.13052215576172,194.34470041823914,171.9163438932843,188.00153583890113,184.5795850622692,176.47265861178383,163.1480654677178,199.00169372558597
2021-06-08,194.54679914981483,194.84053158238183,191.85427924101307,192.1773834228516,1625800,0.0,0,-0.00888713488995041,2.764690606686956,183.77134170532227,195.50899777770124,172.0336856329433,189.1030175992665,184.6285361974883,177.62308881762195,163.7501995129146,199.267822265625
2021-06-09,193.13688861220348,193.9299706341129,191.81511512205765,192.97044372558597,1695800,0.0,0,0.004126709858409239,2.7760996826690225,184.4993003845215,196.6207965087809,172.37780426026208,189.1030175992665,184.6285361974883,178.36964978474148,163.7501995129146,200.1943206787109
2021-06-10,192.46133790910707,196.27981486483463,192.25572071617432,196.05462646484372,2569200,0.0,0,0.01598266905393886,2.820469165157866,185.54742507934571,197.8597378490655,173.23511230962592,190.89966086846528,185.3481778387147,178.85429868710492,163.7501995129146,199.1298370361328
2021-06-11,195.8870630417171,196.064471895764,190.72227860975892,191.5502166748047,1807300,1.33,0,-0.022975279243648727,2.7556680984902635,186.3252914428711,198.07153065685716,174.57905222888505,190.91925497199458,185.3481778387147,178.84940615405466,163.7501995129146,200.3618927001953
2021-06-14,191.21511214722085,194.42830913291132,190.78142598135204,194.2509002685547,1057000,0.0,0,0.014099089213430505,2.794520508853482,187.17161331176757,198.6345079141127,175.70871870942244,192.02074501634218,185.3481778387147,178.40146984887753,163.7501995129146,198.21319580078125
2021-06-15,194.17204650016785,194.17204650016785,192.4865870932612,192.70343017578125,1081300,0.0,0,-0.007966347083251835,2.7722583885486896,187.89699096679686,198.8134125371987,176.98056939639503,193.01451458641026,185.3481778387147,178.85919963733477,163.7501995129146,189.2733917236328
2021-06-16,193.42295240852408,193.85662351279183,190.4758688678765,191.1658172607422,1381900,0.0,0,-0.00797916733312154,2.7501380749758098,188.5077926635742,198.68788452988323,178.32770079726518,193.37784186635557,185.3481778387147,179.5200956442019,163.7501995129146,190.67300415039065
2021-06-17,190.5251641433504,194.23118359127145,190.24918477168328,194.0340576171875,1240900,0.0,0,0.015003939498938523,2.791400980266474,189.30704498291016,198.5325068754707,180.08158309034962,193.26449981825897,185.3481778387147,179.5200956442019,163.7501995129146,189.4803771972656
2021-06-18,193.86648701917048,194.1424663726616,191.38265779800383,191.45166015625,2997100,0.0,0,-0.013308990662001974,2.7542502506862045,189.80093994140626,198.34266147416983,181.25921840864268,193.26449981825897,185.3481778387147,179.24594888540537,163.7501995129146,191.76705932617188
2021-06-21,192.22046263874427,195.1576800772628,190.9194042191507,194.8126983642578,1190700,0.0,0,0.017555544857980054,2.802602614512229,190.45799179077147,198.39096392611637,182.52501965542658,193.26449981825897,186.0922993380081,178.99138609173684,163.7501995129146,190.1604461669922
2021-06-22,194.34945000707896,196.36017398234165,194.28046268622293,194.29031372070312,1396400,0.0,0,-0.0026814712179487055,2.7950875162660664,191.05514526367188,198.20767483770447,183.90261568963928,193.30467937701246,186.1324788967616,178.6829702649273,163.7501995129146,190.0520477294922
2021-06-23,194.1720371102853,194.48745068406075,192.81184239293583,193.1962432861328,1170700,0.0,0,-0.005631111575346237,2.779348066599115,191.50164413452148,197.9793531961394,185.02393507290356,193.30467937701246,186.1324788967616,177.9608796825825,163.7501995129146,190.3181610107422
2021-06-24,194.3790250932949,194.8028451544994,192.2500286339624,193.1173858642578,1079400,0.0,0,-0.00040817264628800753,2.7782136127438157,191.93587799072264,197.559283060996,186.3124729204493,193.30467937701246,186.1324788967616,178.0392041442709,163.7501995129146,190.337890625
2021-06-25,193.1568120719904,194.30016364605373,192.93011797980847,193.70877075195312,1996800,0.0,0,0.0030623078551352823,2.7867213581133647,192.35513153076172,197.12037020041473,187.58989286110872,193.30467937701246,187.02835720176654,178.0392041442709,163.88609365678923,191.97406005859372
2021-06-28,194.39873694146212,195.93634055953112,193.2849684456672,195.187255859375,1218000,0.0,0,0.0076325150465959,2.8079910508098354,192.83753967285156,196.57850080378384,189.09657854191929,193.30467937701246,188.23753645750512,178.790666284083,164.74520501344773,192.3387451171875
2021-06-29,195.25626249034963,196.3108947223192,193.8172143057092,194.51702880859372,1268300,0.0,0,-0.003433764401422512,2.7983490711000516,193.18754653930665,196.07646972960111,190.2986233490122,193.30467937701246,188.81030817410016,179.17006586576227,165.61886987148438,191.6685028076172
2021-06-30,193.7284984319552,195.36467249381627,192.07260726194912,192.29931640625,1643500,0.0,0,-0.011401122132736141,2.766444751570411,193.24112854003906,196.01910570582655,190.46315137425157,193.63978910074616,188.81030817410016,179.41973377127914,166.69638543853813,192.00363159179688
2021-07-01,192.06276660864373,193.0681286219244,190.58429925253893,191.90505981445312,2176700,0.0,0,-0.0020502235741908237,2.760772921324045,193.29458084106446,195.92078478822802,190.6683768939009,193.47223661744027,189.86283879924642,179.8750139576814,167.69504047325427,191.43194580078125
2021-07-02,192.6640012761468,194.62543995461493,191.92476763387572,194.1621856689453,1372800,0.0,0,0.011761679742444242,2.7932442482662703,193.3727699279785,196.004580605974,190.740959249983,193.47223661744027,189.86283879924642,180.52611631723136,170.17215399156794,188.2285919189453
2021-07-06,194.19174861866028,196.8529866517237,193.7876306288192,196.7642822265625,1583700,0.0,0,0.013401664946509628,2.8306783717953,193.5159538269043,196.53470300360806,190.49720465020056,193.71864295213132,191.1862467619098,180.52611631723136,171.84151883279029,189.19451904296875
2021-07-07,196.6854429907176,198.8735758739863,195.82792169987056,197.9470672607422,1524300,0.0,0,0.006011177540941048,2.8476940820494634,193.80443801879883,197.32352535154635,190.28535068605132,194.7289375632626,192.2161354765704,181.3583475292184,173.13393318340405,190.53500366210935
2021-07-08,197.4148004467057,199.553663006808,196.4883069208223,197.8583526611328,961900,0.0,0,-0.00044817334672864195,2.8464178214622518,194.04883346557617,197.96350312211933,190.134163809033,195.06898112967346,193.65766908732886,181.36325584467968,173.1388414988653,191.98390197753903
2021-07-09,198.52858332303973,198.9622694621777,197.1486865528252,198.82427978515625,1192700,0.0,0,0.004881912292465929,2.8603137836143424,194.18731613159179,198.55132201516412,189.82331024801945,195.06898112967346,194.6514386573969,183.73512403297866,176.23278516099964,192.1613311767578
2021-07-12,198.9622764452996,200.4703119113008,198.16390649738688,200.16476440429688,1299900,0.0,0,0.006742056958984666,2.879598182064039,194.6180435180664,199.52848557602985,189.70760146010295,195.52730558191985,195.35974834149204,184.3397136608479,176.76149026149275,194.0143280029297
2021-07-13,198.75527376956003,200.3618796536913,197.20781920856112,197.51336669921875,1219400,0.0,0,-0.013246076116187888,2.8414548053603825,194.78116683959962,199.8479723976413,189.71436128155793,195.52730558191985,195.35974834149204,185.43384307851017,177.56923382085745,191.2742462158203
2021-07-14,197.93721049835048,199.7310763454853,197.27681519885192,199.00169372558597,1213400,0.0,0,0.007535323058077914,2.862866085273701,195.09608001708983,200.38760295903282,189.80455707514685,195.52730558191985,195.35974834149204,186.29056045058516,178.42595119293247,195.0689849853516
2021-07-15,199.5832358442156,200.3323205337474,198.86370425796105,199.267822265625,1086500,0.0,0,0.0013373179647706568,2.86669464752027,195.50118026733398,200.76731559749868,190.23504493716928,196.19753977258824,195.35974834149204,186.86577689837742,178.88123471398518,195.20697021484372
2021-07-16,199.9774776143872,201.0419758284093,199.3170973874908,200.1943206787109,734800,0.0,0,0.004649513416425499,2.8800233827447106,195.80919342041017,201.4097892624044,190.20859757841595,197.41480322861423,195.64558030004628,186.86577689837742,179.58129333626707,193.14697265625
2021-07-19,199.12983703613284,201.42639144743424,197.4049584689953,199.1298370361328,1418600,0.0,0,-0.005317251952848712,2.8647095727885614,196.1931022644043,201.59319115984192,190.79301336896668,198.6271565736524,195.83778810955874,188.12391935359,181.2702327822203,189.7662048339844
2021-07-20,200.27318826934064,201.68265324763408,199.15940472722943,200.3618927001953,1173200,0.0,0,0.0061871976716323385,2.8824340971872218,196.47056198120117,202.1254882893943,190.81563567300805,199.0854800842282,195.96591900965868,188.13371640535462,181.2702327822203,187.56822204589844
2021-07-21,200.24362189246668,200.61815672818443,197.77950963755765,198.21319580078125,1900800,0.0,0,-0.010724079666332487,2.8515226442960326,196.66670608520508,202.27701054764927,191.0564016227609,199.41566990022966,195.96591900965868,188.68446142752845,181.2702327822203,187.0063934326172
2021-07-22,188.1891763018101,192.2007583228061,186.6811407858418,189.2733917236328,3394300,0.0,0,-0.045101962263569995,2.7229133775992778,196.47056350708007,202.79010855892105,190.1510184552391,194.18189701673793,194.18189701673793,189.18134621256246,182.1856923591348,188.2285919189453
2021-07-23,190.39702477975635,191.8557750302157,187.9131954043002,190.67300415039065,2226900,0.0,0,0.007394660253151164,2.743048396925385,196.3483444213867,203.01158674707483,189.6851020956986,194.18189701673793,194.18189701673793,189.36300985253513,183.507484372869,189.5493621826172
2021-07-26,190.19004271423924,190.5054412552568,187.2823782856472,189.4803771972656,1955700,0.0,0,-0.006254828566000792,2.7258910994543735,196.13692474365234,203.37200547453534,188.90184401276935,194.18189701673793,194.18189701673793,189.30633882848684,183.507484372869,191.89520263671875
2021-07-27,189.7662014868093,191.85576375300155,188.65241799523668,191.76705932617188,1477800,0.0,0,0.012068173827444184,2.7587876270772718,195.96591491699218,203.44299594245015,188.4888338915342,194.18189701673793,194.18189701673793,189.30633882848684,183.507484372869,195.1083984375
2021-07-28,192.0430313655397,192.0430313655397,189.15509928839035,190.1604461669922,961400,0.0,0,-0.00837794126282676,2.735674666381005,195.74808578491212,203.6287520381561,187.86741953166813,194.18189701673793,194.18189701673793,189.67839957813354,183.507484372869,195.05911254882807
2021-07-29,191.1066799012838,191.53051500864171,187.86391495317105,190.0520477294922,1219900,0.0,0,-0.0005700367225938141,2.7341152313600983,195.6357223510742,203.77261419909053,187.4988305030579,194.18189701673793,194.18189701673793,189.71857913688703,183.5476639316225,195.6505126953125
2021-07-30,190.288592868339,192.13174393028947,189.7760533337724,190.3181610107422,1802800,0.0,0,0.0014002126492673739,2.737943574091603,195.55637741088867,203.868219067623,187.24453575415436,194.18189701673793,194.18189701673793,189.71857913688703,183.74347732825365,192.7329864501953
2021-08-02,191.0278390593185,192.3683167487435,189.9337725992749,190.337890625,1104900,0.0,0,0.00010366648223714137,2.738227407070493,195.36516265869142,203.9705095025365,186.75981581484635,193.6496487570131,194.18189701673793,189.71857913688703,184.02251509434842,193.71864318847656
2021-08-03,190.45615850081583,192.14161788566707,189.7464929745361,191.97406005859372,1038500,0.0,0,0.008596130955434766,2.761765568447432,195.12565155029296,203.82906009606612,186.4222430045198,189.52472876729263,194.18189701673793,190.1665182893895,184.02251509434842,189.6972198486328
2021-08-04,192.49645191067185,192.91042096375745,190.04219069622044,192.3387451171875,1291800,0.0,0,0.0018996579979735362,2.767011978498061,194.84523544311523,203.52810436174545,186.162366524485,190.09639962470231,194.18189701673793,190.7711079172588,184.6295582341096,185.65606689453125
2021-08-05,193.1568211063964,193.18638924850976,189.87462197408829,191.6685028076172,1121700,0.0,0,-0.0034846973196271946,2.7573697792732124,194.53574295043944,203.20809235637307,185.8633935445058,190.2343837670785,194.18189701673793,191.0574937755563,185.3883573974682,187.1049652099609
2021-08-06,190.4364597934908,192.5753074447115,190.2491848541181,192.00363159179688,1171300,0.0,0,0.0017484812541999073,2.762190988643169,194.1947105407715,202.69865768849957,185.69076339304343,190.5251521008404,194.18189701673793,191.22504863742316,185.3883573974682,187.84942626953125
2021-08-09,191.90505112217627,192.47672694541265,190.85041894325957,191.43194580078125,874700,0.0,0,-0.0029774738439898307,2.7539666372223794,193.7580696105957,201.87490939640574,185.64122982478565,190.5251521008404,194.18189701673793,191.66753770834333,185.3883573974682,187.2538604736328
2021-08-10,192.0036133730911,192.20073932855573,188.1300214213398,188.2285919189453,1090900,0.0,0,-0.01673364321945303,2.7078827420768232,193.29383087158203,201.56076625610982,185.02689548705425,190.5251521008404,194.18189701673793,191.66753770834333,185.3883573974682,187.81964111328125
2021-08-11,189.0959635854147,190.02245707720547,188.2581594776001,189.19451904296875,910800,0.0,0,0.005131670561714596,2.721778704228914,192.80347213745117,200.81473151250628,184.79221276239605,190.6582053349248,194.18189701673793,192.45244485702057,185.63476373215923,187.1446685791016
2021-08-12,189.5690759196557,191.23481812352028,188.77070599703345,190.53500366210935,652300,0.0,0,0.0070852190957824135,2.7410631026786105,192.3668312072754,199.85019313777227,184.88346927677853,190.6582053349248,194.18189701673793,193.4725365199165,186.64505834329054,185.8145904541016
2021-08-13,191.2151002005311,192.11204062028932,190.387162139099,191.98390197753903,778900,0.0,0,0.0076043681611339675,2.7619071556642787,191.9563102722168,198.51075898064175,185.40186156379184,190.6582053349248,194.18189701673793,194.36332510850116,186.98510190970137,186.3903045654297
2021-08-16,192.20075035421348,193.2553975880563,191.1165349773421,192.1613311767578,1216400,0.0,0,0.0009241879000851938,2.7644596768387024,191.60788497924804,197.27125971435783,185.94451024413826,190.69270950469803,194.18189701673793,194.86020989353517,186.98510190970137,186.0726776123047
2021-08-17,191.92476574077347,194.82256399625237,191.65863742105176,194.0143280029297,1100500,0.0,0,0.009642922511123864,2.7911171472875846,191.29050674438477,195.4550048072413,187.12600868152825,191.47629270879608,194.18189701673793,195.44352696170594,187.4434263619478,182.99560546875
2021-08-18,193.6989392787929,193.71864134810545,191.20525889373135,191.2742462158203,1250800,0.0,0,-0.014123089852765891,2.7516979490268465,190.9435592651367,193.62062557806325,188.26649295221017,191.47629270879608,194.18189701673793,195.44352696170594,187.4434263619478,180.7225646972656
2021-08-19,191.4319529125944,195.5618074333729,190.54487852205492,195.0689849853516,1055600,0.0,0,0.019839256170689934,2.806289589541952,191.23333892822265,194.34849686751411,188.1181809889312,191.84591442735635,194.18189701673793,195.44352696170594,187.4434263619478,175.938232421875
2021-08-20,194.714147778068,197.5133756094152,193.955197014304,195.20697021484372,1558000,0.0,0,0.0007073663171133227,2.80827466427366,191.4600372314453,195.013265055575,187.90680940731562,192.82169851537748,194.18189701673793,195.77864405704014,187.4434263619478,173.76443481445312
2021-08-23,195.2759541156306,195.86734704530397,192.76257176388643,193.14697265625,1336000,0.0,0,-0.010552889358031114,2.778639252454618,191.64336700439452,195.14658074025328,188.14015326853576,192.88576754350765,194.18189701673793,196.53019176433025,187.72925832050203,174.46917724609375
2021-08-24,193.2948152587771,193.30466629312744,189.53951072595007,189.7662048339844,1353900,0.0,0,-0.017503602442076382,2.7300030556497044,191.54332427978517,195.14074047207674,187.9459080874936,193.14204080322432,194.18189701673793,197.23247234160556,187.9214661300145,172.03732299804688
2021-08-25,189.74648878955628,189.8154911496368,187.20352321643188,187.56822204589844,1404300,0.0,0,-0.011582582841917821,2.698382569098953,191.41371307373046,195.3737254911965,187.45370065626443,192.35844941292353,193.6496487570131,197.52569954694343,188.0495970301144,171.73953247070312
2021-08-26,187.8737657145108,189.03681942000733,186.7304140774232,187.0063934326172,1790300,0.0,0,-0.0029953294174946965,2.690300024410076,191.2614303588867,195.63641142537028,186.88644929240314,192.1218948434192,192.0972581976285,197.69079445494418,188.0495970301144,172.3748016357422
2021-08-27,187.66676715413743,188.53413940587745,186.6318521280115,188.2285919189453,1437600,0.0,0,0.006535597333833909,2.7078827420768237,191.15695190429688,195.71504137832187,186.59886243027188,192.07261386871335,192.07261386871335,194.18189701673793,188.0495970301144,171.1737518310547
2021-08-30,188.2877379545979,189.9830483309514,187.94275623485555,189.5493621826172,1429500,0.0,0,0.007016841863432877,2.7268835270626957,191.11752548217774,195.71717546909508,186.5178754952604,192.07261386871335,192.07261386871335,194.18189701673793,188.0495970301144,173.0497589111328
2021-08-31,189.4113733468464,192.14161385484803,188.28773879376675,191.89520263671875,2023300,0.0,0,0.012375881549216317,2.7606311145921327,191.11358261108398,195.71039248694444,186.51677273522353,192.07261386871335,192.07261386871335,194.18189701673793,188.0495970301144,171.57080078125
2021-09-01,192.0726104420156,195.31539047708293,191.6685074767062,195.1083984375,1345300,0.0,0,0.01674453429075151,2.8068565969545363,191.2520652770996,196.1486224263191,186.3555081278801,192.07261386871335,192.07261386871335,194.18189701673793,188.0495970301144,168.56321716308594
2021-09-02,195.19710222818347,195.65050548306365,192.76257325093127,195.05911254882807,1454200,0.0,0,-0.0002526077250729619,2.8061475632949735,191.42159576416014,196.5941620957864,186.2490294325339,191.24959958665772,192.07261386871335,194.18189701673793,188.79371852940784,167.51104736328125
2021-09-03,194.6747188297774,195.78850237975456,191.7473522729196,195.6505126953125,1320700,0.0,0,0.0030319021693303583,2.8146555281795886,191.60393981933595,197.0965164335241,186.1113632051478,191.21017725388305,192.07261386871335,194.18189701673793,188.79371852940784,169.3374481201172
2021-09-07,195.6505018100401,195.6505018100401,191.04754218683556,192.7329864501953,1472100,0.0,0,-0.014911927420607762,2.7726835892293624,191.66899185180665,197.1828874450506,186.1550962585627,191.21017725388305,192.07261386871335,194.18189701673793,188.79371852940784,168.46395874023438
2021-09-08,191.21511174497465,194.41845768915596,190.65328692953165,193.71864318847656,1534700,0.0,0,0.00511410504468035,2.7868633843603425,191.9434944152832,197.2871415694376,186.5998472611288,191.21017725388305,192.07261386871335,193.91577288687552,188.79371852940784,170.0124053955078
2021-09-09,193.2061132081616,193.47222649661933,189.5592301672945,189.6972198486328,1516400,0.0,0,-0.020759093051932798,2.7290106280413817,191.9686294555664,197.2643153323612,186.6729435787716,191.21017725388305,192.07261386871335,191.85331289201528,189.68959683441278,167.60040283203125
2021-09-10,188.1103280163653,188.65242065892056,184.897116139308,185.65606689453125,2294500,0.0,0,-0.021303174381396617,2.6708740387435315,191.7246826171875,197.6782548660251,185.77111036834992,190.3428092595313,191.2052458743616,192.13914832072012,190.89877609015133,166.56808471679688
2021-09-13,187.02611181654663,188.3370212825337,185.87290913738812,187.1049652099609,1812500,0.0,0,0.007804206669167257,2.6917180917291996,191.4807357788086,197.76610572667303,185.19536583094416,190.3428092595313,191.2052458743616,192.20814039190822,191.4715478067464,171.60057067871094
2021-09-14,188.46483301750263,189.4078145130898,187.1546097563597,187.84942626953125,1608200,1.33,0,0.003978841816062673,2.7024280122296243,191.26514053344727,197.73742078001132,184.7928602868832,190.3428092595313,191.2052458743616,192.35352455878916,191.4715478067464,173.7048797607422
2021-09-15,188.5243864242268,189.1100315489391,187.0851204023984,187.2538604736328,1845400,0.0,0,-0.0031704424534355624,2.6938601197322978,190.92711715698243,197.4962508534102,184.35798346055466,190.3428092595313,191.2052458743616,192.35352455878916,192.52407843189263,176.6231231689453
2021-09-16,186.94614888095117,188.4549040606495,185.31828663170356,187.81964111328125,1375700,0.0,0,0.0030214631528415747,2.701999518822978,190.75438690185547,197.45967798003124,184.0490958236797,190.3428092595313,191.2052458743616,192.35352455878916,192.52407843189263,177.7943878173828
2021-09-17,186.67816083426592,188.4350507204853,186.2116379435667,187.1446685791016,2503100,0.0,0,-0.0035937270999925053,2.6922892699280174,190.35817108154296,196.93059364773728,183.78574851534864,190.27380897467407,191.2052458743616,192.42005117583136,193.601080059865,176.32534790039062
2021-09-20,186.0925170531981,188.04793893346783,183.8889453418876,185.8145904541016,1174100,0.0,0,-0.007107218897009604,2.673154580752569,189.88855209350587,196.34806374268652,183.4290404443252,189.1537015155218,190.7011604756514,192.42005117583136,193.6206741633943,178.74728393554688
2021-09-21,186.57890086510008,188.1174328854035,185.8344513532627,186.3903045654297,1053400,0.0,0,0.003098325647739264,2.6814368841504863,189.55071868896485,195.9998582817274,183.1015790962023,188.68058591925347,190.7011604756514,192.42005117583136,194.18189701673793,176.9308319091797
2021-09-22,186.80719142530847,187.4722311608574,185.7649590965756,186.0726776123047,978700,0.0,0,-0.001704095896326474,2.676867458559947,189.36604232788085,195.99099044697422,182.74109420878747,186.6483799274887,190.7011604756514,192.43730326071798,194.18189701673793,180.5538024902344
2021-09-23,186.0627336357954,186.5292565131488,181.95337318645272,182.99560546875,1651800,0.0,0,-0.016536936980968142,2.632600270091337,189.13741149902344,196.29495294212413,181.97987005592276,185.68059384977124,189.73337439793397,192.82909486276702,194.18189701673793,178.9656524658203
2021-09-24,182.63827410674023,183.49191012416065,179.15425596080192,180.7225646972656,1622200,0.0,0,-0.012421286104996487,2.5998999889364414,188.82322006225587,196.8375813229807,180.80885880153104,184.28103523694585,188.33381578510856,192.82909486276702,194.18189701673793,180.1667022705078
2021-09-27,179.53143717388508,180.65307927098027,175.63052905085058,175.938232421875,2153600,0.0,0,-0.026473353138856792,2.531071918403617,188.20870208740234,198.01683718679445,178.40056698801024,182.37028029989483,186.5719523301329,193.01390572204713,194.18189701673793,181.44715881347656
2021-09-28,173.57583852001258,175.48162739996442,172.20606175540374,173.76443481445312,2823500,0.0,0,-0.012355458944303899,2.4997993632307005,187.41945571899413,199.0599610792138,175.77895035877447,180.33048290802662,184.03670440035387,193.5017977660577,194.18189701673793,181.56626892089844
2021-09-29,174.48901832639487,175.6602933362607,173.40708876133522,174.46917724609375,1377800,0.0,0,0.004055734606412065,2.509937886017242,186.54815444946288,199.28747445302795,173.80883444589782,180.32055623794452,183.99728206757914,193.5338322801228,194.18189701673793,179.71011352539062
2021-09-30,175.08459506268386,175.41215465880654,171.85864724295098,172.03732299804688,1701300,0.0,0,-0.01393858953445215,2.474952892067077,185.39460067749025,198.9838292946991,171.8053720602814,179.98804006417726,183.82357481135278,193.6619689099811,194.18189701673793,178.7969207763672
2021-10-01,172.5435354679302,173.28798493141647,171.05463654095763,171.73953247070312,1457400,0.0,0,-0.001730964666005197,2.4706688360608817,184.22862167358397,198.2993338809953,170.15790946617264,179.58603471318057,183.4215694603561,193.0040490849683,194.18189701673793,178.63809204101562
2021-10-04,171.07449894920498,173.2879911931129,170.50871006649655,172.3748016357422,1462500,0.0,0,0.0036990269852250623,2.4798079067570256,183.06483612060546,197.01262265530187,169.11704958590906,178.99047061367696,183.14860622312557,192.10957652052383,194.18189701673793,179.5115966796875
2021-10-05,172.5137669880451,172.80161413024058,169.88336966985355,171.1737518310547,1514400,0.0,0,-0.006967664608110935,2.462529436970201,181.98687438964845,196.112444847388,167.8613039319089,178.20631309150116,182.83593602480406,192.07261386871335,194.1572526878228,179.00535583496094
2021-10-06,170.42929735612182,173.2582114290163,169.0098876223449,173.0497589111328,1250400,0.0,0,0.01095966560299333,2.4895179361369215,180.95343017578125,194.5009023801043,167.4059579714582,176.25089887325277,182.39919500104975,192.07261386871335,194.1572526878228,179.322998046875
2021-10-07,173.7148038298466,175.46178834942052,171.3127152612963,171.57080078125,947200,0.0,0,-0.00854643276701883,2.4682414384734397,180.0471092224121,193.55835239743763,166.53586604738658,174.8314834466626,182.39919500104975,192.07261386871335,194.1572526878228,179.44210815429688
2021-10-08,171.4616052459932,171.4616052459932,168.21580135640377,168.56321716308594,971700,0.0,0,-0.017529693890038334,2.4249739216102926,179.19246673583984,193.3312004939329,165.0537329777468,171.93804734633224,182.00215186807918,192.07261386871335,194.1572526878228,181.42730712890625
2021-10-11,168.28527358226117,169.33744153105252,167.00482718805986,167.51104736328125,1202900,0.0,0,-0.006241989311266516,2.4098372603115013,178.21277084350587,192.73702022807402,163.68852145893771,171.33256026216029,181.39666478390723,191.66110672768554,194.1572526878228,178.87632751464844
2021-10-12,168.14631683300365,169.9826316124175,167.31253704871492,169.3374481201172,1478700,0.0,0,0.010903166003583209,2.4361121160022976,177.28717193603515,191.59240727537693,162.98193659669337,171.2333077687402,181.32766449905,191.6413955612982,194.1572526878228,183.3330841064453
2021-10-13,168.0768456091131,169.09922170273757,165.07919140517754,168.46395874023438,2809700,0.0,0,-0.005158276503985149,2.4235459761132496,176.34767684936523,190.37359224862763,162.32176145010283,170.27048987729904,179.74882454716675,191.6413955612982,194.1572526878228,181.9732360839844
2021-10-14,168.91061957637362,170.67744510314907,168.3051334028699,170.0124053955078,2173400,0.0,0,0.00919156041952629,2.4458221453821944,175.45731506347656,188.68706490053373,162.2275652264194,170.27048987729904,179.27570895089843,191.6413955612982,194.1572526878228,182.3802032470703
2021-10-15,170.43923752002593,170.65759543830512,166.13134491945792,167.60040283203125,2276400,0.0,0,-0.014187215090954108,2.4111227405314386,174.48010177612304,186.9712241251974,161.98897942704866,170.27048987729904,177.24350295913365,191.6413955612982,194.1572526878228,180.6133728027344
2021-10-18,167.35224663892308,167.66987053641813,165.51593189093325,166.56808471679688,1812300,0.0,0,-0.006159401157698641,2.396271668332056,173.5177764892578,185.30611647737462,161.729436501141,170.27048987729904,177.24350295913365,190.77402756694644,193.28988469347104,182.3107147216797
2021-10-19,169.14884921250044,171.96782757056926,168.23565968013432,171.60057067871094,2788000,0.0,0,0.030212786383840617,2.468669712365022,172.77828979492188,182.97601694452652,162.58056264531723,170.27048987729904,177.24350295913365,190.77402756694644,193.28988469347104,185.27859497070312
2021-10-20,171.71968113490513,173.883540367053,171.62041514526786,173.7048797607422,2364300,0.0,0,0.012262832656723344,2.4989425959324754,172.15989990234374,180.33827042003298,163.9815293846545,169.48136588611527,177.09461147705832,190.77402756694644,193.28988469347104,182.1419677734375
2021-10-21,171.86856400516973,176.80178377424954,170.26055797397774,176.6231231689453,2901600,0.0,0,0.016800008222121576,2.540924852090751,171.8412757873535,178.67964739979416,165.00290417491286,170.94048758971354,176.7670477329135,190.77402756694644,193.28988469347104,184.4547271728516
2021-10-22,176.682681410242,178.61824708191176,175.60075177144503,177.7943878173828,2834200,0.0,0,0.006631434363875144,2.55777482847093,171.6948669433594,177.85067636844173,165.53905751827705,171.84871924354465,176.7571210628314,190.77402756694644,193.28988469347104,180.3056640625
2021-10-25,177.41721324356428,177.6157300843602,175.06474248524725,176.32534790039062,1898100,0.0,0,-0.008262577548291739,2.53664101559962,171.71422271728517,177.92606919297373,165.5023762415966,171.84871924354465,176.59831214529052,190.73952742451783,193.28988469347104,179.22372436523438
2021-10-26,176.77200587411275,179.22372735916903,176.34519544471158,178.74728393554688,1519400,0.0,0,0.01373560899777404,2.571483324757613,171.96336517333984,178.85446404263573,165.07226630404395,172.36982962505112,176.59831214529052,189.92743099558658,192.78579929476084,184.26612854003903
2021-10-27,180.4049295904259,181.06004878818248,176.62312853789328,176.9308319091797,2486000,0.0,0,-0.010162123789372757,2.5453515928891184,172.08644790649413,179.23806227483868,164.93483353814958,173.28799033955787,176.27571128301747,189.69087319745245,192.78579929476084,183.49191284179688
2021-10-28,177.12933801257577,180.8714415289982,176.4146653212202,180.5538024902344,2031200,0.0,0,0.020476762257662484,2.5974721523188715,172.51227188110352,180.5688251873293,164.45571857487772,173.28799033955787,175.80422395916315,188.67477020157003,192.78579929476084,186.4300079345703
2021-10-29,179.2038665986732,181.59603448849072,177.85393097767593,178.9656524658203,2619700,0.0,0,-0.008795993230328092,2.574624804851109,172.8735778808594,181.39882517090425,164.34833059081453,174.91584708431253,174.2855507646691,187.7069841238526,191.81801321704341,190.7279510498047
2021-11-01,179.69025882413112,180.5240386417563,177.43705406248452,180.1667022705078,1738200,0.0,0,0.006711063202012424,2.5919032746379336,173.26317291259767,182.3609829483811,164.16536287681424,175.92829623123424,173.33761294683413,186.3074255110272,190.418454604218,190.1324005126953
2021-11-02,180.6530763279174,182.1221190813905,178.2708440171035,181.44715881347656,1750700,0.0,0,0.007107065439019067,2.610324100822393,173.77684326171874,183.49088673120986,164.06279979222762,176.19133852768414,173.60065524328402,184.47111631501386,188.65659114924233,188.2166748046875
2021-11-03,182.19161134993436,183.372806984396,179.57114970588162,181.56626892089844,1334400,0.0,0,0.0006564451502066859,2.6120376354188455,174.20266876220703,184.48811382498909,163.91722369942497,179.21877473482164,174.22599919478677,182.18359365419025,186.9443575015189,191.78012084960935
2021-11-04,181.8144192793879,182.27102163994064,179.07485055366328,179.71011352539062,1343000,0.0,0,-0.010223018881973411,2.5853347253515335,174.60963439941406,185.09070936445957,164.12855943436855,179.21877473482164,174.22599919478677,182.15891915276183,186.9443575015189,197.16000366210935
2021-11-05,180.64315612171887,181.61589921675167,178.53883525921097,178.7969207763672,1373300,0.0,0,-0.0050814766687820034,2.5721974072636677,175.12131958007814,185.36570170769446,164.87693745246182,179.85900121455379,174.22599919478677,181.90580743776502,186.77065024529253,194.8999938964844
2021-11-08,179.24357820225327,179.75973406409426,175.84889051241467,178.63809204101562,1525100,0.0,0,-0.0008883191872762763,2.569912474953333,175.67767181396485,185.3980762082304,165.9572674196993,179.61084874840532,174.22599919478677,181.50380208676833,185.83639663457103,197.0
2021-11-09,178.66788118242494,180.24611049786236,178.28076804569756,179.5115966796875,1719200,0.0,0,0.004889800538573352,2.5824788343574463,176.18637924194337,185.58233980513867,166.79041867874807,179.61084874840532,174.22599919478677,181.06953841840127,184.01104283795587,200.47000122070312
2021-11-10,179.5115911761437,181.06996421616387,178.19143227704387,179.00535583496094,1246600,0.0,0,-0.0028201010636091928,2.5751959830499267,176.71344909667968,185.47185635142884,167.95504184193052,179.61084874840532,174.22599919478677,180.52112455815262,183.69837263963439,201.33999633789065
2021-11-11,179.16417851955117,179.63070141490002,177.28816639739708,179.322998046875,1323700,0.0,0,0.0017744844026170714,2.579765628155531,177.17897872924806,185.43313415511278,168.92482330338333,179.61084874840532,174.22599919478677,179.32504693715126,183.26163161588005,202.1300048828125
2021-11-12,179.83914183345755,180.17663712119452,178.71751487418982,179.44210815429688,1080300,0.0,0,0.0006642210353338118,2.581479162751983,177.77106399536132,184.78521613776107,170.75691185296157,179.61084874840532,174.22599919478677,178.61533922385615,183.26163161588005,198.5800018310547
2021-11-15,179.332921904412,181.48686066628812,178.3899555555153,181.42730712890625,1085700,0.0,0,0.011063172379263131,2.610038511722984,178.5140251159668,183.44281231064045,173.58523792129316,179.61084874840532,174.22599919478677,176.97009960720573,182.86458848290948,199.5800018310547
2021-11-16,181.90374327983957,182.89634258537455,178.66787499630615,178.87632751464844,1453800,0.0,0,-0.014060615541437227,2.573339763661302,178.87781295776367,182.63553879354708,175.12008712198025,179.3726165488946,174.22599919478677,176.36461252303377,182.25910139873753,199.38999938964844
2021-11-17,178.8763230296898,184.2661298535922,178.5388277634137,183.3330841064453,2011600,0.0,0,0.024915295689039052,2.6374552847812853,179.35922317504884,182.79233307926324,175.92611327083443,180.05751018300344,174.67266062938486,176.2804861338951,182.25910139873753,204.75
2021-11-18,183.3728047673511,183.54154483511064,179.90862767031925,181.9732360839844,1285000,0.0,0,-0.007417362933093807,2.6178923217142565,179.6267288208008,182.9979017500106,176.25555589159097,180.05751018300344,174.89103087226272,175.0096572122329,181.29628350729638,206.3000030517578
2021-11-19,183.28345711116256,183.99812982828547,181.40744501518088,182.3802032470703,1478500,0.0,0,0.0022364121880982246,2.623747008009667,179.85601959228515,183.32102838321933,176.39101080135097,180.77714812549465,174.89103087226272,174.77309941409874,181.29628350729638,207.3000030517578
2021-11-22,182.3901188610651,182.7077579027014,179.19394794744977,180.6133728027344,1369100,0.0,0,-0.009687621862896956,2.598329139132162,180.07042083740234,183.13896321840807,177.0018784563966,180.77714812549465,174.89103087226272,173.75699641821635,181.29628350729638,207.9199981689453
2021-11-23,180.01781272292652,182.8963446836568,180.01781272292652,182.3107147216797,1188900,0.0,0,0.00939765363220979,2.622747336404204,180.24859237670898,183.402698055374,177.09448669804397,180.77714812549465,176.25089476686327,173.75699641821635,181.29628350729638,208.7400054931641
2021-11-24,182.6779744213308,185.377845816398,181.03027104084876,185.27859497070312,1035600,0.0,0,0.01627924202674702,2.665443675068534,180.66598052978514,184.1493518537792,177.1826092057911,181.88390068595663,177.81920189518786,173.75699641821635,181.29628350729638,207.7400054931641
2021-11-26,184.35545992570087,186.44984501111009,181.7349984338685,182.1419677734375,807300,0.0,0,-0.016929247535375613,2.6203197193016976,180.74538879394532,184.2874658901533,177.20331169773735,182.4199002833127,178.35520149254393,173.2879886815868,181.29628350729638,202.1499938964844
2021-11-29,182.14196901849192,185.61606652020703,180.4545532611172,184.4547271728516,1295100,0.0,0,0.012697564584845722,2.6535913981704757,181.01984252929688,184.8123678864217,177.22731717217206,182.4943363872619,180.75729374817865,173.85376766131353,181.29628350729638,188.4600067138672
2021-11-30,183.62095736913764,184.99073415922496,180.09722668277243,180.3056640625,2658700,0.0,0,-0.02249366646192552,2.5939023983337943,181.02679061889648,184.81348007291794,177.24010116487503,182.4943363872619,180.75729374817865,174.30292015318804,181.29628350729638,192.5
2021-12-01,180.653069758087,184.69295611554864,179.13439406464687,179.22372436523438,1410800,0.0,0,-0.0060005862982240865,2.578337463143422,180.91561889648438,184.77704843687937,177.05418935608938,182.79211953787848,181.1493677617624,174.22351569441759,181.29628350729638,194.72999572753903
2021-12-02,180.5041839573815,186.12228433494224,180.18654491982437,184.26612854003903,1761000,0.0,0,0.02813469139012481,2.65087819196856,181.0506118774414,185.17627709902075,176.92494665586207,182.79211953787848,181.1493677617624,174.4840708851708,181.29628350729638,190.6699981689453
2021-12-03,184.64333170018253,185.3480687431528,181.844194318162,183.49191284179688,1232700,0.0,0,-0.004201617000239577,2.6397402170916204,181.2397018432617,185.44900647594645,177.03039721057698,182.79211953787848,181.1493677617624,174.78185081128765,181.29628350729638,187.58999633789065
2021-12-06,184.16686759469405,187.73031059519852,183.4522100323572,186.4300079345703,2042000,0.0,0,0.016012123080904495,2.682008062349305,181.62135620117186,186.24407881571264,176.9986335866311,183.4323523299227,181.7896005538066,174.54610714936052,181.29628350729638,189.4199981689453
2021-12-07,187.8295628867941,191.0753668660884,187.41267299477173,190.7279510498047,1847900,0.0,0,0.02305392336164469,2.743838870674019,182.22584915161133,188.13008867908903,176.32160962413363,185.10488046536761,183.46212868925153,174.6006989244908,181.29628350729638,187.3800048828125
2021-12-08,190.400406566748,192.34589272911407,189.0008379071949,190.1324005126953,2298200,0.0,0,-0.003122513159876883,2.7352711976917576,182.75688934326172,189.45537424794685,176.0584044385766,185.74014339688046,184.09739162076437,174.63295458903417,181.29628350729638,184.1499938964844
2021-12-09,189.68573267671687,190.3805491589669,187.43252802026183,188.2166748046875,1430600,0.0,0,-0.010075745653250201,2.7077113008111544,183.21745529174805,190.08720274183196,176.34770784166415,185.74014339688046,184.09739162076437,174.89599688548407,181.29628350729638,184.0
2021-12-10,188.4946043852809,192.0977447554452,187.44245153178787,191.78012084960935,1642500,0.0,0,0.01893267984156899,2.75897553197281,183.84031143188477,191.4154322175514,176.26519064621814,185.74014339688046,184.09739162076437,176.7223869648042,180.47326922524076,183.19000244140625
2021-12-13,191.5716647605024,197.78533092146697,191.5716647605024,197.16000366210935,1676900,0.0,0,0.02805234864107109,2.8363712754878962,184.7262062072754,194.00892898889205,175.44348342565874,188.4598624930569,186.81711071694082,176.7223869648042,180.43384689246605,181.6499938964844
2021-12-14,196.7700042724609,196.9900054931641,192.66000366210935,194.8999938964844,1629100,1.47,0,-0.0114628206717734,2.803858460198409,185.39984054565429,195.55175557151085,175.24792551979772,188.98593792064565,186.81711071694082,177.04250020467026,180.43384689246605,182.25
2021-12-15,196.00999450683597,197.66000366210935,194.6699981689453,197.0,1291400,0.0,0,0.010774787938838903,2.8340694405175664,186.30602416992187,197.1846127029429,175.42743563690084,189.81476261981447,187.53674865943202,176.91842397159604,180.43384689246605,183.6100006103516
2021-12-16,197.2400054931641,200.97000122070312,196.7100067138672,200.47000122070312,1631200,0.0,0,0.017614219394432196,2.8839893614218983,187.16287002563476,199.57861290564787,174.74712714562165,192.21110562653016,189.1290838090501,176.91842397159604,180.43384689246605,182.17999267578125
2021-12-17,200.72999572753903,204.1499938964844,199.8000030517578,201.33999633789065,3381400,0.0,0,0.0043397770833040195,2.89650523236109,188.13120803833007,201.7529449150357,174.50947116162445,195.78133344562806,190.71908014694074,176.91842397159604,180.43384689246605,176.89999389648438
2021-12-20,199.5800018310547,202.63999938964844,198.6100006103516,202.1300048828125,1096500,0.0,0,0.003923753647020245,2.90787040533018,189.1186981201172,203.76600394328267,174.4713922969517,195.79126095837313,191.26997472599984,176.91842397159604,180.43384689246605,171.57000732421875
2021-12-21,202.9499969482422,203.8300018310547,197.55999755859372,198.5800018310547,1439500,0.0,0,-0.017562969207941093,2.856799566940683,190.01702957153321,204.6714821306194,175.36257701244702,195.79126095837313,191.26997472599984,176.91842397159604,180.43384689246605,180.67999267578125
2021-12-22,199.2899932861328,199.83999633789065,198.1300048828125,199.5800018310547,1165100,0.0,0,0.005035753805918253,2.8711857062326502,190.88049392700196,205.65279504371154,176.1081928102924,195.79622271413615,191.34441082994906,176.91842397159604,180.43384689246605,182.50999450683597
2021-12-23,199.63999938964844,200.6499938964844,198.16000366210935,199.38999938964844,1211000,0.0,0,-0.0009520114223021681,2.868452304644766,191.58606414794923,206.5695110316805,176.60261726421797,197.8608293284934,191.34441082994906,176.79930787184068,180.43384689246605,180.57000732421875
2021-12-27,200.57000732421875,204.9199981689453,199.72999572753903,204.75,920600,0.0,0,0.026881993213095035,2.945562020030313,192.71646575927736,208.0898283009928,177.34310321756192,198.79000091552734,192.0271961167961,177.36508540619417,180.36484660760883,184.0
2021-12-28,204.75,206.83999633789065,204.0500030517578,206.3000030517578,1156000,0.0,0,0.007570222475007604,2.9678605798358753,193.80872955322266,209.7781266752371,177.83933243120822,200.75499725341797,192.98719520126878,177.47427052763308,179.74882454716675,181.67999267578125
2021-12-29,206.0399932861328,207.72999572753903,204.69000244140625,207.3000030517578,849500,0.0,0,0.0048473096713872454,2.9822467191278426,195.15844650268554,210.8934573974541,179.42343560791696,202.22000122070312,193.43219489609294,177.83408949887868,179.27570895089843,180.3000030517578
2021-12-30,208.0,208.69000244140625,206.7100067138672,207.9199981689453,735500,0.0,0,0.0029908109409564343,2.9911660552440416,196.5932601928711,211.45443963438981,181.73208075135238,203.125,193.91219825302656,177.83408949887868,177.24350295913365,180.88999938964844
2021-12-31,208.3000030517578,209.8699951171875,207.5399932861328,208.7400054931641,739400,0.0,0,0.003943859808773542,3.0029627948306863,197.81695404052735,212.44250564284744,183.19140243820726,203.71499633789062,194.50219459091718,178.51402144617896,177.24350295913365,177.49000549316406
2022-01-03,209.0,209.0,203.77999877929688,207.7400054931641,1641800,0.0,0,-0.004790648527757901,2.988576655538719,199.02935867309571,212.6815019960783,185.37721535011312,203.71499633789062,194.50219459091718,179.85155129057225,177.24350295913365,179.63999938964844
2022-01-04,207.13999938964844,208.25,201.8999938964844,202.1499938964844,1896600,0.0,0,-0.026908690906257027,2.9081579700651723,199.81535797119142,212.21517598261482,187.415539959768,204.0,194.50219459091718,180.3875508879283,177.09461147705832,173.0500030517578
2022-01-05,198.75,198.75,187.8699951171875,188.4600067138672,3577200,0.0,0,-0.06772192726173165,2.7112119075507937,199.70196075439452,212.47214501660667,186.93177649218237,198.8699951171875,194.50219459091718,181.62581506772028,176.7670477329135,168.8800048828125
2022-01-06,189.5200042724609,193.25,185.25,192.5,2592500,0.0,0,0.021436873300480164,2.769331813703713,199.82034072875976,212.26993301529913,187.3707484422204,197.55999755859375,194.50219459091718,181.62581506772028,176.7571210628314,167.5800018310547
2022-01-07,192.69000244140625,197.22999572753903,191.25999450683597,194.72999572753903,2260900,0.0,0,0.011584393389813208,2.801412842860582,200.14600677490233,211.66028969692024,188.63172385288442,197.55999755859375,195.02827001850594,181.97074364982043,176.59831214529052,165.60000610351562
2022-01-10,192.6100006103516,192.6100006103516,188.1100006103516,190.6699981689453,1937300,0.0,0,-0.02084936911452695,2.7430051524576053,200.09050064086915,211.77685837798018,188.40414290375813,197.55999755859375,195.85709471767476,181.97074364982043,176.59831214529052,164.6699981689453
2022-01-11,190.9499969482422,190.9499969482422,185.97999572753903,187.58999633789065,2446600,0.0,0,-0.016153573507278196,2.6986958170965387,199.61200027465821,212.47681157298138,186.74718897633505,197.55999755859375,196.66110257477234,181.97074364982043,176.27571128301747,163.3699951171875
2022-01-12,187.4199981689453,190.75999450683597,187.0,189.4199981689453,2051800,0.0,0,0.009755327399006974,2.725022478342646,199.33800048828124,212.81811109985284,185.85788987670963,197.55999755859375,197.55999755859375,182.61097644186464,176.404751000188,
2022-01-13,189.5200042724609,190.17999267578125,186.77999877929688,187.3800048828125,1614900,0.0,0,-0.01076968274655632,2.695674850773661,198.85700073242188,213.29945215341496,184.4145493114288,197.125,197.55999755859375,184.28350457730957,178.07727913563298,
2022-01-14,186.9499969482422,187.30999755859372,181.80999755859372,184.1499938964844,1639100,0.0,0,-0.017237756975981178,2.6492074628097604,198.04100036621094,213.82385666816106,182.25814406426082,195.02999877929688,195.83999633789062,184.9187675088224,178.71254206714582,
2022-01-18,182.0,184.7700042724609,181.2899932861328,184.0,1682700,0.0,0,-0.0008145202359807202,2.6470496297219905,197.17400054931642,214.0179897097803,180.33001138885254,190.0199966430664,195.57999420166016,184.9187675088224,178.71254206714582,
2022-01-19,184.82000732421875,186.8000030517578,183.1499938964844,183.19000244140625,1981200,0.0,0,-0.00440216064453125,2.635396892017907,196.22700042724608,213.96582469861357,178.4881761558786,189.25999450683594,195.57999420166016,184.9187675088224,178.71254206714582,
2022-01-20,183.44000244140625,186.30999755859372,181.32000732421875,181.6499938964844,1440700,0.0,0,-0.008406618944253874,2.6132421145798417,195.38050003051757,214.18507061189084,176.5759294491443,189.25999450683594,195.57999420166016,187.63848660499886,181.43226116332227,
2022-01-21,183.0,185.0200042724609,181.33999633789065,182.25,1413100,0.0,0,0.003303089037578033,2.6218738859610475,194.51399993896484,214.05547951971982,174.97252035820986,186.9499969482422,195.57999420166016,187.90152431879324,181.43226116332227,
2022-01-24,181.3999938964844,184.1300048828125,177.8000030517578,183.6100006103516,2102100,0.0,0,0.007462280440886593,2.641439044178726,193.725,213.6895864874732,173.76041351252678,184.375,193.83499908447266,188.67575563962325,181.43226116332227,
2022-01-25,181.6300048828125,183.8699951171875,179.77999877929688,182.17999267578125,1459800,0.0,0,-0.007788290015885546,2.6208667508433785,192.59649963378905,212.49142123641838,172.70157803115973,184.27999877929688,193.83499908447266,190.6700947177901,183.02459631294033,
2022-01-26,183.3000030517578,184.4199981689453,175.80999755859375,176.89999389648438,2469000,0.0,0,-0.02898231963755471,2.5449079529429963,191.1264991760254,211.0994014036445,171.1535969484063,182.9949951171875,192.83999633789062,193.2502067962844,184.61459265083096,
2022-01-27,177.5,178.0,170.0800018310547,171.57000732421875,2298700,0.0,0,-0.030129942092505302,2.468230023690068,189.33999938964843,209.59957045424684,169.08042832505,178.69499969482422,189.9749984741211,193.53061784218647,184.61459265083096,
2022-01-28,175.02000427246094,180.77999877929688,172.07000732421875,180.67999267578125,1934700,0.0,0,0.05309777328590548,2.599287541905428,187.97799911499024,206.6411457052133,169.3148525247672,178.44000244140625,189.9749984741211,193.53061784218647,184.61459265083096,
2022-01-31,179.6999969482422,182.7400054931641,178.75,182.50999450683597,2076200,0.0,0,0.010128414352653436,2.625614203151536,186.66649856567383,202.79866786631445,170.53432926503322,178.44000244140625,189.9749984741211,193.5703167720426,184.61459265083096,
2022-02-01,181.9600067138672,182.8500061035156,178.61000061035156,180.57000732421875,1460400,0.0,0,-0.010629484636495046,2.5977052773177736,185.30799865722656,198.36586730031533,172.2501300141378,178.19499969482422,189.9749984741211,194.60262007922123,184.61459265083096,
2022-02-02,181.4900054931641,184.6300048828125,181.08999633789065,184.0,1649300,0.0,0,0.018995362112505187,2.6470496297219905,184.40049896240234,194.89678185444902,173.90421607035566,177.5500030517578,189.9749984741211,195.4085985161617,184.99959478706143,
2022-02-03,182.8000030517578,183.6300048828125,181.38999938964844,181.67999267578125,990100,0.0,0,-0.012608735457710574,2.6136736811973953,184.06149826049804,194.44762696781936,173.67536955317672,177.3550033569336,189.9749984741211,196.87109622734337,186.17796411441196,
2022-02-04,179.61000061035156,182.75,178.5,180.3000030517578,1095100,0.0,0,-0.007595715982255169,2.5938209582447245,183.45149841308594,193.18957588948197,173.71342093668991,177.3550033569336,189.9749984741211,197.82609805839803,186.62296380923613,
2022-02-07,180.5399932861328,182.5200042724609,180.0399932861328,180.88999938964844,1098700,0.0,0,0.003272303538016441,2.60230872774337,182.7594985961914,191.03602798407286,174.48296920830995,177.3550033569336,189.9749984741211,198.51859912651327,187.10296716616975,
2022-02-08,180.77999877929688,181.25999450683597,177.25,177.49000549316406,1840600,0.0,0,-0.01879591966364358,2.553395941956707,182.10049896240236,189.82752286310034,174.37347506170437,177.3550033569336,189.54000091552734,199.1085954644039,189.0528273986609,
2022-02-09,179.27999877929688,181.1100006103516,178.57000732421875,179.63999938964844,2814900,0.0,0,0.012113323736232529,2.584326053628411,181.70299911499023,189.06500471892295,174.34099351105752,178.35000610351562,189.16500091552734,199.1085954644039,190.0652765455826,
2022-02-10,177.10000610351562,178.8800048828125,172.44000244140625,173.0500030517578,1877400,0.0,0,-0.0366844598100704,2.4895214483779617,180.88449935913087,188.27287020143967,173.49612851682207,178.53500366210938,184.41500091552734,199.25109729545858,190.0652765455826,
2022-02-11,173.24000549316406,174.5,167.6699981689453,168.8800048828125,2920000,0.0,0,-0.024097070762247208,2.4295312738722656,179.95949935913086,188.42911909717532,171.4898796210864,176.1500015258789,182.4499969482422,196.68609485405233,192.4673688012174,
2022-02-14,169.33999633789062,169.8800048828125,166.3000030517578,167.5800018310547,2146100,0.0,0,-0.0076977914150340165,2.410829248889695,179.13099975585936,188.9490540889981,169.31294542272062,175.46500396728516,181.76499938964844,196.03109607475545,192.4673688012174,
2022-02-15,169.17999267578125,169.42999267578125,164.89999389648438,165.60000610351562,2541800,0.0,0,-0.011815226792604938,2.382344754555818,178.21100006103515,189.4001293659962,167.0218707560741,174.26499938964844,178.75499725341797,196.29413378854986,192.85944281480107,
2022-02-16,165.6300048828125,165.97000122070312,163.35000610351562,164.6699981689453,2050200,0.0,0,-0.005615989736069027,2.3689655308664546,177.2849998474121,189.6862092697648,164.88379042505943,173.0500030517578,177.1500015258789,196.70854613813424,192.85944281480107,
2022-02-17,164.97000122070312,165.11000061035156,163.38499450683594,163.3699951171875,319567,0.0,0,-0.007894595653204939,2.350263505883884,176.37099990844726,189.9985049015387,162.74349491535583,172.93500518798828,177.05500030517578,197.11055006668306,192.85944281480107,
