Date,Open,High,Low,Close,Volume,Dividends,Stock Splits,daily_return,cum_return,middle_band,upper_band,lower_band,Conversion,Baseline,SpanA,SpanB,Lagging
2016-02-18,8.366908486059051,8.547433169790612,8.264872925432995,8.398303985595703,3219900,0.0,0,,,,,,,,,,9.959593772888184
2016-02-19,8.319816360981445,8.359060177543954,8.021558714233887,8.123594284057617,3000300,0.0,0,-0.03271014028656882,0.9672898597134312,,,,,,,,10.180741310119627
2016-02-22,8.115744301072725,8.492490286753105,8.037255179792112,8.343361854553223,4369800,0.0,0,0.027052996839944887,0.9934579492315694,,,,,,,,10.220232009887695
2016-02-23,8.366908486059051,8.468944046685108,8.241326487912445,8.398303985595703,3385400,0.0,0,0.006585131029945401,1.0000000000000002,,,,,,,,10.480871200561523
2016-02-24,8.319816987838243,8.625922971845172,8.249176915058836,8.5709810256958,4540600,0.0,0,0.020560941875438665,1.0205609418754389,,,,,,,,10.417684555053713
2016-02-25,9.709068018541702,10.84715588477222,9.28522837358248,9.858197212219238,16372100,0.0,0,0.15018306336980136,1.1738319104818622,,,,,,,,10.16494369506836
2016-02-26,9.881743108631127,10.054418731844846,9.614880985990222,9.889592170715332,3631100,0.0,0,0.00318465514741173,1.1775701603177744,,,,,,,,9.959593772888184
2016-02-29,9.873894732503029,10.227094317024283,9.803254665893215,10.015174865722656,3133900,0.0,0,0.012698470557683361,1.1925235003281762,,,,,,,,9.959593772888184
2016-03-01,10.054419613512914,10.062267927757576,9.764010279153512,9.850348472595217,3066500,0.0,0,-0.01645766502705459,1.1728973480228844,,,,9.434357299503054,,,,9.501498222351074
2016-03-02,9.858196506182926,10.06226687726808,9.818951944945407,10.054418563842772,1799100,0.0,0,0.020717042835113997,1.197196312623066,,,,9.434357299503054,,,,9.27245044708252
2016-03-03,10.046570060937846,10.32128050783143,9.86604536861094,10.242792129516602,3655400,0.0,0,0.018735401204725166,1.2196262658608767,,,,9.442205532282166,,,,9.446210861206056
2016-03-04,10.25849023784692,10.321281244390864,10.00732621167114,10.046570777893066,2129900,0.0,0,-0.01915701784653867,1.1962618637196727,,,,9.544241186342333,,,,9.722644805908203
2016-03-07,10.007324778831068,10.32912882842512,10.007324778831068,10.219244956970217,3440300,0.0,0,0.017187374965506708,1.2168224649283585,,,,9.548166399915528,,,,9.959593772888184
2016-03-08,10.227095971714228,10.336980620722448,10.132909450504869,10.140758514404297,2428600,0.0,0,-0.007680258462968603,1.207476953894162,,,,10.06619212917735,,,,9.967491149902344
2016-03-09,10.187849305923828,10.211396492780354,9.944534363295276,10.062267303466797,3017300,0.0,0,-0.007740171588348943,1.1981308750820443,,,,9.975930803356334,,,,10.40188980102539
2016-03-10,10.070167172480666,10.18863942615974,9.8648145630906,9.999083518981934,2008900,0.08,0,-0.006279279070940058,1.1906074769538946,,,,10.05049544993798,,,,10.441380500793455
2016-03-11,10.07016440704013,10.204433326058906,9.959589781604665,10.101757049560549,1503800,0.0,0,0.010268294127527167,1.2028329847176902,,,,10.05049544993798,,,,9.983287811279297
2016-03-14,10.070166607804351,10.109657607892355,9.90430501001727,10.062268257141112,1251400,0.0,0,-0.00390910137966094,1.1981309886376286,,,,10.077966282833927,,,,10.291314125061035
2016-03-15,10.038572759621312,10.062267055553384,9.809525890336372,9.872711181640623,2141600,0.0,0,-0.01883840409104187,1.1755601129196733,,,,10.07325325552941,,,,10.149147987365724
2016-03-16,9.817424535185683,9.912202474991258,9.738442542066986,9.83322048187256,1283300,0.0,0,-0.003999985317255095,1.1708578897284438,9.60414752960205,11.064891349180082,8.14340371002402,10.037711581394717,,,,10.267621040344238
2016-03-17,9.801628072141348,10.062267601212437,9.730544427262302,10.02277660369873,1482300,0.0,0,0.019277114977297005,1.1934286518908144,9.685371160507202,11.044978793173618,8.325763527840786,10.033762523992376,,,,10.172842979431152
2016-03-18,10.070166627810492,10.101759277298026,9.88850908156422,10.054369926452637,4123700,0.0,0,0.0031521527420104167,1.1971905212882659,9.781909942626953,10.941740166783616,8.62207971847029,10.033762523992376,,,,10.354501724243164
2016-03-21,10.046470642089844,10.188637164298344,9.951692709541492,10.046470642089844,1634100,0.0,0,-0.0007856568258951535,1.1962499403833187,9.867065382003783,10.82185304070387,8.912277723303697,9.970970460021327,,,,10.472973823547363
2016-03-22,9.999080773062188,10.125451343143856,9.999080773062188,10.101757049560549,1656600,0.0,0,0.005503067638408465,1.2028329847176902,9.952238035202026,10.628437447091015,9.276038623313037,9.967488876660603,,,,10.188639640808104
2016-03-23,10.101759176920432,10.109657527520875,9.722647386837131,9.754240036010742,2035700,0.0,0,-0.03440164041214244,1.1614535569015683,10.011400985717774,10.266873898083633,9.755928073351916,9.963540356448018,,,,9.959593772888184
2016-03-24,9.730545024001046,9.746341725266534,9.612072777422584,9.738443374633787,1559100,0.0,0,-0.0016194661315116488,1.1595726222028424,10.005413293838501,10.280076833525142,9.73074975415186,9.900354970860464,9.434357299503054,,,10.046470642089844
2016-03-28,9.73054683451814,9.959593772888184,9.564685206510294,9.959593772888184,2023400,0.0,0,0.02270900900142192,1.1859053673182491,10.008913373947143,10.27928853258725,9.738538215307036,9.87666118540432,9.434357299503054,,,9.793730735778809
2016-03-29,9.943796061592902,10.196537258299712,9.8569157103038,10.180741310119627,3886500,0.0,0,0.022204473623557597,1.2122377717669026,10.017191696166993,10.297882429372004,9.736500962961982,9.880611232405002,9.442205532282166,,,9.872711181640623
2016-03-30,10.21233441206192,10.362399315946648,10.172843410020189,10.220232009887695,2534800,0.0,0,0.003878961125239,1.2169399949581328,10.035685873031616,10.318725141779764,9.752646604283468,9.963542261228472,9.544241186342333,,,9.501498222351074
2016-03-31,10.228129266476126,10.59144509057251,10.228129266476126,10.480871200561523,3876300,0.0,0,0.02550227728897636,1.2479747361536007,10.057008504867554,10.400917905584958,9.71309910415015,10.078065148541402,9.548166399915528,,,9.612072944641112
2016-04-01,10.370295962973008,10.4808705998748,10.299212321623862,10.417684555053713,1915800,0.0,0,-0.006028758897869579,1.2404509973586981,10.06575312614441,10.43627712943409,9.695229122854728,10.078065148541402,10.06619212917735,,,9.714749336242676
2016-04-04,10.425583219052566,10.46507421579553,10.13335104831961,10.16494369506836,1378200,0.0,0,-0.024260751863785956,1.210356723512593,10.071671772003175,10.444580982072532,9.698762561933817,10.078065148541402,10.078065148541402,,,9.667360305786133
2016-04-05,10.101761097817285,10.141252105100737,9.943797821911792,9.959593772888184,1648300,0.0,0,-0.02020177664926992,1.1859053673182494,10.058689212799072,10.428170279435516,9.689208146162628,10.078065148541402,10.078065148541402,,,9.264554023742676
2016-04-06,9.93589946980944,10.07806679473854,9.777936193903946,9.959593772888184,1313400,0.0,0,0.0,1.1859053673182494,10.049630975723266,10.419506792271836,9.679755159174697,10.078065148541402,10.078065148541402,,,9.098691940307615
2016-04-07,9.880610770967582,9.88850912167855,9.430414572408717,9.501498222351074,2173100,0.0,0,-0.045995405132298495,1.1313591694998792,10.02159252166748,10.4624377543079,9.580747289027062,10.010929831490614,10.010929831490614,,,8.830154418945312
2016-04-08,9.485701376734353,9.485701376734353,9.003912574140854,9.27245044708252,2554800,0.0,0,-0.024106490356410215,1.104086070590694,9.98526086807251,10.53514799602643,9.43537374011859,9.79767883235668,9.79767883235668,,,8.84595012664795
2016-04-11,9.319840268263334,9.651563451352049,9.319840268263334,9.446210861206056,3015500,0.0,0,0.018739427631905947,1.1247760116099237,9.952483558654786,10.5474949888241,9.35747212848547,9.79767883235668,9.79767883235668,,,8.65639591217041
2016-04-12,9.430411937091918,9.8411170205531,9.280347081659851,9.722644805908203,2528200,0.0,0,0.029264003182208453,1.1576914603929482,9.93550238609314,10.536432032757078,9.3345727394292,9.79767883235668,9.79767883235668,,,8.490531921386719
2016-04-13,9.809528849085044,9.959593772888184,9.746343538722847,9.959593772888184,1869800,0.0,0,0.02437083444990118,1.1859053673182491,9.939846515655518,10.540146689050435,9.3395463422606,9.742391587007827,9.79767883235668,,,8.774866104125977
2016-04-14,9.991185450663153,10.046473156742689,9.872713193630876,9.967491149902344,1232700,0.0,0,0.0007929416795751099,1.1868457211120276,9.946560049057007,10.544919340974213,9.348200757139802,9.734493394968192,9.79767883235668,,,8.75907039642334
2016-04-15,10.070166605526271,10.709918697768336,10.014879657352475,10.40188980102539,7566200,0.0,0,0.04358154369941958,1.2385702897711406,9.96551570892334,10.595853156788493,9.335178261058186,9.856915635954595,9.856915635954595,,,8.609004974365234
2016-04-18,10.378195203775524,10.630936391847255,10.283417258248626,10.441380500793455,3283600,0.0,0,0.0037964928030838063,1.24327251296237,9.98486623764038,10.648191263295521,9.32154121198524,9.856915635954595,9.856915635954595,,,8.506327629089355
2016-04-19,10.42558493871718,10.457177590677029,9.943796808022428,9.983287811279297,5009300,0.0,0,-0.04387280872288368,1.188726655810753,9.981707096099854,10.644423404837358,9.318990787362349,9.856915635954595,9.856915635954595,,,8.569513320922852
2016-04-20,9.991183608912598,10.34660182094897,9.951693366000203,10.291314125061035,2158200,0.0,0,0.030854195491962555,1.2254038604356448,9.991184949874878,10.665941852965872,9.316428046783884,9.856915635954595,9.856915635954595,,,8.348363876342773
2016-04-21,10.322907171962587,10.393990817128635,10.141249637185464,10.149147987365724,1690600,0.0,0,-0.013814186989892119,1.2084759023694511,10.010930347442628,10.679820381427161,9.342040313458094,9.995132889714093,9.856915635954595,,,8.514225959777832
2016-04-22,10.172843090359214,10.409788341935872,10.109657790369196,10.267621040344238,3431300,0.0,0,0.011673201841770009,1.222582685498725,10.037389230728149,10.702891163210627,9.371887298245671,9.995132889714093,9.856915635954595,,,8.569513320922852
2016-04-25,10.220231577292829,10.267620928382687,10.101759329410456,10.172842979431152,1705200,0.0,0,-0.009230771231298562,1.2112973044175397,10.048051691055297,10.715074276408608,9.381029105701987,10.228131118245592,9.856915635954595,,,8.687986373901367
2016-04-26,10.149149854377397,10.42558538248558,10.117557201072795,10.354501724243164,2953900,0.0,0,0.017857224885837075,1.232927712786132,10.056739711761475,10.735003659499103,9.378475764023847,10.291315945699605,9.856915635954595,,,9.027606964111328
2016-04-27,10.275519569347278,10.52036242274759,10.19653756637596,10.472973823547363,1405600,0.0,0,0.011441603126765454,1.2470343823598216,10.069376802444458,10.76867733190654,9.370076272982375,10.326857752895382,9.856915635954595,,,8.932828903198242
2016-04-28,10.409788957069477,10.55985386510633,10.164945340218758,10.188639640808104,1889000,0.0,0,-0.027149326211430513,1.213178239116265,10.054765224456787,10.730633177176655,9.37889727173692,10.287366599934842,9.856915635954595,,,8.980219841003418
2016-04-29,10.180743112384189,10.19653906336058,9.90430681462834,9.959593772888184,1548300,0.0,0,-0.022480515161467984,1.185905367318249,10.03186068534851,10.68751069328244,9.37621067741458,10.232080339867334,9.856915635954595,,,9.090791702270508
2016-05-02,9.951692709541492,10.117554279808118,9.738441796386663,10.046470642089844,2778100,0.0,0,0.0087229330013594,1.1962499403833184,10.025937032699584,10.678774837793764,9.373099227605405,10.149147830746497,9.856915635954595,9.667356135181759,,9.027606964111328
2016-05-03,10.02277764119406,10.030675992160017,9.691055186134218,9.793730735778809,1833900,0.0,0,-0.02515708404622985,1.1661557800927977,10.017643880844116,10.677894718741285,9.357393042946946,10.125454525620274,9.856915635954595,9.655509242453686,,8.908300399780273
2016-05-04,9.754238948752173,9.951693172384983,9.683155307727867,9.872711181640623,1485600,0.0,0,0.00806438812671062,1.175560112919673,10.013299751281739,10.676187829330509,9.35041167323297,10.1215045864171,9.856915635954595,9.661408382343584,,8.64582347869873
2016-05-05,9.777934471409532,9.825323069218982,9.493600624868288,9.501498222351074,1718000,0.0,0,-0.0375999006210026,1.1313591694998788,10.013299751281739,10.676187829330509,9.35041167323297,10.02672724498731,9.856915635954595,9.753891723785403,,8.542424201965332
2016-05-06,9.430414643068612,9.651563945263671,9.35143339505168,9.612072944641112,2123300,0.0,0,0.011637609111994962,1.1445254852797897,10.030280876159669,10.630139486806923,9.430422265512414,9.955643630079006,9.856915635954595,9.813115774228464,,8.510608673095703
2016-05-09,9.612073034950608,9.888509288677575,9.612073034950608,9.714749336242676,1813400,0.0,0,0.01068202376250249,1.1567513337103381,10.043707799911498,10.600714869324168,9.486700730498828,9.955643630079006,9.856915635954595,10.072128638859375,,8.606053352355957
2016-05-10,9.60417500338713,9.730545608185135,9.509397049788625,9.667360305786133,1274400,0.0,0,-0.004878049738221146,1.1511086431697455,10.040943574905395,10.604877606856457,9.477009542954333,9.955643630079006,9.856915635954595,10.078065148541402,,8.598097801208496
2016-05-11,9.5093976509381,9.548888655741008,9.256656425364708,9.264554023742676,2151900,0.0,0,-0.04166662556296452,1.1031458303524995,10.00619158744812,10.664732229581295,9.347650945314944,9.726597744362644,9.856915635954595,10.078065148541402,,8.828761100769043
2016-05-12,9.28034948354233,9.311942132506111,8.99601564286828,9.098691940307615,2085400,0.0,0,-0.017902867532533007,1.0833963566826326,9.962751626968384,10.732333640703008,9.19316961323376,9.556784961338199,9.852967170318308,10.078065148541402,,8.884439468383789
2016-05-13,9.035506269234029,9.138182570992486,8.814357717184844,8.830154418945312,3766600,0.0,0,-0.029513860137705072,1.0514211481378022,9.88416485786438,10.771664558244295,8.996665157484466,9.42251685467243,9.762138207476589,10.010929831490614,,8.725360870361328
2016-05-16,8.84595012664795,8.924932126843627,8.719579528917405,8.84595012664795,1724200,0.0,0,0.001788837086330819,1.0533019692809436,9.804393339157105,10.762038052858788,8.846748625455422,9.335636350651194,9.71474911334287,9.79767883235668,,8.653777122497559
2016-05-17,8.838053493400878,8.924933861144426,8.63270160879868,8.65639591217041,1958900,0.0,0,-0.021428361200739432,1.0307314342297413,9.73804874420166,10.814746769454116,8.661350718949203,9.260605448738128,9.671310153283507,9.79767883235668,,8.701499938964844
2016-05-18,8.577411511745764,8.624800858541315,8.411549927803504,8.490531921386719,1822000,0.0,0,-0.019160860070008612,1.010981733448706,9.648009634017944,10.822433691939308,8.47358557609658,9.15002960824054,9.56073431278592,9.79767883235668,,8.34357738494873
2016-05-19,8.506328971977316,9.043403989502782,8.506328971977316,8.774866104125977,4593000,0.0,0,0.03348838275056143,1.0448378766922621,9.579295539855957,10.789066569728412,8.369524509983503,9.15002960824054,9.56073431278592,9.770035209682254,,8.07314682006836
2016-05-20,8.766968746968981,8.885440992240927,8.616903099514472,8.75907039642334,3997200,0.0,0,-0.0018001081173432132,1.0429570555491208,9.503868007659912,10.72073721840663,8.286998796913196,9.071047767994319,9.56073431278592,9.766086113662436,,8.128823280334473
2016-05-23,8.782764924777789,8.932830576161237,8.60110737684099,8.609004974365234,2502000,0.0,0,-0.017132574036553327,1.0250885165779797,9.425676107406616,10.661585068100614,8.189767146712619,8.980219291772256,9.52124315982538,9.856915635954595,,8.399252891540527
2016-05-24,8.766967122989717,8.798559766091943,8.458938287822004,8.506327629089355,3660900,0.0,0,-0.011926737826452372,1.0128625545918473,9.333267402648925,10.553676399628653,8.112858405669197,8.861746030154809,9.485701896454916,9.856915635954595,,8.518563270568848
2016-05-25,8.427346043619485,8.648494555802895,8.427346043619485,8.569513320922852,3440300,0.0,0,0.007428081140140597,1.0203861798311655,9.238094377517701,10.381808049850253,8.094380705185149,8.774866249397995,9.485701896454916,9.856915635954595,,8.71741008758545
2016-05-26,7.969252149307527,8.537920493088441,7.787593881848771,8.348363876342773,8122400,0.0,0,-0.025806534898560884,0.9940535482713433,9.146080589294433,10.264658189025596,8.02750298956327,8.415498935675776,9.17372387347755,9.856915635954595,,8.574237823486328
2016-05-27,8.340466784333044,8.522124309542075,8.214095447789436,8.514225959777832,2714900,0.0,0,0.019867615486319545,1.01380302194121,9.073812198638915,10.158712518564286,7.9889118787135445,8.415498935675776,9.17372387347755,9.926024262834343,,8.629915237426758
2016-05-31,8.506328031727591,8.664291254715742,8.490531332814745,8.569513320922852,2630700,0.0,0,0.006493527586207248,1.0203861798311655,8.999964332580566,10.007482019132276,7.992446646028856,8.415498935675776,9.17372387347755,9.926024262834343,,8.629915237426758
2016-06-01,8.530023135930605,8.695884724106937,8.514226435519461,8.687986373901367,2943900,0.0,0,0.01382494530806766,1.0344929629604396,8.944677114486694,9.890730998969325,7.998623230004064,8.415498935675776,9.17372387347755,10.042523377100093,,8.852622985839844
2016-06-02,8.687985472778815,9.09869060213237,8.640596129688769,9.027606964111328,3435700,0.0,0,0.03909082905909922,1.074932150538367,8.902421903610229,9.748030063702965,8.056813743517493,8.443142241990572,9.17372387347755,10.0741157908271,,9.18668270111084
2016-06-03,9.003911786972981,9.01181013624619,8.822254273057464,8.932828903198242,2207600,0.0,0,-0.010498691545818284,1.0636467694571816,8.873988437652589,9.673617463605986,8.074359411699191,8.443142241990572,9.17372387347755,10.09188669442499,,9.38552951812744
2016-06-06,8.948627188876115,9.01181249313072,8.909136185409928,8.980219841003418,1611300,0.0,0,0.0053052552913230855,1.069289687108943,8.842395782470703,9.5686916695332,8.116099895408206,8.443142241990572,8.992066472604677,10.072141117944717,,9.298041343688965
2016-06-07,8.924930141340857,9.17767128057537,8.924930141340857,9.090791702270508,1123200,0.0,0,0.012312823430248532,1.082455662222101,8.811197900772095,9.429403955670198,8.192991845873992,8.48263258121207,8.952574080828445,10.044497987910965,,9.194637298583984
2016-06-08,9.09079225274602,9.130283246449716,8.996014319793982,9.027606964111328,922100,0.0,0,-0.006950410946430452,1.0749321505383669,8.779210233688355,9.268395745754171,8.290024721622538,8.48263258121207,8.909134937004394,10.003031733350547,9.434357299503054,9.202593803405762
2016-06-09,8.956023772205358,9.059423780345313,8.812854413467377,8.908300399780273,1143700,0.08,0,-0.0132157464104663,1.0607261198283946,8.761397552490234,9.201580783273696,8.321214321706771,8.695883364182404,8.869643527116878,9.991185080787435,9.434357299503054,9.298041343688965
2016-06-10,8.733315440461526,8.765131526779541,8.534469452197422,8.64582347869873,2143100,0.0,0,-0.029464309610396255,1.0294725570219365,8.73875412940979,9.152742116468843,8.324766142350736,8.834101306695057,8.838051585263173,9.989210111185848,9.442205532282166,9.23440647125244
2016-06-13,8.574239532458158,8.66173226021641,8.478793540979682,8.542424201965332,1800300,0.0,0,-0.011959448048893151,1.0171606334584715,8.724367618560791,9.14466928677376,8.304065950347821,8.828232410777526,8.838051585263173,9.941821440470953,9.544241186342333,9.377578735351562
2016-06-14,8.542424002846934,8.590147376742427,8.407208661769882,8.510608673095703,1805800,0.0,0,-0.0037244145359006664,1.013372305609873,8.707600545883178,9.133941297697355,8.281259794069001,8.792439971172627,8.838051585263173,9.906279633016801,9.548166399915528,9.258268356323242
2016-06-15,8.574238027447581,8.820807364390376,8.534468681677817,8.606053352355957,1308600,0.0,0,0.011214788850764545,1.0247370620445,8.705083417892457,9.133213813858474,8.27695302192644,8.792439971172627,8.759069745016953,9.906279633016801,9.925534229456538,9.202593803405762
2016-06-16,8.542420428537334,8.661728434086703,8.431067200268963,8.598097801208496,1535300,0.0,0,-0.0009244134124828385,1.0237897813600778,8.710461711883545,9.130206461167793,8.290716962599296,8.792439971172627,8.66824126879489,9.906279633016801,9.856915635954595,9.377578735351562
2016-06-17,8.621961116259577,8.924207072418683,8.606053075049394,8.828761100769043,2969400,0.0,0,0.026827247711479485,1.051255243429106,8.713156461715698,9.135231352163734,8.291081571267663,8.792439971172627,8.549768007177441,9.79175669015862,9.856915635954595,9.520746231079102
2016-06-20,8.979885458731209,9.091239493405189,8.87648544622051,8.884439468383789,1220200,0.0,0,0.006306475730767813,1.0578849591086341,8.71942491531372,9.147786787031555,8.291063043595885,8.7687459541098,8.48263258121207,9.704876065828254,9.852967170318308,9.560514450073242
2016-06-21,8.85262216242067,8.956022151853167,8.725360870361328,8.725360870361328,2909400,0.0,0,-0.0179053049535155,1.0389432063100568,8.725242710113525,9.150564870783384,8.299920549443666,8.749224077587535,8.48263258121207,9.59232753107451,9.762138207476589,9.457115173339844
2016-06-22,8.749223101673163,8.924207776097047,8.629915817337961,8.653777122497559,1341400,0.0,0,-0.00820410169015795,1.0304196105951904,8.732615184783935,9.14737066052938,8.31785970903849,8.749224077587535,8.48263258121207,9.525192731997032,9.71474911334287,9.55256175994873
2016-06-23,8.757177330372583,8.916253966100625,8.669684611819235,8.701499938964844,1285300,0.0,0,0.0055146805599162185,1.036102045590296,8.739214515686035,9.147458383872095,8.330970647499974,8.749224077587535,8.48263258121207,9.465957801010816,9.671310153283507,9.36166763305664
2016-06-24,8.399254776796935,8.470838694537932,8.31176205755143,8.34357738494873,2906100,0.0,0,-0.04113343176770656,0.9934836127936264,8.738975191116333,9.148149933735919,8.329800448496748,8.701500775478308,8.48263258121207,9.355381960513231,9.56073431278592,8.963976860046387
2016-06-27,8.271992808331493,8.3276702008505,7.969747573684307,8.07314682006836,2426900,0.0,0,-0.03241182437741996,0.9612829964139147,8.71692123413086,9.211775013362043,8.222067454899676,8.530493533544748,8.48263258121207,9.355381960513231,9.56073431278592,8.932161331176758
2016-06-28,8.15268458379909,8.30380718379121,8.097007956202598,8.128823280334473,1579300,0.0,0,0.006896500399040439,0.967912484982274,8.694886732101441,9.25027184307445,8.139501621128431,8.530493533544748,8.48263258121207,9.31589104039012,9.56073431278592,8.948070526123047
2016-06-29,8.224268250862977,8.415160172400086,8.192452930606793,8.399252891540527,1385200,0.0,0,0.033267989951299315,1.0001129878064015,8.680450057983398,9.250775780416728,8.110124335550069,8.530493533544748,8.48263258121207,9.250731225798818,9.56073431278592,9.3457612991333
2016-06-30,8.407209229649293,8.518563270568848,8.335624543239392,8.518563270568848,1179900,0.0,0,0.01420487995408326,1.0143194727387108,8.654997873306275,9.205981720416892,8.104014026195658,8.530493533544748,8.48263258121207,9.173723963304862,9.56073431278592,9.313946723937988
2016-07-01,8.518564055257805,8.788994780589388,8.502656008573632,8.71741008758545,1234300,0.0,0,0.023342764583742293,1.0379964934035562,8.644226932525635,9.181157682805154,8.107296182246117,8.462884862768737,8.48263258121207,9.130284072926456,9.56073431278592,8.979884147644043
2016-07-05,8.637868471789453,8.725361182109122,8.446976526880077,8.574237823486328,1626200,0.0,0,-0.016423715605970446,1.0209487341959016,8.62392783164978,9.138508606521517,8.109347056778043,8.446977674890677,8.573709427129838,8.794611404576663,9.248756289808554,8.940115928649902
2016-07-06,8.59014589247503,8.693545885934656,8.518561223269355,8.629915237426758,1576100,0.0,0,0.006493570050963626,1.0275783363198454,8.600884008407593,9.068413367369033,8.133354649446154,8.443000769892466,8.573709427129838,8.794611404576663,9.248756289808554,9.266223907470703
2016-07-07,8.606053175333424,8.725361210188606,8.534468506127746,8.629915237426758,1275000,0.0,0,0.0,1.0275783363198454,8.580999422073365,9.005661670297169,8.156337173849561,8.379371177136846,8.573709427129838,8.794611404576663,9.248756289808554,9.23440647125244
2016-07-08,8.701499618559914,8.940114942634347,8.614007661765411,8.852622985839844,2355600,0.0,0,0.025806481556995164,1.0540965177044512,8.578215551376342,8.99482611364892,8.161604989103765,8.454931258159327,8.573709427129838,8.794611404576663,9.248756289808554,9.258268356323242
2016-07-11,8.932159378742071,9.22645204134381,8.868528737784148,9.18668270111084,1664200,0.0,0,0.037735676285473696,1.0938735626701914,8.605258512496949,9.09976831382864,8.110748711165257,8.661729998773204,8.598099807514059,8.80843305773406,9.248756289808554,9.178729057312012
2016-07-12,9.226452900912497,9.46506744746634,9.226452900912497,9.38552951812744,1434900,0.0,0,0.021645116467618353,1.1175505833350363,8.647413778305054,9.24712467250069,8.04770288410942,8.828760189036567,8.717407510575324,8.80843305773406,9.248756289808554,9.091238021850586
2016-07-13,9.457118797010772,9.457118797010772,9.290088077852886,9.298041343688965,898200,0.0,0,-0.009321602395421347,1.107133221140416,8.686785411834716,9.346475305711266,8.027095517958166,8.900345995352867,8.717407510575324,8.717604357297624,9.248756289808554,9.433253288269045
2016-07-14,9.353713910973925,9.393483253705693,9.186683278330207,9.194637298583984,938200,0.0,0,-0.011121056713214728,1.0948207297990293,8.716214609146117,9.410849851355493,8.021579366936741,8.956021987173209,8.717407510575324,8.717603331020257,9.248756289808554,9.433253288269045
2016-07-15,9.266224470785954,9.313947850589791,9.19464053888628,9.202593803405762,1150300,0.0,0,0.0008653418904303045,1.095768124039036,8.74643940925598,9.470203180006704,8.022675638505257,8.956021987173209,8.717407510575324,8.69588375910823,9.248756289808554,9.30599308013916
2016-07-18,9.194642060982307,9.329856682645824,9.194642060982307,9.298041343688965,1428200,0.0,0,0.010371808462074972,1.1071332211404161,8.769903421401978,9.532633095715251,8.007173747088704,8.991814335367849,8.717407510575324,8.78276344564964,9.248756289808554,9.465069770812988
2016-07-19,9.29008385803987,9.337806465529471,9.138960497736068,9.23440647125244,2474200,0.0,0,-0.006843900783439438,1.0995561112208814,8.78740177154541,9.575748763339535,7.999054779751285,8.999767976797044,8.717407510575324,8.836076445979115,9.248756289808554,9.258268356323242
2016-07-20,9.242363374399885,9.43325538096552,9.210548039972275,9.377578735351562,2039100,0.0,0,0.015504219415165554,1.1166038704285361,8.820012664794922,9.648768762739321,7.991256566850522,9.039537554615876,8.717407510575324,8.833141998020348,9.248756289808554,9.353713989257812
2016-07-21,9.393483672517595,9.473021602990231,9.250314335714831,9.258268356323242,1504800,0.0,0,-0.012722940792653015,1.1023973854962268,8.850237226486206,9.69663509582227,8.003839357150142,9.17077517038719,8.72138458833727,8.8152457782179,9.248756289808554,9.337806701660156
2016-07-22,9.24236316015273,9.29803980447605,9.07533246864538,9.202593803405762,1409100,0.0,0,-0.006013495264420077,1.0957681240390362,8.875291919708252,9.732310464915276,8.018273374501227,9.274177035817806,8.72138458833727,8.775754858094789,9.248756289808554,9.409391403198242
2016-07-25,9.226456086454782,9.449163427448028,9.226456086454782,9.377578735351562,1112400,0.0,0,0.019014740374723615,1.1166038704285364,8.926991987228394,9.77405743447809,8.079926539978699,9.274177035817806,8.72138458833727,8.730340619983759,9.248756289808554,8.98784065246582
2016-07-26,9.409392203401143,9.616192215429956,9.409392203401143,9.520746231079102,1866300,0.0,0,0.01526700012529103,1.1336510618582694,8.99937195777893,9.786905562000687,8.211838353557173,9.345762342037668,8.792969894557132,8.671103989175034,9.248756289808554,10.085468292236328
2016-07-27,9.54460640862769,9.671867706043448,9.457114456288648,9.560514450073242,1522200,0.0,0,0.004177006510721171,1.1383863297245373,9.07095651626587,9.785045228126743,8.356867804404997,9.373600087344414,8.820807639863878,8.625689267660935,9.248756289808554,9.822992324829102
2016-07-28,9.576422459078865,9.608237785845082,9.369622455829822,9.457115173339844,1122700,0.0,0,-0.010815241927970343,1.1260744061610723,9.123849630355835,9.785313639073742,8.462385621637928,9.373600087344414,8.820807639863878,8.615928329399802,9.248756289808554,10.045699119567873
2016-07-29,9.457115773592022,9.600284373858448,9.298038371126903,9.55256175994873,1515100,0.0,0,0.010092568913399269,1.1374393897068682,9.17554955482483,9.799897867791142,8.551201241858518,9.373600087344414,8.820807639863878,8.615928329399802,9.248756289808554,9.997977256774902
2016-08-01,9.54460554184418,9.54460554184418,9.298036231590215,9.36166763305664,1371300,0.0,0,-0.019983553280174204,1.1147093090596922,9.207762432098388,9.799523045269476,8.6160018189273,9.373600087344414,8.820807639863878,8.615928329399802,9.248756289808554,10.021838188171388
2016-08-02,9.37757609097468,9.37757609097468,8.92420751359206,8.963976860046387,1769200,0.0,0,-0.04248076182559424,1.0673556083967548,9.227249383926392,9.755938323921367,8.698560443931417,9.298037609817754,8.820807639863878,8.592066678345189,9.248756289808554,10.069868087768556
2016-08-03,8.844669370369468,9.075330683895269,8.510608053051106,8.932161331176758,2594900,0.0,0,-0.0035492649486228434,1.0635672805481562,9.242361688613892,9.715702658325421,8.769020718902363,9.091237879547277,8.884437831123023,8.506563057378408,9.248756289808554,9.909772872924805
2016-08-04,8.908301172077254,9.099193161252252,8.908301172077254,8.948070526123047,2550100,0.0,0,0.0017811137032153201,1.065461614805832,9.258269453048706,9.66410201003184,8.852436896065573,9.091237879547277,8.93216031832512,8.506563057378408,9.248756289808554,10.029841423034668
2016-08-05,9.027608026407488,9.409391953678464,9.003745962050123,9.3457612991333,1960200,0.0,0,0.04444430470784,1.1128153154687697,9.28292636871338,9.644200814952569,8.92165192247419,9.091237879547277,9.00374612464142,8.506563057378408,9.209265136848014,9.781698226928713
2016-08-08,9.369623361526443,9.465069351051206,9.2821313940964,9.313946723937988,630000,0.0,0,-0.003404171600045358,1.1090271011757553,9.289289569854736,9.648005614956157,8.930573524753315,9.091237879547277,9.059422116461763,8.506563057378408,9.17372387347755,9.725666999816896
2016-08-09,9.234406751409516,9.234406751409516,8.963976864177297,8.979884147644043,1227600,0.0,0,-0.03586691938395603,1.069249715543262,9.269007301330566,9.64913484054582,8.888879762115312,9.059422919448094,9.059422116461763,8.472758721990402,9.17372387347755,9.837729454040527
2016-08-10,9.02760865363128,9.138961927553346,8.932161906644815,8.940115928649902,731800,0.0,0,-0.004428589315884857,1.0645144476769943,9.251111030578613,9.657192445890777,8.84502961526645,9.055446213454777,9.091237879547277,8.510343551010259,9.17372387347755,9.925782203674316
2016-08-11,9.107147248690865,9.36167066127595,9.01965527599629,9.266223907470703,2455400,0.0,0,0.03647692954134296,1.1033446661806496,9.254690361022949,9.659970077977826,8.84941064406807,9.027606797447643,9.091237879547277,8.508355098511153,9.17372387347755,9.88575839996338
2016-08-12,9.258268533534412,9.34576048629013,9.202591146746984,9.23440647125244,1469000,0.0,0,-0.003433700343956847,1.0995561112208823,9.256280994415283,9.660973288859818,8.851588699970748,8.987838702051157,9.091237879547277,8.476540302133342,9.17372387347755,9.589585304260254
2016-08-15,9.298036942290985,9.377575631300775,9.250314335714831,9.258268356323242,1714700,0.0,0,0.002584019356857148,1.1023973854962277,9.254292345046997,9.658529968277598,8.850054721816395,8.987838702051157,9.091237879547277,8.514320342644583,9.17372387347755,9.661628723144531
2016-08-16,9.25031372095601,9.305990344440405,9.115098413747816,9.178729057312012,1008700,0.0,0,-0.008591163698220772,1.092926509096939,9.251508474349976,9.657034336752627,8.845982611947324,9.186685261564229,9.091237879547277,8.629914903143632,9.17372387347755,9.85373878479004
2016-08-17,9.115099325940802,9.24236062580486,9.043514655132974,9.091238021850586,1604900,0.0,0,-0.009531933551489735,1.0825088062355652,9.237191438674927,9.64413413972482,8.830248737625034,9.19861562884801,9.091237879547277,8.773083849805946,9.17372387347755,10.037846565246582
2016-08-18,9.178730669312124,9.47302263711537,9.131007298989084,9.433253288269045,1251100,0.0,0,0.03762031811249833,1.123233131885728,9.245940685272217,9.661843566207729,8.830037804336705,9.202592271880093,9.091237879547277,8.808876752964096,8.992066472604677,9.82972526550293
2016-08-19,9.425300025329568,9.488930680068798,9.329853284683484,9.433253288269045,1115300,0.0,0,0.0,1.123233131885728,9.25747365951538,9.680736535009867,8.834210784020893,9.210546293356806,9.091237879547277,8.836714748874266,8.952574080828445,9.821722984313965
2016-08-22,9.417347118379991,9.417347118379991,9.22645513157056,9.30599308013916,1189900,0.0,0,-0.013490595899523061,1.108080047602502,9.253894376754761,9.67420260574298,8.833586147766542,9.210546293356806,9.091237879547277,8.836714748874266,8.909134937004394,9.629609107971191
2016-08-23,9.369623777055338,9.49688510206554,9.353716490697728,9.465069770812988,875900,0.0,0,0.017094004831502474,1.1270215732899105,9.251110553741455,9.664929866669276,8.837291240813634,9.258270189030915,9.091237879547277,8.854610922971586,8.869643527116878,9.565570831298828
2016-08-24,9.41734497580567,9.52074496810354,9.234406294498012,9.258268356323242,5858100,0.0,0,-0.021848905448901168,1.1023973854962275,9.235998249053955,9.62455648253988,8.84744001556803,9.282129811618256,9.091237879547277,8.858587743686183,8.838051585263173,9.52554988861084
2016-08-25,9.282129323448949,9.528697885082677,9.24235998038434,9.353713989257812,2176800,0.0,0,0.010309231625305282,1.113762255486439,9.230828189849854,9.610018857992694,8.851637521707014,9.286106270107826,9.091237879547277,8.8784725325956,8.838051585263173,9.389471054077148
2016-08-26,9.40143735228014,9.457114740475516,9.202591379458395,9.337806701660156,2626400,0.0,0,-0.001700638657107234,1.1118681483399318,9.220090436935426,9.573225139668923,8.866955734201929,9.286106270107826,9.091237879547277,8.94607987936223,8.838051585263173,9.517542839050291
2016-08-29,9.337806731388564,9.417345424185362,9.274176080566004,9.409391403198242,2064400,0.0,0,0.007666115162285214,1.1203918576103824,9.222476625442505,9.58007111291661,8.8648821379684,9.286106270107826,9.091237879547277,8.997780812077536,8.759069745016953,9.765687942504885
2016-08-30,9.37757868682141,9.401439997884278,8.924209983939905,8.98784065246582,5581800,0.0,0,-0.04480106445451271,1.0701971097832685,9.223669815063477,9.577913624639406,8.869426005487549,9.22645393451129,9.091237879547277,8.997780812077536,8.66824126879489,9.765687942504885
2016-08-31,9.62414568188519,10.411575576256558,9.584376334398948,10.085468292236328,13946800,0.0,0,0.12212362036807733,1.200893455337454,9.281335163116456,9.776336009107244,8.786334317125668,9.667892780098231,9.461091814653832,9.069366118297399,8.701893048639363,9.93378734588623
2016-09-01,10.141145609152307,10.141145609152307,9.743453624479669,9.822992324829102,4787700,0.0,0,-0.026025164107578158,1.1696400060865801,9.325081253051758,9.848676314355686,8.80148619174783,9.667892780098231,9.461091814653832,9.097203863604147,8.72973079394611,9.973811149597168
2016-09-02,9.838899115870378,10.101375751895183,9.735499114021632,10.045699119567873,2336200,0.0,0,0.022671991117802825,1.196158073915602,9.360078144073487,9.971721464022373,8.748434824124601,9.667892780098231,9.461091814653832,9.097203863604147,8.72973079394611,9.79770851135254
2016-09-06,10.037746610946598,10.077515965118296,9.918439306968851,9.997977256774902,2649600,0.0,0,-0.0047504770175740285,1.1904757524760803,9.394279670715331,10.066009568453795,8.722549772976867,9.667892780098231,9.461091814653832,9.097203863604147,8.72973079394611,9.925782203674316
2016-09-07,10.01388416653137,10.053653516194204,9.85480752641729,10.021838188171388,1756800,0.0,0,0.0023865758826684402,1.1933169131958412,9.446377372741699,10.142906643616058,8.74984810186734,9.667892780098231,9.461091814653832,9.097203863604147,8.72973079394611,9.717660903930664
2016-09-08,9.973812203392102,10.125900496142073,9.973812203392102,10.069868087768556,1474800,0.08,0,0.004792523955720718,1.199035913089099,9.502864980697632,10.209284033719094,8.79644592767617,9.667892780098231,9.461091814653832,9.059422624840817,8.72973079394611,9.765687942504885
2016-09-09,9.997823890993834,10.061861133841154,9.901768026722852,9.909772872924805,1589900,0.0,0,-0.015898442109506195,1.1799731100376332,9.535042428970337,10.254066702106392,8.816018155834282,9.667892780098231,9.659938374166906,8.987837855335151,8.72973079394611,9.605595588684082
2016-09-12,9.8217207880778,10.045851113699694,9.79770625208026,10.029841423034668,1772600,0.0,0,0.012116175784200989,1.1942698716594795,9.574814176559448,10.310902782779124,8.838725570339772,9.667892780098231,9.667892780098231,9.011699098936198,8.72973079394611,9.541558265686035
2016-09-13,9.925781639281883,10.037847194120252,9.677637518161111,9.781698226928713,1848500,0.0,0,-0.024740490466386267,1.1647230492853957,9.600985670089722,10.327243839688988,8.874727500490456,9.997975955327753,9.667892780098231,9.047492002094348,8.72973079394611,9.629609107971191
2016-09-14,9.805713949657612,9.885760899498328,9.653625661021398,9.725666999816896,1500300,0.0,0,-0.005728169670739192,1.1580513180396683,9.628332567214965,10.329416997818075,8.927248136611855,9.897385635086852,9.667892780098231,9.07532999800452,8.72973079394611,9.517542839050291
2016-09-15,9.661626678323367,9.877752916255888,9.613599134372173,9.837729454040527,1925400,0.0,0,0.01152234126726115,1.171394780531123,9.665657138824463,10.326282285565267,9.005031992083659,9.869749815257123,9.667892780098231,9.059422517954928,8.72973079394611,9.573577880859377
2016-09-16,9.82972633551563,9.957800826393878,9.733670467356946,9.925782203674316,3615300,0.0,0,0.00895051546651593,1.1818793676316628,9.690283584594727,10.351141946452188,9.029425222737267,9.869749815257123,9.667892780098231,9.073342046501027,8.820807639863878,9.7096586227417
2016-09-19,9.941790792653965,10.069865269309073,9.861743863052476,9.88575839996338,1875700,0.0,0,-0.0040323072670404025,1.1771136668687965,9.712908840179443,10.367914130096576,9.05790355026231,9.869749815257123,9.667892780098231,9.059422338497459,8.820807639863878,9.661628723144531
2016-09-20,9.749679164895491,9.821721249504533,9.573576376227193,9.589585304260254,1872300,0.0,0,-0.029959572520427358,1.1418478446014546,9.727088451385498,10.3578144590386,9.096362443732396,9.849738436184634,9.667892780098231,9.039538290799218,8.820807639863878,9.589585304260254
2016-09-21,9.661628723144531,9.685643263586698,9.533554227656476,9.661628723144531,1277000,0.0,0,0.007512673030008132,1.1504261741079649,9.736916399002075,10.356924476803565,9.116908321200585,9.801709748482775,9.667892780098231,9.039538290799218,8.820807639863878,9.39747428894043
2016-09-22,9.701649786597082,9.87775255588955,9.669631170669726,9.85373878479004,1493900,0.0,0,0.0198838174339393,1.173301038125153,9.766689920425415,10.347432820871935,9.185947019978896,9.801709748482775,9.667892780098231,9.138961570555754,8.820807639863878,9.389471054077148
2016-09-23,9.821721078565073,10.061860338570286,9.797706541857275,10.037846565246582,2040900,0.0,0,0.018684053279423685,1.1952230572342863,9.800896549224854,10.360283388862037,9.241509709587671,9.801709748482775,9.667892780098231,9.144926754197645,8.820807639863878,9.341440200805664
2016-09-26,9.949795660169183,10.08587498276048,9.82972526550293,9.82972526550293,1536500,0.0,0,-0.02073366019203937,1.1704417085119003,9.825492477416992,10.342479292092525,9.308505662741458,9.809714605208477,9.667892780098231,9.146915075713686,8.820807639863878,9.18134880065918
2016-09-27,9.861745693157877,9.96580641559737,9.821722984313965,9.821722984313965,1166100,0.0,0,-0.0008140900150127584,1.1694888636038463,9.846109056472779,10.326267725277413,9.365950387668144,9.809714605208477,9.667892780098231,9.150892086452043,8.820807639863878,9.157334327697754
2016-09-28,9.781698128244903,9.829725677416718,9.533553246243434,9.629609107971191,1836300,0.0,0,-0.01956009924629254,1.1466135453643211,9.878197479248048,10.173032876114236,9.583362082381859,9.809714114501958,9.667892780098231,9.150892086452043,8.820807639863878,9.029260635375977
2016-09-29,9.645617755765214,9.901766692643172,9.54956190443598,9.565570831298828,3118400,0.0,0,-0.006650142903449119,1.138988401432618,9.852202606201171,10.160861253400803,9.54354395900154,9.809714114501958,9.667892780098231,9.174754034289096,8.820807639863878,9.077289581298828
2016-09-30,9.661629238166787,9.67763893264831,9.485527179175532,9.52554988861084,2031900,0.0,0,-0.004183853049003483,1.1342230413365044,9.83733048439026,10.177591060492464,9.497069908288054,9.785701080968007,9.667892780098231,9.186683845582767,8.820807639863878,9.365456581115724
2016-10-03,9.509541479121811,9.525550411097193,9.373462122101769,9.389471054077148,1374900,0.0,0,-0.014285667087460596,1.118019908565044,9.804519081115723,10.182936811772839,9.426101350458607,9.729668552431125,9.667892780098231,9.18867207482755,8.820807639863878,9.485526084899902
2016-10-04,9.421486992245285,9.581580070253631,9.397472458006025,9.517542839050291,1221800,0.0,0,0.013639936076860426,1.1332696286505286,9.780497360229493,10.167732132992846,9.39326258746614,9.729668552431125,9.667892780098231,9.18867207482755,8.820807639863878,9.96580410003662
2016-10-05,9.557566537592107,9.909772109503589,9.549562455390918,9.765687942504885,2082800,0.0,0,0.026072391545899798,1.1628166781357816,9.767689847946167,10.138574189782611,9.396805506109724,9.729668552431125,9.667892780098231,9.18867207482755,8.820807639863878,10.558149337768556
2016-10-06,9.741674169133129,9.789701715876635,9.597590002134424,9.765687942504885,1675600,0.0,0,0.0,1.1628166781357816,9.752480840682983,10.096222543613605,9.408739137752361,9.729668552431125,9.892518849179163,9.158845907029285,8.820807639863878,10.966388702392578
2016-10-07,9.8777549453052,10.077871534105114,9.813717697959964,9.93378734588623,1544500,0.0,0,0.01721326796135858,1.1828325532064696,9.753681564331055,10.09979799637051,9.4075651322916,9.725666828103442,9.757303865627037,9.564492297376031,9.190661574970433,11.838896751403809
2016-10-10,9.933787677822965,10.117895342630613,9.925782830791276,9.973811149597168,1143100,0.0,0,0.004029057832359628,1.1875982539693362,9.75088005065918,10.088729894637485,9.413030206680876,9.74567873236619,9.749681309121922,9.564492297376031,9.190661574970433,11.534717559814451
2016-10-11,9.973811332355377,10.045853430192183,9.741676107872465,9.79770851135254,1372600,0.0,0,-0.017656504179121124,1.1666294204350096,9.75168056488037,10.089898359361905,9.413462770398835,9.74567873236619,9.749681309121922,9.564492297376031,9.190661574970433,11.56673812866211
2016-10-12,9.82972633551563,10.061861541078498,9.78169878312838,9.925782203674316,1039300,0.0,0,0.013071800633115194,1.1818793676316628,9.761686325073242,10.108065093065946,9.415307557080538,9.74567873236619,9.749681309121922,9.564492297376031,9.190661574970433,11.574742317199709
2016-10-13,9.861744315079886,9.933786402346565,9.69364636591902,9.717660903930664,1421300,0.0,0,-0.02096774797925849,1.1570980189092768,9.755682897567748,10.100726702233253,9.410639092902244,9.74567873236619,9.749681309121922,9.564492297376031,9.190661574970433,11.446667671203612
2016-10-14,9.725664477962566,9.885758336131834,9.68564177680434,9.765687942504885,1270100,0.0,0,0.004942242690809895,1.1628166781357818,9.747678184509278,10.08378271350735,9.411573655511205,9.75768390031832,9.74567873236619,9.564492297376031,9.190661574970433,11.198522567749023
2016-10-17,9.741674920594503,9.837730784875248,9.597590742481316,9.605595588684082,1789000,0.0,0,-0.016393351370977638,1.143754215751069,9.733670043945313,10.06893034342575,9.398409744464876,9.833728899010765,9.74567873236619,9.663915577132569,9.254291766229578,12.687392234802246
2016-10-18,9.693646525340377,9.701651371475906,9.493529952257,9.541558265686035,1605500,0.0,0,-0.006666668652330787,1.1361291853749502,9.731268692016602,10.071328696936945,9.39120868709626,9.805712647443805,9.74567873236619,9.667892780098231,9.302014253431675,12.47126579284668
2016-10-19,9.581581558799378,9.669632574537124,9.469516005091595,9.629609107971191,1378600,0.0,0,0.009228140711754707,1.1466135453643216,9.729667711257935,10.071339250089466,9.387996172426405,9.793705673861105,9.74567873236619,9.832934367712992,9.373600059747975,12.431241035461426
2016-10-20,9.573575225507213,9.64561730145697,9.501533149557453,9.517542839050291,1666000,0.0,0,-0.011637675804320402,1.1332696286505293,9.712857913970947,10.061544408525199,9.364171419416694,9.793705673861105,9.74567873236619,9.782639207592542,9.429276051568317,12.27114963531494
2016-10-21,9.445503382929628,9.621606199275144,9.429493688996295,9.573577880859377,1425400,0.0,0,0.0058875534112832195,1.1399418141185944,9.689644479751587,10.008973006646261,9.370315952856913,9.745677615037398,9.74567873236619,9.768821297677677,9.429276051568317,12.207110404968262
2016-10-24,9.69364892650496,9.837733139098283,9.61360273547426,9.7096586227417,995300,0.0,0,0.014214199077482892,1.1561451740012232,9.683641147613525,9.99659237641747,9.37068991880958,9.745677615037398,9.74567873236619,9.768821297677677,9.461091814653832,12.255138397216797
2016-10-25,9.597591475400504,9.685643263586698,9.52554938084242,9.661628723144531,1210300,0.0,0,-0.004946610531154416,1.1504261741079653,9.675636434555054,9.982103838685296,9.369169030424812,9.681640045671429,9.74567873236619,9.768821297677677,9.461091814653832,12.327558517456056
2016-10-26,9.60559499567742,9.765688092928556,9.581581221935776,9.589585304260254,947000,0.0,0,-0.007456653629392407,1.141847844601455,9.673635244369507,9.981815233988582,9.365455254750431,9.657626012564066,9.74567873236619,9.758815608141433,9.461091814653832,12.39193344116211
2016-10-27,9.589586019980072,9.613600558898147,9.333437045260547,9.39747428894043,1305500,0.0,0,-0.020033297501871883,1.118972867028683,9.665230417251587,9.993480399453052,9.336980435050123,9.585585092179414,9.72566619394558,9.734801264290503,9.461091814653832,12.593101501464844
2016-10-28,9.389471054077148,9.533555258777026,9.269401392416778,9.389471054077148,1533900,0.0,0,-0.0008516367927391411,1.1180199085650444,9.658426475524902,10.003377401016195,9.313475550033608,9.55356726575753,9.693648367523696,9.734801264290503,9.461091814653832,12.70575714111328
2016-10-31,9.389467743180717,9.461509820127311,9.309421584760956,9.341440200805664,1627500,0.0,0,-0.005115394998808642,1.1123007951162023,9.656024932861328,10.009094463851913,9.302955401870744,9.55356726575753,9.693648367523696,9.734801264290503,9.461091814653832,12.979342460632324
2016-11-01,9.261394973726429,9.41348400030728,9.125315639789529,9.18134880065918,2383700,0.0,0,-0.017137764274579137,1.093238446287074,9.639215230941772,10.045656890257037,9.232773571626508,9.481524389443905,9.62160549121007,9.738803692653354,9.461091814653832,13.317303657531738
2016-11-02,9.109306776188063,9.28540957961999,9.109306776188063,9.157334327697754,1978300,0.0,0,-0.0026155713591560215,1.0903790031182372,9.608797550201416,10.061753985009839,9.155841115392994,9.473519957643173,9.613601059409337,9.738803692653354,9.461091814653832,13.438006401062012
2016-11-03,9.18935376016586,9.221373148508071,9.02125655167466,9.029260635375977,1916900,0.0,0,-0.013985914212436112,1.075129055921584,9.57197618484497,10.084438932829075,9.059513436860867,9.429494845386472,9.569575947152636,9.738803447300095,9.461091814653832,13.244884490966797
2016-11-04,9.04527095412994,9.261396496673855,9.029261258853351,9.077289581298828,1527500,0.0,0,0.005319255680213519,1.0808479422592576,9.5291512966156,10.056609880487954,9.001692712743246,9.393472322301609,9.569575947152636,9.738803447300095,9.461091814653832,13.429960250854492
2016-11-07,9.253391775431124,9.493531080974828,9.213368303379095,9.365456581115724,2204600,0.0,0,0.03174593001974757,1.1151604653962082,9.498733568191529,9.98854125013739,9.008925886245668,9.393472322301609,9.569575947152636,9.72679693053312,9.461091814653832,13.108092308044434
2016-11-08,9.365455680292872,9.589586033488173,9.245386039070002,9.485526084899902,1764200,0.0,0,0.012820464517051322,1.1294573405736388,9.483124446868896,9.953112399202013,9.013136494535779,9.317428555286405,9.569575947152636,9.698780666264678,9.461091814653832,12.987388610839844
2016-11-09,9.25338966611929,10.005827562965294,8.925197880811417,9.96580410003662,3321800,0.0,0,0.050632723039081284,1.1866448412833612,9.485125541687012,9.962996150209337,9.007254933164687,9.465512721888356,9.521546611721014,9.698780666264678,9.461091814653832,12.72184944152832
2016-11-10,10.165921064567378,10.68622457702372,10.141907291187575,10.558149337768556,3613500,0.0,0,0.059437776599457814,1.2571763722624607,9.527149963378907,10.192794595291991,8.861505331465823,9.80571122891757,9.80571122891757,9.698780666264678,9.461091814653832,12.657477378845217
2016-11-11,10.55014660266359,11.00641217205872,10.430076193665164,10.966388702392578,2426900,0.0,0,0.038665807004989894,1.3057861112435944,9.58718500137329,10.501417135145962,8.67295286760062,9.965805026435069,9.965805026435069,9.811093700805145,9.461091814653832,12.76208209991455
2016-11-14,11.20652839399246,12.063027105536092,11.198523547641692,11.838896751403809,5808300,0.0,0,0.07956202107088117,1.4096770933404212,9.698850059509278,11.044387777327888,8.353312341690668,10.494112493173755,10.494112493173755,9.74148534686524,9.461091814653832,12.6091947555542
2016-11-15,11.694810643528427,11.846899645594732,11.326596169294266,11.534717559814451,3214800,0.0,0,-0.025693204187568264,1.373457971942688,9.798508024215698,11.362723167278611,8.234292881152784,10.494112493173755,10.494112493173755,9.747680020744056,9.461091814653832,11.94936466217041
2016-11-16,11.286575375725922,11.686808534249762,11.286575375725922,11.56673812866211,1853500,0.0,0,0.0027760167235661992,1.3772707142419163,9.895364475250243,11.63755818796928,8.153170762531207,10.494112493173755,10.494112493173755,9.747680020744056,9.461091814653832,11.764291763305664
2016-11-17,11.4866913021471,11.71082164443454,11.406644369638096,11.574742317199709,3645900,0.0,0,0.0006920004973367533,1.378223786261139,9.998224449157714,11.87807272327231,8.11837617504312,10.494112493173755,10.494112493173755,9.747680020744056,9.461091814653832,11.844757080078123
2016-11-18,11.438662825391058,11.686807701891489,11.278569726060512,11.446667671203612,2993300,0.0,0,-0.011065010562333,1.362973725508901,10.091878938674927,12.063196285056316,8.120561592293539,10.494112493173755,10.494112493173755,9.747680020744056,9.461091814653832,11.812570571899414
2016-11-21,11.502699832004526,11.590750844005816,11.142490174964935,11.198522567749023,4399200,0.0,0,-0.02167837056009292,1.3334266760236486,10.166322135925293,12.186658072275263,8.145986199575324,10.494112493173755,10.494112493173755,9.751681316342255,9.461091814653832,11.740151405334473
2016-11-22,11.502701613515397,12.863494286079092,11.47868783622932,12.687392234802246,9353200,0.0,0,0.1329523299208295,1.5107088593795799,10.31761031150818,12.602949792082539,8.03227083093382,11.502700788633334,10.894346083445255,9.789703815688478,9.659938374166906,11.579216957092283
2016-11-23,12.655373452091512,12.663377535497125,12.383214768311277,12.47126579284668,3327300,0.0,0,-0.01703474110012293,1.4849743250823868,10.4616943359375,12.904942944620053,8.018445727254946,11.646785239872127,10.894346083445255,9.775695689904998,9.667892780098231,11.683823585510254
2016-11-25,12.575325209226486,12.647367296109016,12.431241035461426,12.431241035461426,1070900,0.0,0,-0.003209358059565348,1.480208510763936,10.61338267326355,13.149470658143976,8.077294688383123,12.002992230522015,10.894346083445255,9.769692203113648,9.667892780098231,11.876945495605469
2016-11-28,12.39121928785152,12.431242759825125,12.127065441563662,12.27114963531494,2233800,0.0,0,-0.012878151078384525,1.4611461619348074,10.75746660232544,13.326625249504794,8.188307955146087,12.002992230522015,10.894346083445255,9.769692203113648,9.667892780098231,11.241253852844238
2016-11-29,12.335184883796964,12.479269054171308,11.990984149406746,12.207110404968262,2253000,0.0,0,-0.00521868221396149,1.4535209044475201,10.900750112533569,13.457512654308635,8.343987570758502,12.002992230522015,10.894346083445255,9.745678173701794,9.667892780098231,11.281488418579102
2016-11-30,12.183096313904898,12.391216954892052,12.014998373971832,12.255138397216797,2893900,0.0,0,0.003934427612696023,1.4592396772296095,11.054439592361451,13.547363049434729,8.561516135288173,12.002992230522015,10.894346083445255,9.745678173701794,9.667892780098231,11.225160598754885
2016-12-01,12.16662448342804,12.56895995219508,12.126390783072535,12.327558517456056,1952300,0.08,0,0.005909367800832621,1.4678628611919275,11.212950801849365,13.603159457980135,8.822742145718594,12.002992230522015,10.894346083445255,9.71365938901881,9.667892780098231,11.281488418579102
2016-12-02,12.335606715145856,12.697708521839369,12.255139305927704,12.39193344116211,2321600,0.0,0,0.00522203351254813,1.4755280902448966,11.381084442138672,13.598219119172033,9.163949765105311,12.002992230522015,10.894346083445255,9.701652372465128,9.667892780098231,11.072272300720217
2016-12-05,12.496541068503529,12.729895640008564,12.44021434112462,12.593101501464844,2095800,0.0,0,0.01623379122054658,1.499481505201984,11.556875038146973,13.560527278447553,9.553222797846393,12.171091061154206,10.894346083445255,9.655625643062496,9.667892780098231,10.766496658325195
2016-12-06,12.673570326535309,12.77817766576227,12.391935123432404,12.70575714111328,1510900,0.0,0,0.008945821617917682,1.5128955992668878,11.72389006614685,13.512107953890842,9.935672178402859,12.384580907584507,10.894346083445255,9.623607816640614,9.667892780098231,10.919384956359863
2016-12-07,12.72989488218074,13.019576931213624,12.665521264038778,12.979342460632324,1818000,0.0,0,0.02153239011894681,1.5454718575195403,11.898580884933471,13.441298600025693,10.35586316984125,12.505280540310185,10.97238740601252,9.623607816640614,9.667892780098231,10.86305809020996
2016-12-08,13.04371541074314,13.365585019756582,12.92301507475712,13.317303657531738,2443400,0.0,0,0.026038391230101654,1.585713458380746,12.066155862808227,13.451103619747604,10.68120810586885,12.678284584581665,11.145391450283999,9.551564940326987,9.667892780098231,10.82282543182373
2016-12-09,13.26902469187632,13.478239337407674,13.180510390170095,13.438006401062012,2280400,0.0,0,0.009063602260207526,1.6000857344661672,12.2101487159729,13.534896285854806,10.885401146090995,12.73461174340721,11.201718609109545,9.543560508526255,9.667892780098231,10.49290943145752
2016-12-12,13.317305006853733,13.421913100818506,13.091998099461664,13.244884490966797,3378100,0.0,0,-0.014371321484111799,1.5770903879740128,12.32407350540161,13.591424059084087,11.056722951719134,12.746618855689754,11.201718609109545,9.499535396269554,9.667892780098231,10.629703521728516
2016-12-13,13.462146294756495,13.558707496038972,13.164418865812973,13.429960250854492,2689000,0.0,0,0.01397337666583054,1.5991276660012346,12.403626680374146,13.737892608489618,11.069360752258673,12.842549139555754,11.241952688425194,9.481524134727122,9.667892780098231,10.581424713134766
2016-12-14,13.381679056521609,13.42996042518368,13.05176404460535,13.108092308044434,2443900,0.0,0,-0.023966410681638406,1.560802315625479,12.482295417785645,13.787257773514803,11.177333062056487,12.906923400983338,11.241952688425194,9.481524134727122,9.667892780098231,10.86305809020996
2016-12-15,13.124182733404552,13.220743922480596,12.890828956551834,12.987388610839844,1786400,0.0,0,-0.00920833439130686,1.5464299259844736,12.553327941894532,13.804176207935404,11.30247967585366,12.975321309735687,11.241952688425194,9.44350225121952,9.667892780098231,11.007898330688477
2016-12-16,13.035671422439863,13.091998149503178,12.665521947070904,12.72184944152832,4517000,0.0,0,-0.02044592467879902,1.5148117361967544,12.610683298110962,13.7783468603097,11.443019735912223,12.975321309735687,11.850307393613274,9.493529666804685,9.667892780098231,10.694077491760254
2016-12-19,12.818412229851448,12.898879655354564,12.60919753745874,12.657477378845217,2468600,0.0,0,-0.0050599610519656,1.5071468478105383,12.671223783493042,13.708097336406736,11.634350230579349,13.083952516748855,11.994391844852068,9.80571122891757,9.805217280481813,10.219321250915527
2016-12-20,12.786222783036356,12.971297516666436,12.71380226845911,12.76208209991455,2233000,0.0,0,0.008264262928422195,1.5196023056325874,12.749401760101318,13.532691398705865,11.96611212149677,13.083952516748855,12.350598835501954,9.965805026435069,9.965805026435069,10.404394149780272
2016-12-21,12.67356837479656,12.729895099785107,12.536774242058025,12.6091947555542,1145000,0.0,0,-0.011979812005861845,1.5013977556874347,12.745491886138916,13.530780384979817,11.960203387298016,13.047740869048498,12.350598835501954,10.494112493173755,10.494112493173755,10.855010986328123
2016-12-22,12.657474467172538,12.657474467172538,11.909130958674046,11.94936466217041,2315700,0.0,0,-0.052329280828432134,1.4228306908948891,12.719396829605103,13.571964247478855,11.86682941173135,12.733919227356509,12.350598835501954,10.494112493173755,10.494112493173755,10.855010986328123
2016-12-23,11.949366521224812,12.053973092238111,11.724058053549832,11.764291763305664,1765400,0.0,0,-0.01548809531695472,1.4007937535344206,12.686049365997315,13.629462409986623,11.742636322008007,12.641382774794401,12.350598835501954,10.494112493173755,10.494112493173755,10.846963882446287
2016-12-27,11.836710186076646,11.981551208527074,11.716009845630651,11.844757080078123,1538500,0.0,0,0.006839792687175716,1.4103748924060868,12.664729738235474,13.662972742998173,11.666486733472775,12.572985135407166,12.350598835501954,10.494112493173755,10.494112493173755,10.750404357910156
2016-12-28,11.91717789439701,11.965457724845706,11.716010143607956,11.812570571899414,1350600,0.0,0,-0.0027173632993152674,1.406542391435187,12.645002746582032,13.69352495854608,11.596480534617983,12.468376884055623,12.350598835501954,10.494112493173755,10.494112493173755,10.710172653198242
2016-12-29,11.828664949571593,11.957412202059825,11.603357257717189,11.740151405334473,1091700,0.0,0,-0.006130686468635127,1.3979193210284535,12.619253396987915,13.728996558410376,11.509510235565454,12.347677703610184,12.518697666134145,10.494112493173755,10.494112493173755,10.669939041137695
2016-12-30,11.748197912247702,11.828664558696772,11.555076272502848,11.579216957092283,1340800,0.0,0,-0.013708038566612069,1.3787565890627833,12.581836318969726,13.776561564604918,11.387111073334534,12.263186894584642,12.556891884270911,11.198523436039295,10.894346083445255,10.927433967590332
2017-01-03,11.691869712495404,11.852803763109716,11.530935661881092,11.683823585510254,1619100,0.0,0,0.009033998482418815,1.3912122739960013,12.546430826187134,13.802638917674775,11.290222734699492,12.251116589273764,12.544821578960033,11.27056566165869,10.894346083445255,11.25734806060791
2017-01-04,11.804524974581971,12.102253186372009,11.740151348648675,11.876945495605469,2665400,0.0,0,0.01652899914842232,1.414207620488156,12.510623025894166,13.800218658479343,11.221027393308988,12.1304153808331,12.544821578960033,11.448669156983634,10.894346083445255,11.46656322479248
2017-01-05,11.563121939243064,11.563121939243064,11.064226021627858,11.241253852844238,3101700,0.0,0,-0.05352315904762206,1.3385147610904093,12.437397861480713,13.837206091670605,11.037589631290821,11.860850244400197,12.311466758833415,11.448669156983634,10.894346083445255,11.25734806060791
2017-01-06,11.490702307047153,11.490702307047153,11.088366784571049,11.281488418579102,2309800,0.0,0,0.003579188430540059,1.3433055576374113,12.352505159378051,13.815750631779007,10.889259686977095,11.583239603999933,12.311466758833415,11.448669156983634,10.894346083445255,11.39414119720459
2017-01-09,11.152740084021934,11.313674902270302,11.144693957024783,11.225160598754885,1573700,0.0,0,-0.004992942219525953,1.3365985106049596,12.24789800643921,13.719494422000455,10.776301590877964,11.583239603999933,12.311466758833415,11.448669156983634,10.894346083445255,11.386094093322754
2017-01-10,11.144694279545696,11.506796096295368,11.12860049029748,11.281488418579102,1914800,0.0,0,0.005017996787543888,1.3433055576374113,12.140072107315063,13.561705981493674,10.718438233136453,11.583239603999933,12.311466758833415,11.448669156983634,10.894346083445255,11.072272300720217
2017-01-11,11.233206334981904,11.241253228543489,10.935478179749278,11.072272300720217,2385800,0.0,0,-0.018545081118404028,1.3183938471042225,12.031441497802735,13.430392831103086,10.632490164502384,11.518865683060643,12.247092837894126,11.448669156983634,10.894346083445255,11.281488418579102
2017-01-12,11.023991098947178,11.023991098947178,10.742356746365376,10.766496658325195,3941400,0.0,0,-0.0276163405388008,1.2819846336583325,11.89826831817627,13.244899314692987,10.551637321659552,11.422304966368692,12.150532121202174,11.53271857229973,10.894346083445255,11.49874782562256
2017-01-13,10.83087142479476,11.023992275879012,10.83087142479476,10.919384956359863,2308600,0.0,0,0.014200375747708716,1.3001892971590696,11.788832950592042,13.078324024751437,10.499341876432647,11.422304966368692,12.150532121202174,11.639463495514882,10.894346083445255,12.03787899017334
2017-01-17,10.919384812519032,11.345860978954684,10.766497665939823,10.86305809020996,2822400,0.0,0,-0.005158428462318954,1.2934823636822017,11.682616424560546,12.907361840399671,10.45787100872142,11.422304966368692,12.150532121202174,11.738833973161352,10.97238740601252,11.627495765686035
2017-01-18,10.82282543182373,10.943526549345355,10.653844481208743,10.82282543182373,1765900,0.0,0,-0.0037036217658162895,1.2886917942463687,11.587665224075318,12.768615934219122,10.406714513931513,11.108483210225904,12.106275988623857,11.911838017432832,11.145391450283999,11.868897438049316
2017-01-19,10.798684492533932,10.887198023084723,10.43658270905193,10.49290943145752,2031300,0.0,0,-0.030483352285819665,1.2494081482945116,11.479436826705932,12.644852961435019,10.314020691976845,10.971689402673649,11.997645102545452,11.968165176258378,11.201718609109545,11.933270454406738
2017-01-20,10.500956289586108,10.653843435906708,10.44462879997828,10.629703521728516,1660000,0.0,0,0.013036812255416086,1.2656964477542143,11.372817897796631,12.433750971510342,10.31188482408292,10.971689402673649,11.997645102545452,11.974168732399649,11.201718609109545,11.65163516998291
2017-01-23,10.525097981407631,10.637752212256066,10.420490645775692,10.581424713134766,1227400,0.0,0,-0.004541877249451209,1.2599478098534482,11.271429395675659,12.220939693523135,10.321919097828182,10.96364337103553,11.925225535479687,12.042250913990474,11.241952688425194,11.442422866821287
2017-01-24,10.565329923528529,10.87110498408098,10.565329923528529,10.86305809020996,1459700,0.0,0,0.0266158277084938,1.2934823636822017,11.217114067077636,12.128395054591724,10.305833079563548,10.883175812365188,11.820617284128144,12.074438044704266,11.241952688425194,11.627495765686035
2017-01-25,10.999851437387369,11.072271942309367,10.87915110744669,11.007898330688477,2588600,0.0,0,0.01333328417060109,1.3107287316068372,11.179294395446778,12.05847751249083,10.300111278402726,10.883175812365188,11.756244397639435,12.10863699908044,11.241952688425194,11.30562686920166
2017-01-26,10.99985256191626,11.056179285994398,10.694077491760254,10.694077491760254,1787600,0.0,0,-0.028508697073748812,1.2733615632515989,11.121760416030884,11.968898085913137,10.274622746148632,10.883175812365188,11.695894081221063,12.41281435167448,11.241952688425194,11.184926986694336
2017-01-27,10.694077249965712,10.73431095228072,10.17908754860052,10.219321250915527,3092400,0.0,0,-0.04439431462980559,1.2168315493751063,11.04209794998169,11.913965888328342,10.170230011635038,10.762474263777602,11.575192532633478,12.539172180800461,11.241952688425194,11.088366508483888
2017-01-30,10.146898960562735,10.41244027491683,10.026198642181388,10.404394149780272,2592600,0.0,0,0.01811009697421584,1.2388684867355748,10.97531008720398,11.827258972082134,10.123361202325825,10.549235292245378,11.378046870983248,12.717275676125404,11.241952688425194,11.088366508483888
2017-01-31,10.275648451916169,10.887197793795456,10.187134155835492,10.855010986328123,2806300,0.0,0,0.04331024277443074,1.2925241816616841,10.939099788665771,11.745140478532386,10.133059098799157,10.549235292245378,11.341836554676963,12.699169852275226,11.241952688425194,10.96936321258545
2017-02-01,10.9435252824088,11.056178724847449,10.782590477678124,10.855010986328123,4784200,0.0,0,0.0,1.2925241816616841,10.897659158706665,11.627076555106841,10.168241762306488,10.549235292245378,11.064225914276697,12.542259031429232,11.241952688425194,11.236512184143066
2017-02-02,10.774544142593488,11.032038597343025,10.694076741787256,10.846963882446287,1986700,0.0,0,-0.0007413261849270603,1.291565999641167,10.846160078048706,11.418824512646081,10.273495643451332,10.549235292245378,11.064225914276697,12.495990805148178,11.241952688425194,11.001744270324709
2017-02-03,10.879152363409464,11.096413135863532,10.710171421547823,10.750404357910156,1678600,0.0,0,-0.008901986360662084,1.2800684967284666,10.821617603302002,11.365493656027072,10.277741550576932,10.56130588902246,11.064225914276697,12.46179198545456,11.241952688425194,11.115081787109377
2017-02-06,10.72626567611503,10.93548034579238,10.653845154504088,10.710172653198242,1194100,0.0,0,-0.0037423433921638383,1.2752780408482176,10.793051815032959,11.295300094361352,10.290803535704566,10.56130588902246,11.064225914276697,12.409487859778789,11.241952688425194,11.171749114990234
2017-02-07,10.75845258646448,10.82282621350108,10.621658437163164,10.669939041137695,1652300,0.0,0,-0.0037565792227012285,1.2704873578568001,10.7652907371521,11.228377120821975,10.302204353482225,10.56130588902246,11.064225914276697,12.433187684872165,11.241952688425194,11.422709465026855
2017-02-08,10.597518924549943,10.999854492627334,10.49291158476252,10.927433967590332,2657300,0.0,0,0.02413274578794411,1.301147706290755,10.74758801460266,11.153324334501846,10.341851694703475,10.56130588902246,11.064225914276697,12.410039389427777,11.241952688425194,11.53604793548584
2017-02-09,10.94352683512363,11.378049181281511,10.87915321105536,11.25734806060791,2772300,0.0,0,0.030191360020666247,1.3404311251314434,10.756841802597046,11.19899663652518,10.314686968668912,10.70212391173145,11.064225914276697,12.397969084116898,11.241952688425194,11.366042137145996
2017-02-10,11.353908994041392,11.498750038236482,11.225161740265383,11.46656322479248,1555100,0.0,0,0.018584764640676266,1.3653427221090482,10.79184513092041,11.332558745236332,10.25113151660449,10.842942097035987,10.794660290712226,12.337618479896566,11.241952688425194,10.977459907531738
2017-02-13,11.53093634659512,11.587263075806325,11.225161248573777,11.25734806060791,1348100,0.0,0,-0.0182456731003946,1.3404311251314436,10.808743286132813,11.384712609034253,10.232773963231374,11.040087330284422,10.806730858993856,12.086158501616806,11.241952688425194,11.252704620361328
2017-02-14,11.17688042701245,11.498748518924533,11.17688042701245,11.39414119720459,1665700,0.0,0,0.012151453065162965,1.356719311035562,10.835297441482544,11.465837898308155,10.204756984656932,11.040087330284422,10.806730858993856,11.947353181416673,11.241952688425194,11.32556438446045
2017-02-15,11.313674349522078,11.450467710519389,11.26539375292758,11.386094093322754,1753500,0.0,0,-0.0007062492681598753,1.3557611290150446,10.863460874557495,11.538503091283369,10.18841865783162,11.040087330284422,10.806730858993856,11.947353181416673,11.241952688425194,11.390326499938965
2017-02-16,11.31367373580975,11.426327176095928,11.023991706744706,11.072272300720217,2106800,0.0,0,-0.02756184781457005,1.3183938471042222,10.89242901802063,11.550716368428485,10.234141667612775,11.040087330284422,10.806730858993856,11.947353181416673,11.241952688425194,11.309372901916504
2017-02-17,11.0239931623664,11.370001957261964,10.959619540161754,11.281488418579102,2249900,0.0,0,0.018895499692983098,1.3433055576374109,10.925018262863158,11.592623150612196,10.25741337511412,11.040087330284422,10.806730858993856,11.882979260477384,11.241952688425194,11.366042137145996
2017-02-21,11.35390680929809,11.555074546462512,11.30562698211928,11.49874782562256,3652700,0.0,0,0.019258044593270407,1.36917499596878,10.970884418487548,11.663613358012597,10.2781554789625,11.040087330284422,10.806730858993856,11.786418543785434,11.241952688425194,11.665573120117188
2017-02-22,12.005692178731463,12.472401328335724,11.82061743739509,12.03787899017334,6400000,0.0,0,0.04688607600815797,1.4333702388982417,11.029625463485718,11.862546610011202,10.196704316960234,11.675777269695542,11.249299985258556,11.786418543785434,11.241952688425194,11.722240447998049
2017-02-23,12.037878158772312,12.14248548058219,11.611402744773628,11.627495765686035,3857800,0.0,0,-0.03409099101447233,1.3845052269635496,11.060605335235596,11.933562125017149,10.187648545454044,11.716010434248739,11.249299985258556,11.786418543785434,11.241952688425194,11.495570182800291
2017-02-24,11.595309170931568,12.070065191236592,11.538982445605235,11.868897438049316,2564200,0.0,0,0.02076127802821337,1.4132493249120546,11.119346332550048,12.042945518989825,10.195747146110271,11.716010434248739,11.249299985258556,11.607379599424881,11.241952688425194,11.204131126403809
2017-02-27,11.812570115553852,11.949364242197277,11.635542286828118,11.933270454406738,3786400,0.0,0,0.00542367281320133,1.4209143268538553,11.20504379272461,12.095829965391625,10.314257620057594,11.716010434248739,11.249299985258556,11.484667252609551,11.241952688425194,10.65363883972168
2017-02-28,11.828662996623477,11.876943592032369,11.522887938751236,11.65163516998291,2902600,0.0,0,-0.023600846515619334,1.3873795459139329,11.26740584373474,12.097157339128735,10.437654348340747,11.716010434248739,11.249299985258556,11.484667252609551,11.241952688425194,10.410775184631348
2017-03-01,11.86085142551294,11.933271944827338,11.25734812108515,11.442422866821287,3704300,0.0,0,-0.017955617396998358,1.3624682896030809,11.2967764377594,12.10721226722158,10.486340608297219,11.716010434248739,11.249299985258556,11.444434453257609,11.241952688425194,10.718402862548828
2017-03-02,11.466561719591631,11.732103087495911,11.434374910372751,11.627495765686035,2335200,0.0,0,0.016174275415164807,1.3845052269635496,11.335400676727295,12.131283504505973,10.539517848948616,11.716010434248739,11.249299985258556,11.351896548246666,11.241952688425194,10.7022123336792
2017-03-03,11.675775532583009,11.724055359279614,11.160785854323825,11.30562686920166,2465100,0.0,0,-0.027681704037617827,1.3461797630322097,11.358333826065063,12.122038952824788,10.59462869930534,11.816593591329774,11.249299985258556,11.319710105002311,11.241952688425194,10.880311965942385
2017-03-06,11.24125448050474,11.281488185399573,11.072273533861717,11.184926986694336,1973100,0.0,0,-0.010676089340621142,1.3318078276135417,11.380059957504272,12.096084919365572,10.664034995642973,11.77233743109872,11.249299985258556,11.289534946793125,11.850307393613274,10.945076942443848
2017-03-07,11.136647107632298,11.22516064411128,11.015945993458317,11.088366508483888,3173700,0.0,0,-0.008633089722026477,1.3203102111452567,11.398969650268555,12.060571315122443,10.737367985414666,11.579215737020252,11.249299985258556,11.168833398205539,11.868897522319745,10.904598236083984
2017-03-08,10.943526245826837,11.22516064411128,10.911339435525925,11.088366508483888,2633800,0.0,0,0.0,1.3203102111452567,11.419891023635865,12.00979955159336,10.829982495678369,11.49070231338126,11.329767742085608,10.963641081614313,11.79245306911018,10.661733627319336
2017-03-09,11.026031261772786,11.106986279506923,10.856026342166508,10.96936321258545,2575100,0.083,0,-0.010732265731601465,1.306140291111099,11.42198748588562,12.005065525907979,10.83890944586326,11.402695292181892,11.482656456549122,10.94553592346117,11.79245306911018,10.81554889678955
2017-03-10,11.026029783882048,11.26889403248752,10.945075549043,11.236512184143066,2288300,0.0,0,0.024354100268200618,1.3379501627251555,11.420945692062379,12.00528341412701,10.836607969997747,11.394649143496924,11.482656456549122,10.806730603261038,11.79245306911018,10.92078971862793
2017-03-13,11.155557866452448,11.26079907308478,10.92078925844008,11.001744270324709,2093400,0.0,0,-0.02089330834791081,1.3099959574212015,11.39770474433899,12.009567742469047,10.785841746208932,11.394649143496924,11.482656456549122,10.806730603261038,11.79245306911018,11.058414459228516
2017-03-14,11.009841339013846,11.171750611519634,10.904600118874008,11.115081787109377,2074100,0.0,0,0.01030177706369484,1.3234912437288961,11.390591430664063,12.012152864869481,10.769029996458645,11.29406471483121,11.482656456549122,10.812765901649579,11.79245306911018,11.625096321105955
2017-03-15,11.155557803886436,11.25270335437662,11.017934747680952,11.171749114990234,2207400,0.0,0,0.0050982375988071205,1.3302387165493668,11.379471826553345,12.00837509573392,10.750568557372771,11.290040850723061,11.482656456549122,10.812765901649579,11.79245306911018,11.503664016723633
2017-03-16,11.285086394311952,11.495568828587013,11.23651399996804,11.422709465026855,1677100,0.0,0,0.02246383690266396,1.3601209821195408,11.38130259513855,12.010488492424063,10.752116697853037,11.17579758537676,11.482656456549122,10.812765901649579,11.79245306911018,11.21222686767578
2017-03-17,11.527952277959756,11.584621108597949,11.34985244465229,11.53604793548584,3377000,0.0,0,0.009922205480757063,1.37361638198282,11.40449137687683,12.020310411382278,10.788672342371383,11.22032372538223,11.664213835251116,10.812765901649579,11.79245306911018,11.220322608947754
2017-03-20,11.527951415330117,11.568428927887233,11.333660281509172,11.366042137145996,1386300,0.0,0,-0.014736918508884811,1.35337350929907,11.408719062805176,12.02223405137035,10.79520407424,11.22032372538223,11.664213835251116,10.883174913004073,11.79245306911018,11.53604793548584
2017-03-21,11.414615346165409,11.438901544966072,10.758881802192734,10.977459907531738,2636400,0.0,0,-0.03418799833095032,1.307104378022001,11.382654666900635,12.022669354184433,10.742639979616836,11.171751455395341,11.61564156526423,10.818801193874107,11.79245306911018,11.317468643188477
2017-03-22,10.961267936102708,11.276991589749432,10.758881156800928,11.252704620361328,2866400,0.0,0,0.025073624968626973,1.339878222991375,11.343395948410034,11.909078662484406,10.777713234335662,11.171751132699438,11.615641242568326,10.923409094639139,11.79245306911018,11.18794059753418
2017-03-23,11.285086872761552,11.511760629457646,11.220323162861046,11.32556438446045,2724200,0.0,0,0.006474866848213967,1.3485537560780658,11.328299379348755,11.878590535955986,10.778008222741523,11.171751132699438,11.615641242568326,10.923409094639139,11.79245306911018,11.123176574707031
2017-03-24,11.341754110334929,11.463185856389236,11.220321592236404,11.390326499938965,1607400,0.0,0,0.005718224123768545,1.3562650886982701,11.304370832443237,11.796502686285038,10.812238978601435,11.171751132699438,11.615641242568326,10.923409094639139,11.79245306911018,11.2608003616333
2017-03-27,11.252704081435922,11.511759671525382,11.1312723284883,11.309372901916504,2808800,0.0,0,-0.007107223662367823,1.3466258093674304,11.273175954818726,11.671038758425585,10.875313151211866,11.171751132699438,11.615641242568326,10.923409094639139,11.79245306911018,11.317468643188477
2017-03-28,11.252705256394943,11.4146153066234,11.204132858961875,11.366042137145996,1861800,0.0,0,0.005010820292245199,1.3533735092990697,11.25889630317688,11.61980360245276,10.897989003900998,11.171751132699438,11.615641242568326,10.923409094639139,11.79245306911018,10.945076942443848
2017-03-29,11.34175460190798,11.819387495299743,11.301277094120769,11.665573120117188,2390000,0.0,0,0.02635314732753602,1.3890391607788126,11.270053815841674,11.665502720569787,10.874604911113561,11.289134326050336,11.615641242568326,10.923409094639139,11.79245306911018,11.06650733947754
2017-03-30,11.592713048667887,11.79509980313231,11.57652250977372,11.722240447998049,2298900,0.0,0,0.004857654853076987,1.395786633599284,11.274791049957276,11.689277043348888,10.860305056565664,11.289134326050336,11.45068331869156,11.462538627477048,11.79245306911018,11.082698822021484
2017-03-31,11.722243184544666,11.762720699295828,11.487474525441185,11.495570182800291,1420000,0.0,0,-0.019336769809773724,1.3687966287618156,11.284288215637208,11.709843218654676,10.85873321261974,11.289134326050336,11.41447317401876,11.482655209753649,11.79245306911018,11.163656234741213
2017-04-03,11.49556778206873,11.527949632698164,11.139367425144936,11.204131126403809,1806600,0.0,0,-0.025352292384116293,1.3340944964150534,11.285248422622681,11.709979260987147,10.860517584258215,11.289134326050336,11.354122699499102,11.482655209753649,11.79245306911018,11.625096321105955
2017-04-04,11.115080401865995,11.16365356358634,10.63744830051104,10.65363883972168,4457700,0.0,0,-0.04913297429952701,1.2685464658095522,11.26351203918457,11.764818261502255,10.762205816866887,11.228417897905391,11.28536012266919,11.482655209753649,11.79245306911018,10.912693977355955
2017-04-05,10.75078502044452,10.758880676545846,10.370298448213228,10.410775184631348,3752400,0.0,0,-0.022796310138168407,1.2396282871502802,11.229632472991943,11.852117924143108,10.607147021840778,11.094842971756485,11.151785196520283,11.482655209753649,11.79245306911018,10.32982063293457
2017-04-06,10.44315673930382,10.904599087350432,10.44315673930382,10.718402862548828,2898700,0.0,0,0.029548969453456975,1.276258025540925,11.217084455490113,11.869770040442727,10.564398870537499,11.094842971756485,11.094842971756485,11.482655209753649,11.728079533682534,10.119338035583496
2017-04-07,10.694116677800451,10.823644083683442,10.621257318980213,10.7022123336792,2230000,0.0,0,-0.00151053557859826,1.2743301923858739,11.190369462966919,11.880757193748218,10.499981732185619,11.094842971756485,11.094842971756485,11.482655209753649,11.623471282330993,9.86028289794922
2017-04-10,10.758880217777463,11.017935025619543,10.742689678309446,10.880311965942385,1937400,0.0,0,0.016641384669851655,1.2955368113137733,11.184297847747803,11.883390095096525,10.485205600399082,11.094842971756485,11.094842971756485,11.532946788294165,11.559098395842284,9.568846702575684
2017-04-11,10.880312465465716,10.985553678994322,10.766976367853571,10.945076942443848,1674800,0.0,0,0.005952492603538362,1.3032484846007302,11.175797605514527,11.882225062735095,10.469370148293958,11.082699125672768,11.094842971756485,11.510818708178638,11.498748079423912,9.325983047485352
2017-04-12,10.928884429755517,11.009839438052856,10.839834538263782,10.904598236083984,2396600,0.0,0,-0.0036983482686074876,1.2984286178241418,11.162440061569214,11.878809926074398,10.44607019706403,11.066509573754528,11.094842971756485,11.414257861139404,11.498748079423912,9.091214179992676
2017-04-13,10.912692754983896,10.936979719888845,10.613160469553597,10.661733627319336,2364000,0.0,0,-0.022271761279658575,1.2695103256092855,11.124391269683837,11.862175452996558,10.386607086371116,10.949124040455697,11.094842971756485,11.410235027733433,11.378046870983248,9.261219024658203
2017-04-17,10.694117141519774,10.839835865478925,10.588875926665306,10.81554889678955,1231100,0.0,0,0.014426853534971418,1.2878253651379845,11.088366317749024,11.812313672084432,10.364418963413616,10.766976005899785,11.094842971756485,11.442675874365507,11.341836554676963,8.977877616882324
2017-04-18,10.80745362366667,10.93698103050482,10.694116756661163,10.92078971862793,1651800,0.0,0,0.009730511400084296,1.3003565645347774,11.06610369682312,11.781773907522803,10.350433486123437,10.694116736916385,11.094842971756485,11.438652800023023,11.249299985258556,7.965943813323975
2017-04-19,10.96936454652736,11.2122288572193,10.936982689904728,11.058414459228516,2177500,0.0,0,0.01260208685877684,1.3167437709084253,11.070151424407959,11.784672804363465,10.355630044452452,10.827692798261559,11.094842971756485,11.438652800023023,11.249299985258556,7.901180744171143
2017-04-20,11.20413222176803,11.633191977565836,11.171750367972804,11.625096321105955,3356600,0.0,0,0.05124440433723576,1.3842195211133932,11.08877100944519,11.840214827801947,10.337327191088434,11.111033952115571,11.094842971756485,11.388360585690165,11.249299985258556,7.585455894470215
2017-04-21,11.600809573501335,11.600809573501335,11.374136607686696,11.503664016723633,1934500,0.0,0,-0.010445703074464463,1.3697603750059653,11.097675991058349,11.86436646798424,10.330985514132458,11.111033952115571,11.094842971756485,11.386348653636091,11.249299985258556,7.62593412399292
2017-04-24,11.68176409140955,11.68176409140955,11.204131211945558,11.21222686767578,3255600,0.0,0,-0.02533428902514645,1.3350584697703711,11.08877100944519,11.845626577465985,10.331915441424396,11.135320009037429,11.094842971756485,11.329227020962941,11.249299985258556,7.658315181732178
2017-04-25,11.276991431346367,11.333659481700703,11.034127145186783,11.220322608947754,2159300,0.0,0,0.0007220457958547755,1.336022443125689,11.084318494796753,11.836920413696088,10.331716575897417,11.135320009037429,11.094842971756485,11.442268780316674,11.249299985258556,7.779747009277344
2017-04-26,11.25270609842808,11.633193509665658,11.22032424036814,11.53604793548584,3188500,0.0,0,0.028138703096318052,1.3736163819828202,11.092818784713746,11.861797801505364,10.323839767922127,11.135320009037429,11.094842971756485,11.442268780316674,11.249299985258556,7.634028911590576
2017-04-27,11.552238054879863,11.633192305628738,11.276991903836198,11.317468643188477,2930800,0.0,0,-0.01894750208388052,1.3475897827227483,11.07541356086731,11.80615287644653,10.344674245288088,11.135320009037429,11.094842971756485,11.393696510329786,11.249299985258556,7.66641092300415
2017-04-28,11.293181812451309,11.293181812451309,11.139368204215058,11.18794059753418,2280900,0.0,0,-0.011444966161426429,1.3321666632600024,11.048698568344117,11.718818762899058,10.378578373789175,11.187940424035357,11.094842971756485,11.393696187633882,11.249299985258556,7.464024543762207
2017-05-01,11.236513442628382,11.236513442628382,10.993649166822204,11.123176574707031,1897100,0.0,0,-0.005788734956406749,1.3244551035286296,11.030078887939453,11.669144291532286,10.39101348434662,11.30937339065714,11.094842971756485,11.393696187633882,11.249299985258556,7.577360153198242
2017-05-02,11.131272945431729,11.28508655916002,11.11508163238438,11.2608003616333,2061900,0.0,0,0.012372705404966045,1.3408421963466932,11.032912349700927,11.675570883019105,10.39025381638275,11.337706629115877,11.094842971756485,11.393696187633882,11.249299985258556,7.563474655151367
2017-05-03,11.228418735751422,11.374137467961436,11.155559369646417,11.317468643188477,1469300,0.0,0,0.005032349365525546,1.3475897827227483,11.066103839874268,11.695263724772444,10.436943954976092,11.337706629115877,11.094842971756485,11.393696187633882,11.249299985258556,7.612482070922852
2017-05-04,11.333659172047074,11.414614189236543,10.92888563018825,10.945076942443848,2265900,0.0,0,-0.032904151315564345,1.3032484846007306,11.092818927764892,11.648774219058465,10.536863636471319,11.3053248607989,11.094842971756485,11.393696187633882,11.249299985258556,7.63698673248291
2017-05-05,11.00174364248342,11.106984843109904,10.807452551501058,11.06650733947754,2564000,0.0,0,0.011094522009507113,1.3177074035969902,11.110224151611328,11.639050034217481,10.581398269005176,11.220323030583359,11.082699125672768,11.45238778430933,11.249299985258556,7.702329158782959
2017-05-08,11.082698822021486,11.309372552859138,11.026030775334188,11.082698822021484,1767300,0.0,0,0.0014631068364436839,1.3196353503076255,11.129248476028442,11.623907181757001,10.634589770299883,11.220323030583359,11.066509573754528,11.369908822370949,11.249299985258556,7.53080415725708
2017-05-09,11.098892518314058,11.25270615181745,11.050319344971491,11.163656234741213,1551000,0.0,0,0.007304846411495536,1.3292750838608027,11.143415689468384,11.624648917487367,10.662182461449401,11.220322428564899,11.026031269811389,11.351803750034549,11.249299985258556,7.604315280914307
2017-05-10,11.155559055053043,11.641287634025716,11.098891003922471,11.625096321105955,2548500,0.0,0,0.041334136116512044,1.3842195211133932,11.177416658401489,11.693040543121583,10.661792773681395,11.224370092763387,11.026031269811389,11.32162851277472,11.249299985258556,7.5553083419799805
2017-05-11,11.568427434401796,11.568427434401796,10.904599093525055,10.912693977355955,3828700,0.0,0,-0.06128141428442169,1.2993925911794595,11.177821445465089,11.69259075402146,10.663052136908718,11.224370092763387,11.026031269811389,11.25688901028729,11.249299985258556,7.465460300445557
2017-05-12,10.823644059784131,10.847930255322506,10.289343125674453,10.32982063293457,3375500,0.0,0,-0.05341241545221176,1.2299888942638562,11.16122579574585,11.757394203264404,10.565057388227295,10.965315379850084,10.985553608542002,11.123314084138384,11.249299985258556,7.146912097930908
2017-05-15,10.42696600451054,10.45934785534264,10.111242379864416,10.119338035583496,3253800,0.0,0,-0.02037621027803649,1.2049263819146863,11.126415252685547,11.865224593911634,10.38760591145946,10.876265006945065,10.896503235636983,11.094842971756485,11.249299985258556,6.918210029602051
2017-05-16,10.086955846165235,10.3460106441264,9.795519198458928,9.86028289794922,4217000,0.0,0,-0.025600008293362397,1.1740802565447792,11.073389911651612,11.995370703189735,10.151409120113488,10.718403416242321,10.738641644934239,11.094842971756485,11.249299985258556,7.1550798416137695
2017-05-17,9.860284159616922,9.860284159616922,9.52836996424822,9.568846702575684,3622700,0.0,0,-0.029556575444113387,1.1393784648647693,10.99891152381897,12.132603929123452,9.865219118514489,10.584828799136968,10.605067027828884,11.094842971756485,11.249299985258556,7.236759662628174
2017-05-18,9.593133531153958,9.665992122300072,9.22074183088192,9.325983047485352,3622900,0.0,0,-0.025380661080604328,1.1104602862054973,10.88395586013794,12.19483578902431,9.57307593125157,10.431014732453818,10.451252961145734,11.088771048714626,11.249299985258556,7.45729398727417
2017-05-19,9.358365451421223,9.358365451421223,9.05883232467472,9.091214179992676,3531400,0.0,0,-0.025173632237727284,1.0825059673459587,10.763333368301392,12.257235233401678,9.269431503201107,10.350059979350217,10.370298208042135,11.080676272755507,11.249299985258556,7.50629997253418
2017-05-22,9.107405406383233,9.358365361725294,9.01835549812344,9.261219024658203,4073500,0.0,0,0.01869990534813959,1.1027487264741245,10.665782976150513,12.280939070992996,9.05062688130803,10.329821566074578,10.350059794766494,11.021983506106091,11.329767742085608,7.50629997253418
2017-05-23,9.26931429995701,9.301696153631974,8.921209565962208,8.977877616882324,6580400,0.0,0,-0.03059439659309171,1.0690107945938483,10.55366072654724,12.306304372517026,8.801017080577456,10.244818500182003,10.301486828685878,10.930909488828135,11.421349888274477,7.685994625091553
2017-05-24,7.21306474192924,8.176426250580784,7.21306474192924,7.965943813323975,22599100,0.0,0,-0.11271414545186864,0.9485181564023796,10.375155520439147,12.40041973544658,8.349891305431715,9.030497498625873,9.447414416669394,10.894479854336435,11.421349888274477,7.694162845611572
2017-05-25,7.85260757316703,8.071185684618992,7.755462003203167,7.901180744171143,10845500,0.0,0,-0.008129993214929354,0.9408067102265909,10.20434112548828,12.44971042893982,7.958971822036741,8.83620629863594,9.447414416669394,10.961267885009022,11.421349888274477,7.88202428817749
2017-05-26,7.860702019664239,7.949751918738205,7.569265354658695,7.585455894470215,5340100,0.0,0,-0.039959198494964765,0.9032128281472518,10.024216890335083,12.494358665123562,7.554075115546604,8.77953769302782,9.447414416669394,11.102938461936027,11.421349888274477,7.718666553497314
2017-05-30,7.569266071221617,7.80403471104542,7.553074757833064,7.62593412399292,4684000,0.0,0,0.005336294889304316,0.9080326381460481,9.849354767799378,12.47551413857451,7.223195397024245,8.53667445077308,9.447414416669394,11.102938461936027,11.421349888274477,7.449123859405518
2017-05-31,7.666410837583947,7.698792688946789,7.480214613214434,7.658315181732178,4316500,0.0,0,0.0042461759061593884,0.9118883044561502,9.669230508804322,12.377247782025417,6.9612132355832275,8.439528432114656,9.427176187977478,11.115081490396957,11.421349888274477,7.47362756729126
2017-06-01,7.690697110148394,7.893083876204932,7.56926535933217,7.779747009277344,3837400,0.0,0,0.015856206575935117,0.9263473937857861,9.492344427108765,12.208848266377313,6.775840587840218,8.285715096675231,9.427176187977478,11.115081490396957,11.421349888274477,7.1550798416137695
2017-06-02,7.7797468552767,7.804033822594577,7.609741944272699,7.634028911590576,3173100,0.0,0,-0.018730441685699928,0.9089964979457813,9.326792025566101,12.072713322214303,6.580870728917899,8.285715051827268,9.427176187977478,11.115081490396957,11.421349888274477,7.024394512176514
2017-06-05,7.634029071280507,7.706888430669768,7.569265367833218,7.66641092300415,3206700,0.0,0,0.00424179837260108,0.9128522778114678,9.156787204742432,11.87131704111312,6.442257368371746,8.257380447780607,9.427176187977478,11.115081490396957,11.421349888274477,6.991723537445068
2017-06-06,7.585456301011573,7.609742498052589,7.391165180594874,7.464024543762207,5368000,0.0,0,-0.02639910399723744,0.8887537955954078,8.975853490829468,11.633992952420328,6.3177140292386085,7.6947454962550115,9.427176187977478,11.141391697895921,11.421349888274477,7.253095149993896
2017-06-07,7.423546552522119,7.585455809034942,7.334496654451124,7.577360153198242,3728800,0.0,0,0.015184249297619301,0.9022488547919338,8.796538686752319,11.319105835555199,6.27397153794944,7.702841169535058,9.427176187977478,11.202108181206812,11.421349888274477,7.089736461639404
2017-06-08,7.645153177717836,7.677824742534733,7.522635004392359,7.563474655151367,3536600,0.083,0,-0.0018324980951333059,0.9005954854841914,8.59345760345459,10.803960860176,6.382954346733181,7.642124286594664,9.427176187977478,11.216274800436182,11.421349888274477,7.195920467376709
2017-06-09,7.579810504140197,7.685993290921723,7.416452670226925,7.612482070922852,5733600,0.0,0,0.00647948436478285,0.9064308798513803,8.428447008132935,10.399040715620885,6.4578533006449845,7.613790265328028,9.427176187977478,11.216274800436182,11.421349888274477,7.106072902679443
2017-06-12,7.612482471891521,7.971870504382191,7.563475508612017,7.63698673248291,4566800,0.0,0,0.0032190107420624336,0.909348690590559,8.29380531311035,10.084231463181546,6.503379163039157,7.653183579416657,9.427176187977478,11.200083916277691,11.421349888274477,7.106072902679443
2017-06-13,7.661489507183957,7.80034385524962,7.555306724607183,7.702329158782959,3978800,0.0,0,0.00855604816257216,0.9171291217838238,8.172954869270324,9.767787527145424,6.578122211395224,7.653183579416657,9.427176187977478,11.151511078128063,11.421349888274477,7.293934822082519
2017-06-14,7.6941620044852,7.6941620044852,7.424621361820888,7.53080415725708,2418600,0.0,0,-0.022269238043441608,0.8967053550542473,8.056480932235718,9.46940627321408,6.643555591257357,7.653183579416657,9.427176187977478,11.143416302168944,11.256391964397709,7.285767555236816
2017-06-15,7.465460917901091,7.661490331936814,7.416453174916336,7.604315280914307,3029900,0.0,0,0.009761390964653893,0.9054584466050306,7.958254361152649,9.197698657495211,6.7188100648100875,7.653183579416657,9.427176187977478,11.123176849188145,11.22018181972491,7.016226291656494
2017-06-16,7.383782391706689,7.587979914462905,7.367446994941092,7.5553083419799805,4184400,0.0,0,-0.006444622181477122,0.899623109015634,7.86972062587738,8.94634613015634,6.793095121598421,7.653183579416657,9.390746088165518,11.125200681287389,11.159831345205252,7.383781909942627
2017-06-19,7.579810393032869,7.628818131964278,7.334773256278996,7.465460300445557,2609700,0.0,0,-0.011892041657015628,0.8889247535276062,7.788432931900024,8.717824870389979,6.859040993410069,7.653183579416657,9.030497498625873,11.125200681287389,11.151785196520283,7.310269832611084
2017-06-20,7.465460460432691,7.498132027436597,7.089737050411974,7.146912097930908,3139200,0.0,0,-0.042669599689068916,0.850994690140879,7.68271758556366,8.363319502863632,7.002115668263689,7.530803777397082,8.774542452877307,10.975434494196044,11.111307535250894,7.571642398834228
2017-06-21,6.9100419444110806,7.138742877097911,6.89370577402914,6.918210029602051,3202200,0.0,0,-0.0320001232973145,0.8237627551310109,7.579734206199646,8.026215657971585,7.133252754427706,7.432788139205666,8.61985820907777,10.886384121291023,10.965314937582079,7.391949653625488
2017-06-22,6.959050448982271,7.212254886393399,6.901874625251078,7.1550798416137695,2333000,0.0,0,0.03423859798968021,0.851967236942813,7.539191007614136,7.985287018822414,7.093094996405857,7.432788139205666,8.37699496682303,10.728522530588279,10.807453346879335,7.47362756729126
2017-06-23,7.155081123869954,7.277599321483135,7.0815698937213645,7.236759662628174,4452400,0.0,0,0.011415640750695344,0.8616929888511147,7.5059699535369875,7.937870124894906,7.074069782179069,7.34702481463938,8.279848948164606,10.594947913482926,10.673878729773982,7.563474655151367
2017-06-26,7.31027151447357,7.514469047162507,7.244928366329252,7.45729398727417,2320300,0.0,0,0.030474181115184962,0.8879523770590486,7.499561858177185,7.930344084593266,7.068779631761105,7.29393388925717,8.126035612725182,10.441133846799776,10.520064663090832,7.391949653625488
2017-06-27,7.457293007341631,7.604315460822609,7.440956832976337,7.50629997253418,2078900,0.0,0,0.00657155066484405,0.8937876010928608,7.493580150604248,7.920439448987963,7.0667208522205325,7.277598052982977,8.126035567877217,10.360179093696175,10.43910990998723,7.359278202056885
2017-06-28,7.547139629495747,7.710497478390351,7.473628402755258,7.50629997253418,2013900,0.0,0,0.0,0.8937876010928608,7.485979390144348,7.906123430189723,7.065835350098974,7.302101626209746,8.097700963830558,10.339940680420536,10.418871496711592,7.5389723777771
2017-06-29,7.514468674970465,7.808513606007605,7.514468674970465,7.685994625091553,2011300,0.0,0,0.02393917818564173,0.9151841417355401,7.481291770935059,7.890036355115317,7.0725471867548,7.351109690018372,7.535066012304962,10.27315266443394,10.370298530630976,7.440957069396973
2017-06-30,7.726834418628855,7.7595059916461375,7.522636892532904,7.694162845611572,2502900,0.0,0,0.0010627408576833197,0.9161567453152663,7.484298467636108,7.89840087885368,7.070196056418537,7.351109690018372,7.482445729324066,9.238955957647633,9.516226118614492,7.5553083419799805
2017-07-03,7.726834509262992,7.955535523066583,7.726834509262992,7.88202428817749,962700,0.0,0,0.024416099104669575,0.9385257192042953,7.495079135894775,7.938123978686307,7.052034293103243,7.424620648547862,7.432788139205666,9.141810357652666,9.516226118614492,7.351109504699707
2017-07-05,7.800345877874716,7.86568902579593,7.636988008071679,7.718666553497314,2196900,0.0,0,-0.020725352867181912,0.9190744424988606,7.507811236381531,7.9611829833734955,7.054439489389566,7.428705074158831,7.432788139205666,9.113476054848608,9.516226118614492,6.844700336456299
2017-07-06,7.669657508223045,7.702329073349543,7.424620380298533,7.449123859405518,1901400,0.0,0,-0.034920888501093095,0.8869795463681536,7.501399421691895,7.95427697350661,7.04852186987718,7.518552708393974,7.432788139205666,8.992044433721237,9.516226118614492,6.869203567504883
2017-07-07,7.47362756729126,7.538970699544505,7.375612868911391,7.47362756729126,1930100,0.0,0,0.0032894751581828974,0.8898972435517479,7.496907067298889,7.949005848972331,7.0448082856254475,7.600231944697917,7.432788139205666,8.933352310046068,9.516226118614492,6.583327293395996
2017-07-10,7.391948885781388,7.489963582097138,7.122408276175187,7.1550798416137695,2963100,0.0,0,-0.042622906053230714,0.8519672369428128,7.474036955833435,7.946480048342837,7.001593863324034,7.5389718996208845,7.432788139205666,8.856445642326355,9.516226118614492,6.330121994018555
2017-07-11,7.155080791276262,7.195920448232851,6.975386768038274,7.024394512176514,3120600,0.0,0,-0.018264691985293235,0.8364063177784911,7.443407344818115,7.948301758135761,6.938512931500469,7.465461145552428,7.432788139205666,8.856445619902374,9.516226118614492,6.485312461853027
2017-07-12,7.073402079357981,7.171416797024516,6.959051964889557,6.991723537445068,2840400,0.0,0,-0.004651073437690778,0.8325161305707548,7.40787706375122,7.934668242160978,6.881085885341463,7.45729374397807,7.432788139205666,8.842278317879043,9.516226118614492,6.428136825561523
2017-07-13,7.048897654033318,7.285766718189523,6.991722604428879,7.253095149993896,2885400,0.0,0,0.037383001651741354,0.8636380824549826,7.393991613388062,7.92173958624899,6.866243640527133,7.45729374397807,7.432788139205666,8.560960842116245,9.516226118614492,6.387298107147217
2017-07-14,7.302101240052997,7.3102693258635485,7.0570648973487335,7.089736461639404,2110700,0.0,0,-0.02252261758273344,0.8441866921939638,7.368262672424317,7.902691227568163,6.83383411728047,7.45729374397807,7.432788139205666,8.565008678756268,9.516226118614492,6.2157721519470215
2017-07-17,7.106073066042852,7.318438659620751,7.106073066042852,7.195920467376709,2270100,0.0,0,0.014977144258018216,0.856830198063652,7.350293278694153,7.882495989543778,6.818090567844528,7.412370495342744,7.432788139205666,8.53465023728607,9.516226118614492,6.248443603515625
2017-07-18,7.163248732837012,7.171416040900963,7.057065938489128,7.106072902679443,25058900,0.0,0,-0.012485902964686324,0.8461318993534163,7.332323908805847,7.872056778680151,6.792591038931543,7.33069051911955,7.432788139205666,8.520483226652754,9.516226118614492,6.256610870361328
2017-07-19,7.1060729026794425,7.171416040900963,6.950883144141243,7.106072902679443,3357300,0.0,0,0.0,0.8461318993534163,7.330281949043274,7.873139126259814,6.787424771826733,7.244926921842874,7.424620648547862,8.540179883697068,9.516226118614492,6.289283752441406
2017-07-20,7.114240807109326,7.400117613705241,7.097904633497384,7.293934822082519,3218400,0.0,0,0.026436812846690527,0.8685009300202373,7.349068188667298,7.858186496611247,6.839949880723348,7.22042336311919,7.424620648547862,8.540179883697068,9.504082272530775,6.681343078613281
2017-07-21,7.351110699135214,7.408285755308382,7.204088235887959,7.285767555236816,1486900,0.0,0,-0.0011197340043368476,0.8675284399960955,7.35560257434845,7.857827889591073,6.853377259105827,7.179584449724812,7.424620648547862,8.540179883697068,9.487892720612534,6.624166488647461
2017-07-24,7.228591880633563,7.302102327016408,6.983554722502456,7.016226291656494,2268900,0.0,0,-0.036995589213738134,0.8354337141987649,7.344575905799866,7.866275407545778,6.822876404053954,7.179584449724812,7.424620648547862,8.540179883697068,9.447414416669394,6.395465850830078
2017-07-25,7.081569689455849,7.432789654945309,7.032561944453167,7.383781909942627,2567600,0.0,0,0.052386511353435194,0.879199171952681,7.340900301933289,7.860378535010891,6.821422068855687,7.191836399543276,7.424620648547862,8.521964833791088,9.447414416669394,6.142261028289795
2017-07-26,7.4001172248522975,7.440956098832932,7.244926699500159,7.310269832611084,2069400,0.0,0,-0.00995588415640436,0.8704459668463135,7.331098794937134,7.845032196507353,6.817165393366914,7.1959196214870875,7.424620648547862,8.341840539021266,9.447414416669394,6.272946834564209
2017-07-27,7.342940676502353,7.587977791028497,7.269429464249359,7.571642398834228,1856700,0.0,0,0.03575416122906461,0.9015680322861256,7.334365916252136,7.853573977441277,6.815157855062996,7.26943046758487,7.424620648547862,8.152673115137194,9.385750570910762,6.60783052444458
2017-07-28,7.547139410841315,7.547139410841315,7.318438429014754,7.391949653625488,1387900,0.0,0,-0.023732333850896792,0.8801717187546152,7.319663667678833,7.814005751742968,6.8253215836146985,7.26943046758487,7.428705074158831,8.026323174141718,9.287734932719346,6.5424885749816895
2017-07-31,7.424620607577116,7.506299133417882,7.293934343070624,7.47362756729126,1430300,0.0,0,0.01104957656546146,0.8898972435517482,7.308636903762817,7.778017657097318,6.839256150428317,7.26943046758487,7.453209333603914,7.904891553014348,9.287734932719346,6.714014530181885
2017-08-01,7.522635004392359,7.57164274109348,7.33477292248154,7.563474655151367,1862600,0.0,0,0.012021884560227125,0.9005954854841915,7.292709422111511,7.700077352806435,6.885341491416588,7.285766256765477,7.453209333603914,7.8134368814019926,9.287734932719346,6.82333517074585
2017-08-02,7.596147153565687,7.596147153565687,7.359278084793122,7.391949653625488,1469500,0.0,0,-0.022678069187295535,0.8801717187546151,7.27637357711792,7.637172193350294,6.915574960885547,7.289850938034071,7.453209333603914,7.709984750991176,9.287734932719346,6.834169387817383
2017-08-03,7.326606632703926,7.587979187527599,7.318438545627772,7.359278202056885,1367200,0.0,0,-0.004419869330762993,0.8762814747690866,7.2718812942504885,7.626070294133089,6.917692294367888,7.289850938034071,7.453209333603914,7.701816810430097,9.287734932719346,6.80916690826416
2017-08-04,7.375614510779282,7.5879801273523215,7.367447201643207,7.5389723777771,1170900,0.0,0,0.02441736414720541,0.8976779586339736,7.275148534774781,7.637917021967892,6.912380047581669,7.314354549009426,7.453209333603914,7.699901295020152,9.287734932719346,6.867508411407471
2017-08-07,7.530804473357466,7.579811440107107,7.432789760906494,7.440957069396973,1899700,0.0,0,-0.013001149688391278,0.8860071131218038,7.28944239616394,7.654707499767864,6.9241772925600165,7.420536926532923,7.453209333603914,7.443087851161668,9.287734932719346,6.992523193359375
2017-08-08,7.522636769497055,7.792177437219121,7.522636769497055,7.5553083419799805,1274900,0.0,0,0.01536781781114005,0.8996231090156338,7.315988087654114,7.677452966546388,6.95452320876184,7.53080345073424,7.453209333603914,7.416777709671219,9.287734932719346,6.842504501342773
2017-08-09,7.465460377417608,7.473627684864065,7.269430198622406,7.351109504699707,1663800,0.0,0,-0.027027201013845037,0.875308814411568,7.333957386016846,7.663109057217062,7.00480571481663,7.530803817920764,7.408286084968587,7.428704393876764,9.287734932719346,6.925848007202148
2017-08-10,7.269430734068589,7.318438477115063,6.820196854408888,6.844700336456299,3183900,0.0,0,-0.0688888075901537,0.8150098339136039,7.313537645339966,7.705623396111632,6.9214518945683,7.306187145814004,7.306187145814004,7.4307466066822485,9.287734932719346,6.95918607711792
2017-08-11,6.754853469494182,6.926378616510233,6.746685382792955,6.869203567504883,2423300,0.0,0,0.003579883682865548,0.8179274743194062,7.30251100063324,7.730332615907692,6.8746893853587885,7.269431410006038,7.269431410006038,7.47567042379982,9.287734932719346,6.85917329788208
2017-08-14,6.901874873124588,6.94271452612742,6.575159207005111,6.583327293395996,3110800,0.0,0,-0.0416170916030556,0.7838877116959995,7.271881341934204,7.802463904847891,6.741298779020517,7.183668322112116,7.183668322112116,7.516510041951792,9.267496704027428,6.850839614868164
2017-08-15,6.591494523861911,6.591494523861911,6.321953907723054,6.330121994018555,2471300,0.0,0,-0.03846159974933072,0.7537381362803292,7.23308379650116,7.903304852294448,6.562862740707872,7.057065672471087,7.057065672471087,7.485880019413275,9.267496704027428,6.759160995483398
2017-08-16,6.4199693260319695,6.591494862824342,6.411801239316431,6.485312461853027,2389600,0.0,0,0.024516189100481034,0.7722169229616218,7.2020457744598385,7.947093178384778,6.456998370534899,7.057065672471087,7.057065672471087,7.449124642379047,9.267496704027428,6.850839614868164
2017-08-17,6.379129475203048,6.632334313459736,6.330122124844573,6.428136825561523,1968300,0.0,0,-0.00881617294892334,0.7654089250147067,7.158755874633789,7.97540063741751,6.342111111850067,7.057065672471087,7.057065672471087,7.445040941591868,9.267496704027428,7.050862789154053
2017-08-18,6.354626537451392,6.550656345102177,6.305618793431821,6.387298107147217,2808800,0.0,0,-0.006353119033171706,0.7605461910050363,7.113832402229309,7.994638047714377,6.233026756744241,7.048898115325471,7.048898115325471,7.445040941591868,9.267496704027428,7.175879001617432
2017-08-21,6.354626517455263,6.3709623022517725,6.142260925624816,6.2157721519470215,3435500,0.0,0,-0.02685422729968756,0.7401223107198754,7.073809695243836,8.038425268625955,6.109194121861715,6.80794430524444,6.967219181421969,7.445040941591868,9.267496704027428,7.367568969726562
2017-08-22,6.289282869997584,6.362794094931266,6.191268163069893,6.248443603515625,3756700,0.0,0,0.005256217694268317,0.744012554705404,7.017042779922486,8.03476700969098,5.999318550153992,6.730349701369939,6.967219181421969,7.422579317274205,9.267496704027428,7.35923433303833
2017-08-23,6.321954003815368,6.460808357143103,6.240275086997818,6.256610870361328,2546600,0.0,0,0.0013070881909069687,0.7449850447295459,6.964359831809998,8.024582373341032,5.904137290278964,6.542487725876118,6.967219181421969,7.381739329162608,9.267496704027428,7.459246158599853
2017-08-24,6.403634649377343,6.599664090737444,6.248444480229324,6.289283752441406,4620100,0.0,0,0.005222137472997712,0.7488754590484509,6.900241899490356,7.960913780812158,5.839570018168555,6.542487725876118,6.967219181421969,7.334773785195368,9.267496704027428,7.434244155883789
2017-08-25,6.313787310305892,6.836532850492649,6.297451524346176,6.681343078613281,3879100,0.0,0,0.06233767494107467,0.7955586139859613,6.864711570739746,7.904290104303701,5.825133037175791,6.4893968880587325,6.967219181421969,7.322522005833526,9.267496704027428,7.317562580108643
2017-08-28,6.681342317204471,6.7466854535968,6.550656044419813,6.624166488647461,3924300,0.0,0,-0.008557649157224123,0.7887505024834619,6.822238516807556,7.827305787126647,5.817171246488465,6.4893968880587325,6.967219181421969,7.302102549136337,9.267496704027428,7.29256010055542
2017-08-29,6.542488304994526,6.697678067427921,6.395465850830078,6.395465850830078,5211500,0.0,0,-0.03452519471081106,0.7615187378069703,6.763838076591492,7.724101070406713,5.8035750827762715,6.4893968880587325,6.967219181421969,7.302102549136337,9.267496704027428,7.409241199493408
2017-08-30,5.774705669486916,6.36279432146669,5.68485865686645,6.142261028289795,7355700,0.0,0,-0.039591302408005125,0.7313692191690921,6.701353645324707,7.652492819420678,5.750214471228736,6.260695753679549,6.738518047042786,7.308228524045569,9.231066604215467,7.30922794342041
2017-08-31,6.027910077047526,6.3056184022331,5.954398855054617,6.272946834564209,4079800,0.0,0,0.021276498291509682,0.7469301951112061,6.647037076950073,7.564818644935555,5.729255508964592,6.260695753679549,6.738518047042786,7.310270135017475,8.870818014675823,7.075867176055908
2017-09-01,6.281114481169333,6.697677134501543,6.281114481169333,6.60783052444458,3906800,0.0,0,0.053385386280519365,0.7868053521018015,6.600479984283448,7.42085616996964,5.780103798597255,6.260695753679549,6.738518047042786,7.347025558066366,8.67652681468589,7.159210681915283
2017-09-05,6.656838684982519,6.681342947655586,6.379130329110579,6.5424885749816895,2429500,0.0,0,-0.009888563155663443,0.7790249776863288,6.5555565595626835,7.278542885388567,5.8325702337368,6.260695753679549,6.738518047042786,7.349067770871851,8.61985820907777,6.642480373382568
2017-09-06,6.6568386961339865,6.75485418908704,6.558823982132638,6.714014530181885,3690700,0.0,0,0.026217234196801886,0.7994488579714897,6.513491868972778,7.077886802187292,5.949096935758265,6.260695753679549,6.738518047042786,7.361319900594392,8.37699496682303,6.167422294616699
2017-09-07,6.806833378806798,6.831585279866627,6.724325992809034,6.82333517074585,2200600,0.0825,0,0.016282455164868814,0.812465848158016,6.487103152275085,6.92673897556376,6.047467328986411,6.260695753679549,6.738518047042786,7.369487795184695,8.279848948164606,6.225761890411377
2017-09-08,6.825834843953346,6.875841312311715,6.692485321432164,6.834169387817383,2997800,0.083,0,0.0015878183909217025,0.8137558963737171,6.4865766048431395,6.924501408346001,6.048651801340278,6.2803499845890824,6.738518047042786,7.371530135818992,8.126035612725182,5.959063053131104
2017-09-11,6.842504290643355,6.934181893479668,6.74249214350577,6.80916690826416,3309800,0.0,0,-0.003658451837291632,0.8107788096195219,6.483574771881104,6.911571521062664,6.055578022699544,6.309520275173059,6.738518047042786,7.371530135818992,8.126035567877217,5.992400169372559
2017-09-12,6.850840114517581,6.942517734477079,6.750827948700118,6.867508411407471,3299100,0.0,0,0.008568082399698973,0.8177256292682717,6.497783827781677,6.956212268230529,6.039355387332825,6.313688195671764,6.738518047042786,7.38378194130667,8.097700963830558,6.167422294616699
2017-09-13,6.859172863589325,7.092535344567469,6.800832640757752,6.992523193359375,2667500,0.0,0,0.01820380470801397,0.8326113469282092,6.530903887748718,7.030430184206768,6.031377591290669,6.523467099811043,6.738518047042786,7.4368731300684185,7.535066012304962,6.242430686950684
2017-09-14,6.97585403496575,7.009191418371494,6.784164279089201,6.842504501342773,2505700,0.0,0,-0.021454157228834148,0.8147483721807,6.548763489723205,7.065917239280012,6.031609740166399,6.686824912868401,6.579243170865258,7.492006392169077,7.482445729324066,6.584140300750732
2017-09-15,6.859172448934869,6.967519138233618,6.784163936182698,6.925848007202148,4065500,0.0,0,0.012180263212544507,0.8246722218058531,6.573649048805237,7.112862897813763,6.034435199796711,6.735832836839023,6.501648566990756,7.469544951444675,7.432788139205666,6.750826835632324
2017-09-18,6.967519827252814,7.100870162148532,6.925848692100479,6.95918607711792,1831200,0.0,0,0.0048135722702986605,0.8286418411448233,6.602243447303772,7.159448118321734,6.045038776285811,6.829847072140585,6.392864409507491,7.306187145814004,7.39603367939554,6.975854873657227
2017-09-19,6.984189090927091,7.0175264767739,6.81750216169305,6.85917329788208,2205000,0.0,0,-0.014371332815009241,0.816733153461289,6.634413504600525,7.172409942938878,6.096417066262172,6.896677741790349,6.392864409507491,7.269431410006038,7.359277943587573,6.950850963592529
2017-09-20,6.825835979117848,6.867507910542392,6.717490070170406,6.850839614868164,2524700,0.0,0,-0.0012149690133196334,0.8157408479876828,6.664533305168152,7.179432824597772,6.149633785738532,6.896677741790349,6.392864409507491,7.183668322112116,7.2735148556936515,6.942516803741455
2017-09-21,6.867507695869998,6.867507695869998,6.725823610351058,6.759160995483398,1882700,0.0,0,-0.013382099791943491,0.8048245225555469,6.689660811424256,7.170008928266331,6.209312694582181,6.909180116159469,6.392864409507491,7.057065672471087,7.1469122060526225,6.850839614868164
2017-09-22,6.759161206768969,6.859173365292287,6.700820979670195,6.850839614868164,2532800,0.0,0,0.013563609366018525,0.8157408479876828,6.717738604545593,7.165385349088983,6.270091860002203,6.900845570909364,6.392864409507491,7.057065672471087,7.1469122060526225,6.575805187225342
2017-09-25,6.842503960626836,7.1925468561386285,6.842503960626836,7.050862789154053,3261500,0.0,0,0.029196884693050595,0.8395579394657905,6.736214590072632,7.206508858268501,6.265920321876763,6.946683917904412,6.43870275650254,7.057065672471087,7.1469122060526225,6.659149169921875
2017-09-26,7.117538773947482,7.184213546949136,6.942517296111642,7.175879001617432,2320500,0.0,0,0.017730626194525367,0.8544438274591044,6.7638002157211305,7.2684240958056465,6.259176335636615,6.946683917904412,6.43870275650254,7.048898115325471,7.138744648907005,6.509130001068115
2017-09-27,7.184212961500872,7.375903514379077,7.134207283237636,7.367568969726562,2451200,0.0,0,0.026713099268524942,0.8772686702413979,6.812405371665955,7.352188997446059,6.272621745885851,7.0383622470246365,6.530381085622764,6.887581743333205,7.057065715003503,6.500796318054199
2017-09-28,7.350899788490049,7.467581027688241,7.21755025502121,7.35923433303833,2562700,0.0,0,-0.0011312600835470255,0.8762762512122074,6.873254036903381,7.369289424759246,6.377218649047516,7.084201003679218,6.576219842277346,6.848784441395955,7.057065715003503,6.35911226272583
2017-09-29,7.375903101220912,7.492583540516605,7.267556411284996,7.459246158599853,2341300,0.0,0,0.013589977032329559,0.8881848253401572,6.932569003105163,7.410471091911732,6.454666914298595,7.0967022600934,6.5887210986915274,6.754853453649043,7.057065715003503,6.234097003936768
2017-10-02,7.500918927206211,7.500918927206211,7.267557227577734,7.434244155883789,2538700,0.0,0,-0.003351813599453135,0.8852077953637542,6.973889684677124,7.47493935538535,6.472840013968898,7.1008699534382025,6.59288879203633,6.754853453649043,7.0488982243457,6.142419338226318
2017-10-03,7.442578366844634,7.442578366844634,7.217550427615409,7.317562580108643,1760100,0.0,0,-0.01569514981328657,0.8713143263996309,7.0126433849334715,7.49350673701167,6.531780032855273,7.1008699534382025,6.59288879203633,6.728308034740351,7.0488982243457,6.184089660644531
2017-10-04,7.32589748636492,7.417575098634552,7.284225555396551,7.29256010055542,2399600,0.0,0,-0.00341677700457077,0.8683372396454356,7.041570663452148,7.516604244601592,6.5665370823027045,7.1008699534382025,6.59288879203633,6.728308034740351,7.0488982243457,6.417452335357666
2017-10-05,7.292559954090613,7.467581424781827,7.234219728802195,7.409241199493408,1815300,0.0,0,0.01600001883139801,0.8822306518317667,7.070865964889526,7.560650755790524,6.581081173988528,7.171711443916523,6.59288879203633,6.728308034740351,7.0488982243457,6.684151649475098
2017-10-06,7.367568159923723,7.417573832690608,7.259221475827687,7.30922794342041,2594800,0.0,0,-0.013498447868026786,0.8703219073704404,7.094618892669677,7.582233078136616,6.607004707202739,7.221718111658927,6.727658891130414,6.499606900361167,6.820197089966516,6.225761890411377
2017-10-09,7.3092296874010785,7.3092296874010785,7.05919887943184,7.075867176055908,3389300,0.0,0,-0.03192686959155078,0.8425352533311545,7.107953906059265,7.577682168389574,6.638225643728957,7.280058903319025,6.891016704187772,6.499606900361167,6.820197089966516,6.167422294616699
2017-10-10,7.109204204917741,7.184213523001061,7.059198522746185,7.159210681915283,1789300,0.0,0,0.01177855714157583,0.8524591029563076,7.122539019584655,7.579295231782118,6.665782807387193,7.2800587249761985,6.940024628158395,6.499606900361167,6.820197089966516,6.47579288482666
2017-10-11,6.53413406672488,6.759161225313229,6.44245605578715,6.642480373382568,4988100,0.0,0,-0.07217699429324176,0.7909311671470082,7.105036878585816,7.605602087581816,6.604471669589816,6.971687491496681,6.971687491496681,6.499606900361167,6.820197089966516,6.575805187225342
2017-10-12,6.575805466752482,6.575805466752482,6.159087749513692,6.167422294616699,3938500,0.0,0,-0.07151817575095887,0.7343652129280774,7.071282768249512,7.711416938706608,6.431148597792416,6.830003338359951,6.830003338359951,6.499606900361167,6.820197089966516,6.650814533233643
2017-10-13,6.225761890411377,6.3591118166687375,6.184090361353969,6.225761890411377,2466400,0.0,0,0.009459315903436627,0.7413118054656587,7.036278462409973,7.774578339798176,6.297978585021769,6.813334587147759,6.830003338359951,6.499606900361167,6.820197089966516,6.7841644287109375
2017-10-16,5.959063053131104,6.15075320664149,5.892388286242788,5.959063053131104,2923800,0.0,0,-0.04283794368863181,0.7095555320874029,6.986272311210632,7.862852225185254,6.10969239723601,6.679984855512307,6.6966536067244995,6.509434015815934,6.820197089966516,6.575805187225342
2017-10-17,5.934059552240226,6.042406242309011,5.892388023499653,5.992400169372559,1653500,0.0,0,0.00559435534482855,0.7135250378707887,6.942933654785156,7.921325207369994,5.964542102200318,6.6799847241407395,6.696653475352932,6.524019161107923,6.820197089966516,6.967519760131836
2017-10-18,6.042406899962466,6.292437689270934,6.042406899962466,6.167422294616699,2343100,0.0,0,0.029207349358723933,0.7343652129280775,6.908762788772583,7.944336947217904,5.873188630327261,6.654980928095131,6.696653475352932,6.526103121357275,6.820197089966516,7.000856876373291
2017-10-19,6.109081155854013,6.284102614124868,6.050740934705694,6.242430686950684,1237200,0.0,0,0.012162032815469237,0.7432965867462479,6.882926273345947,7.957617475795636,5.8082350708962585,6.600808855450365,6.696653475352932,6.630992573426914,6.820197089966516,7.017525672912598
2017-10-20,6.31744080694714,6.667483768372791,6.309106658891435,6.584140300750732,2884400,0.0,0,0.05473983307726038,0.7839845178316349,6.869591307640076,7.952219598542564,5.786963016737587,6.5383007732503575,6.696653475352932,6.633034041866829,6.820197089966516,7.275890350341797
2017-10-23,6.592473669744213,6.850838984959911,6.550802139564197,6.750826835632324,3217900,0.0,0,0.02531637043982582,0.8038321603041488,6.854589509963989,7.935044050117838,5.77413496981014,6.371613504229782,6.696653475352932,6.61874070191489,6.77527384133119,7.325896739959717
2017-10-24,6.767496003614324,7.017526806631009,6.692486683226719,6.975854873657227,2493600,0.0,0,0.03333340396722306,0.8306266224254126,6.844588303565979,7.916539511034568,5.772637096097391,6.454957415065332,6.696653475352932,6.611355740824038,6.738518047042786,7.350900173187256
2017-10-25,6.95918550787163,7.009191183894458,6.7341575812912335,6.950850963592529,2886300,0.0,0,-0.0035843506663418845,0.8276493653378408,6.823752403259277,7.869843374240586,5.777661432277968,6.454957415065332,6.696653475352932,6.6447710756489204,6.738518047042786,7.387078762054443
2017-10-26,6.959185893222674,7.025860661495688,6.825835561850714,6.942516803741455,1811800,0.0,0,-0.001199012882699857,0.8266570030864424,6.802916526794434,7.8214579653568155,5.784375088232052,6.45912434249767,6.696653475352932,6.6447710756489204,6.738518047042786,7.875061511993408
2017-10-27,6.792498592943408,6.917514387217043,6.650814900408536,6.850839614868164,2196600,0.0,0,-0.013205180695260887,0.8157408479876831,6.772496199607849,7.7456621841634306,5.799330215052267,6.45912434249767,6.696653475352932,6.6510222628334805,6.738518047042786,7.555347919464111
2017-10-30,6.809167273820922,6.8341701132411465,6.434121105800843,6.575805187225342,2173700,0.0,0,-0.04014609056763252,0.7829920420246522,6.729574251174927,7.656333927078458,5.8028145752713955,6.534133780729077,6.696653475352932,6.6468549902084275,6.738518047042786,7.555347919464111
2017-10-31,6.584140248365316,6.734158488891433,6.550802861581735,6.659149169921875,1639800,0.0,0,0.012674338780358507,0.7929159484275974,6.696653580665588,7.5829947859300715,5.810312375401105,6.538300798100691,6.696653475352932,6.692693337203476,6.738518047042786,7.429145812988281
2017-11-01,6.659148220198736,6.684151852839919,6.325774399908466,6.509130001068115,2036900,0.0,0,-0.022528278767408927,0.775052916902296,6.657482075691223,7.5028858357246495,5.812078315657796,6.667483660193561,6.696653475352932,6.692693337203476,6.738518047042786,7.639484405517578
2017-11-02,6.534133702461618,6.650814547887585,6.467458933646781,6.500796318054199,2463700,0.0,0,-0.0012803067403091006,0.7740606114286898,6.612059831619263,7.3847580713077665,5.839361591930759,6.675817530702077,6.696653475352932,6.7843716663237,6.738518047042786,7.631070137023926
2017-11-03,6.50913049319876,6.50913049319876,6.29243749362675,6.35911226272583,2399400,0.0,0,-0.021794876872988644,0.7571900557103711,6.564554047584534,7.273497116910726,5.855610978258341,6.659149077561219,6.696653475352932,6.830210422978282,6.738518047042786,7.530107975006103
2017-11-06,6.392449782605958,6.534133868647494,6.209093766288799,6.234097003936768,2905100,0.0,0,-0.019659231292682766,0.7423042812726416,6.522465538978577,7.204122167643811,5.840808910313343,6.6174772138922435,6.696653475352932,6.842711679392464,6.738518047042786,7.698378562927246
2017-11-07,6.250766045053024,6.250766045053024,6.009069789770681,6.142419338226318,2944700,0.0,0,-0.014705845233488613,0.7313880693960901,6.471625971794128,7.105211488268274,5.838040455319982,6.517465225633185,6.6799847241407395,6.846879372737266,6.738518047042786,7.185153961181641
2017-11-08,6.14241773889596,6.250764417511928,6.03407106027999,6.184089660644531,2620400,0.0,0,0.0067840243597314664,0.7363498238752901,6.448706436157226,7.089113080495171,5.808299791819282,6.463292088493862,6.6799847241407395,6.846879372737266,6.738518047042786,7.328183174133301
2017-11-09,6.192424796258448,6.534133575937233,6.1840906490244585,6.417452335357666,4816600,0.0,0,0.03773597853832089,0.7641367050257445,6.461207938194275,7.088654184605665,5.833761691782885,6.421619951505914,6.6799847241407395,6.846879372737266,6.738518047042786,7.504868507385254
2017-11-10,6.400783116023952,6.742491867544428,6.400783116023952,6.684151649475098,3318300,0.0,0,0.0415584409794556,0.7958930351817926,6.484127426147461,7.10895207461497,5.859302777679953,6.375780828657554,6.654980928095131,6.882300117976427,6.738518047042786,7.345009803771973
2017-11-13,6.675817345087171,6.717489271557523,6.200759052459521,6.225761890411377,2546200,0.0,0,-0.06857859951452738,0.7413118054656588,6.497462368011474,7.086903912624589,5.90802082339836,6.375780828657554,6.600808855450365,6.97468850139467,6.738518047042786,7.395492076873779
2017-11-14,6.159087749513692,6.217428372995797,5.9590634359973045,6.167422294616699,3392800,0.0,0,-0.009370675721557808,0.7343652129280775,6.5062134742736815,7.0697552759359485,5.942671672611414,6.350777651770866,6.5383007732503575,7.0855378037533985,6.738518047042786,7.319769382476807
2017-11-15,6.134084506297841,6.550802196177068,6.000734575295676,6.47579288482666,2101000,0.0,0,0.04999991495298217,0.7710834111189101,6.5216320037841795,7.063478787676989,5.97978521989137,6.350777651770866,6.45912434249767,7.110041676567297,6.738518047042786,7.387078762054443
2017-11-16,6.434121105800843,6.634145808227478,6.317440261209536,6.575805187225342,1931900,0.0,0,0.015444024257325939,0.7829920420246522,6.538300728797912,7.064899632374814,6.01170182522101,6.350777651770866,6.45912434249767,6.971687491496681,6.738518047042786,7.715205669403076
2017-11-17,6.784164467982475,7.009191613530257,6.584139764565712,6.650814533233643,4100000,0.0,0,0.011406868645381874,0.7919235293984067,6.541634440422058,7.070213856103065,6.0130550247410515,6.484127524763781,6.45912434249767,6.830003338359951,6.738518047042786,7.412319660186768
2017-11-20,6.675817731546252,6.809167268110192,6.500796266099595,6.7841644287109375,5398000,0.0,0,0.020050159993329375,0.8078017228653268,6.543301320075988,7.074742570342871,6.011860069809106,6.484127524763781,6.45912434249767,6.821668962753855,6.738518047042786,7.378664493560791
2017-11-21,7.267556902263363,7.275890652186148,6.5007962715517,6.575805187225342,4230400,0.0,0,-0.030712587183737594,0.782992042024652,6.523298835754394,7.016447217861282,6.030150453647506,6.617477044091727,6.584139337842901,6.688319231118403,6.738518047042786,7.420732498168945
2017-11-22,6.625811368288393,7.150875773374395,6.475793137155096,6.967519760131836,3418000,0.0,0,0.05956906595521838,0.8296341466184296,6.52413227558136,7.020247801977693,6.028016749185028,6.617477044091727,6.617477044091727,6.688319099746836,6.738518047042786,7.58059024810791
2017-11-24,7.025860510056178,7.23421935512474,6.975854037516321,7.000856876373291,1718900,0.0,0,0.004784646099206036,0.8336036524018156,6.527049279212951,7.033660263625016,6.020438294800886,6.617477044091727,6.617477044091727,6.675817201724032,6.738518047042786,7.622657299041748
2017-11-27,7.042528510727122,7.25922189132202,6.90084443840168,7.017525672912598,3723100,0.0,0,0.002380965192355422,0.8355884336824047,6.535383582115173,7.068127759208931,6.002639405021416,6.617477044091727,6.617477044091727,6.6487311654016485,6.738518047042786,7.302942752838135
2017-11-28,7.025860376860311,7.334231366336591,7.009191288054398,7.275890350341797,2698200,0.0,0,0.03681706194912504,0.8663523448092622,6.570387840270996,7.194408517282841,5.9463671632591515,6.667482970816134,6.646647401166948,6.617477124301645,6.59288879203633,7.378664493560791
2017-11-29,7.30089390185652,7.609264887882251,7.225884592721039,7.325896739959717,4263600,0.0,0,0.006872889393608084,0.8723066886510292,6.6037252187728885,7.309928537909748,5.897521899636029,6.963352574545894,6.784164161939778,6.5341334897913566,6.59288879203633,7.67313814163208
2017-11-30,7.342566423028757,7.559259028842912,7.259222562836111,7.350900173187256,3311900,0.0,0,0.0034130201550830463,0.8752838889608089,6.645813727378846,7.422104230387765,5.869523224369926,7.042529012518673,6.784164161939778,6.575805445209132,6.59288879203633,7.101017475128174
2017-12-01,7.336598033799614,7.664725174586126,7.244048694704581,7.387078762054443,3147000,0.083,0,0.004921654221227367,0.8795917336076852,6.690127849578857,7.5277027790492905,5.852552920108424,7.070259155870611,6.811894305291715,6.575805445209132,6.59288879203633,7.395492076873779
2017-12-04,7.471212574013676,8.102227141389394,7.471212574013676,7.875061511993408,3449400,0.0,0,0.0660589612832625,0.9376966498831529,6.765925312042237,7.735478156692685,5.796372467391788,7.289010139272245,7.030645288693349,6.577888908925301,6.59288879203633,7.790927410125732
2017-12-05,7.849821726674396,7.8834758072947215,7.54693500109146,7.555347919464111,3592600,0.0,0,-0.040598234317584136,0.8996278215723831,6.8319878578186035,7.827577678486884,5.836398037150323,7.289010139272245,7.030645288693349,6.577888908925301,6.59288879203633,8.304152488708496
2017-12-06,7.614243162332111,7.790927286182968,7.54693500109146,7.555347919464111,2277700,0.0,0,0.0,0.8996278215723831,6.9026342868804935,7.892922332453547,5.91234624130744,7.501535789895536,7.030645288693349,6.615393628041004,6.59288879203633,8.034920692443848
2017-12-07,7.614243669927718,7.647897752791558,7.420732091678165,7.429145812988281,2414900,0.0,0,-0.016703679012677553,0.8846007272099636,6.964887094497681,7.922309247231693,6.0074649417636685,7.501535789895536,7.030645288693349,6.617477136726811,6.59288879203633,8.051746368408203
2017-12-08,7.462800261237642,7.698378852818669,7.336597644913401,7.639484405517578,1941900,0.0,0,0.028312621373181912,0.9096460926659007,7.025988698005676,7.9918974158381255,6.060079980173227,7.555709214721896,7.030645288693349,6.682068567773246,6.59288879203633,8.068574905395508
2017-12-11,7.631070137023926,7.740446104443846,7.479627168761167,7.631070137023926,1910100,0.0,0,-0.0011014183742000805,0.9086441917454191,7.0733346223831175,8.060408537117763,6.086260707648472,7.664055867055216,7.030645288693349,6.686235503027504,6.59288879203633,8.413528442382812
2017-12-12,7.639483943650245,7.790927715984691,7.5216942537927185,7.530107975006103,1810400,0.0,0,-0.013230406771912784,0.8966224594776913,7.138551926612854,8.062701206343204,6.214402646882503,7.673137918046987,7.030645288693349,6.677901276457075,6.59288879203633,8.59021282196045
2017-12-13,7.530108146705788,7.841408617309643,7.530108146705788,7.698378562927246,2118400,0.0,0,0.02234637119144467,0.9166587177757658,7.215099740028381,8.05357512434547,6.376624355711293,7.673137918046987,7.030645288693349,6.657065344622588,6.59288879203633,8.346220970153809
2017-12-14,7.740446764366084,7.8161686561415396,7.084191706273259,7.185153961181641,3350200,0.0,0,-0.06666658408007098,0.8555482122944377,7.25056779384613,8.017133922556866,6.484001665135396,7.593209423831326,7.030645288693349,6.598724974886962,6.59288879203633,8.102229118347168
2017-12-15,7.235634651780581,7.546935102286912,7.235634651780581,7.328183174133301,5400100,0.0,0,0.019906214080364526,0.8725789381644439,7.288186693191529,7.988944254689432,6.587429131693625,7.483833756783991,7.030645288693349,6.571638406317301,6.59288879203633,8.135881423950195
2017-12-18,7.462800698685724,7.664725217591415,7.429146612201443,7.504868507385254,2990200,0.0,0,0.024110387125093835,0.8936171541607919,7.330889391899109,7.972015053370852,6.689763730427366,7.462800161791451,7.030645288693349,6.550802337823327,6.59288879203633,8.043334007263184
2017-12-19,7.597415812663534,7.605829533514456,7.328183164446712,7.345009803771973,2203400,0.0,0,-0.021300666821273517,0.8745825128942383,7.358931660652161,7.948394491413428,6.769468829890894,7.462800161791451,7.030645288693349,6.515380878376343,6.59288879203633,8.186363220214844
2017-12-20,7.429146161315545,7.437559883020152,7.302943545253091,7.395492076873779,1604600,0.0,0,0.006873002821028429,0.8805935209725825,7.399916005134583,7.865688565286508,6.9341434449826576,7.462800161791451,7.030645288693349,6.48829484205396,6.696653475352932,7.950785636901855
2017-12-21,7.403904985530335,7.454385705461192,7.235634581799855,7.319769382476807,3312700,0.0,0,-0.010239033942550324,0.8715770940217543,7.417528486251831,7.8408319185829525,6.994225053920709,7.462800161791451,7.051480858342535,6.444539212510612,6.696653475352932,8.001265525817871
2017-12-22,7.286116503168078,7.395492484222484,7.218808330577167,7.387078762054443,2119100,0.0,0,0.00919556014138534,0.8795917336076853,7.436839580535889,7.814678286321926,7.059000874749851,7.462800161791451,7.209833701299464,6.404950997134268,6.696653475352932,7.992853164672852
2017-12-26,7.445973015185602,7.807754193696184,7.429145573108709,7.715205669403076,2205000,0.0,0,0.044419034630324816,0.9186623492833524,7.471723580360413,7.815174634851774,7.128272525869052,7.462800161791451,7.289010139272245,6.404950997134268,6.696653475352932,7.883476734161377
2017-12-27,7.681552340802521,7.698378982152666,7.403905938323355,7.412319660186768,1942800,0.0,0,-0.03925831950501235,0.8825972092579614,7.478545045852661,7.811305999857721,7.1457840918476005,7.450180181207399,7.289010139272245,6.471625933630726,6.696653475352932,7.883476734161377
2017-12-28,7.420731491958402,7.488039652246453,7.3450096110402034,7.378664493560791,1730500,0.0,0,-0.00454043648532132,0.8785898326872037,7.481183433532715,7.809828305159304,7.152538561906127,7.513281262136675,7.289010139272245,6.471625933630726,6.696653475352932,8.026506423950195
2017-12-29,7.395492135232613,7.614244087018622,7.395492135232613,7.420732498168945,2254600,0.0,0,0.005701303351692832,0.8835989398450665,7.484675049781799,7.809120896241971,7.160229203321627,7.513281262136675,7.289010139272245,6.600808190967314,6.696653475352932,8.371460914611816
2018-01-02,7.462800546624635,7.656312141748822,7.462800546624635,7.58059024810791,1907100,0.0,0,0.021542044532451454,0.9026334675560359,7.494350624084473,7.81811097778093,7.170590270388016,7.513281262136675,7.501535789895536,6.617477044091727,6.696653475352932,8.110642433166504
2018-01-03,7.605829856625042,7.715205825203777,7.445973165549423,7.622657299041748,2624200,0.0,0,0.005549310747186009,0.9076424611583144,7.48173041343689,7.761372646238725,7.202088180635054,7.513281262136675,7.501535789895536,6.617477044091727,6.696653475352932,8.018092155456543
2018-01-04,7.597415759157254,7.65631100232234,6.857025179398756,7.302942752838135,4694700,0.0,0,-0.04194266299283911,0.8695735192919601,7.469110155105591,7.75707358859257,7.181146721618612,7.3323896865474705,7.479626160394075,6.617477044091727,6.696653475352932,8.043334007263184
2018-01-05,7.294528892012447,7.521693732390478,7.269288532498568,7.378664493560791,3477600,0.0,0,0.010368661412993863,0.8785898326872039,7.4602759838104244,7.747952316150816,7.1725996514700325,7.3323896865474705,7.479626160394075,6.6570651859915415,6.696653475352932,8.169536590576172
2018-01-08,7.530108088357965,7.7320325862590815,7.193567258522772,7.67313814163208,3985900,0.0,0,0.039908800342971285,0.9136532989032821,7.472475600242615,7.774338414220038,7.170612786265192,7.3323896865474705,7.479626160394075,6.873758368242836,6.750826455690952,8.346220970153809
2018-01-09,7.65631101246511,7.65631101246511,7.09260455670194,7.101017475128174,3321400,0.0,0,-0.07456149699687487,0.8455299412009202,7.445552253723145,7.777890676901729,7.113213830544561,7.294528882828919,7.479626160394075,6.913346587229226,6.750826455690952,8.388289451599121
2018-01-10,7.058951232456125,7.429146161315545,7.058951232456125,7.395492076873779,2309100,0.0,0,0.04146935319861189,0.8805935209725827,7.433773350715637,7.755387624486387,7.112159076944888,7.294528882828919,7.479626160394075,6.9410767305811625,6.77855659904289,8.2620849609375
2018-01-11,7.420731715036275,7.816167770398373,7.37866471537407,7.790927410125732,2959100,0.0,0,0.05346977985258161,0.9276786626785964,7.446814322471619,7.80271139559174,7.090917249351498,7.336596474898565,7.370250493346739,7.159827713982796,6.997307582444524,7.7488603591918945
2018-01-12,7.790927541814716,8.55655850283104,7.790927541814716,8.304152488708496,4911800,0.0,0,0.06587470933379946,0.9887892249377168,7.4771030187606815,7.985799915240848,6.968406122280515,7.706791841114898,7.706791841114898,7.159827713982796,6.997307582444524,7.807754993438721
2018-01-16,8.312567096897652,8.430356796693111,7.984439163281027,8.034920692443848,3945800,0.0,0,-0.032421345420948655,0.956731347927499,7.519591355323792,8.06470819312293,6.974474517524653,7.706791841114898,7.706791841114898,7.266090539294442,6.997307582444524,7.732032299041748
2018-01-17,8.068573810236884,8.194776414445633,8.00126564767534,8.051746368408203,3253700,0.0,0,0.0020940687043966566,0.9587348091017093,7.555769515037537,8.140329013875158,6.971210016199915,7.706791841114898,7.706791841114898,7.266090539294442,6.997307582444524,7.294529438018799
2018-01-18,8.043334541603167,8.177950884997916,7.967612647849447,8.068574905395508,3516700,0.0,0,0.0020900480737113813,0.9607386109426723,7.58395483493805,8.209369221318786,6.958540448557313,7.807754867643583,7.706791841114898,7.293177251707622,6.997307582444524,7.647897720336914
2018-01-19,8.093814265287074,8.497664047757281,8.093814265287074,8.413528442382812,2406300,0.0,0,0.042752721643153135,1.001812801348134,7.637380766868591,8.34956202497215,6.925199508765033,7.807754867643583,7.706791841114898,7.347350577874282,6.997307582444524,7.294529438018799
2018-01-22,8.413528687429368,8.598626543218268,8.329393079604426,8.59021282196045,2575700,0.0,0,0.021000033551630493,1.0228509037888978,7.697116804122925,8.512290257799725,6.881943350446125,7.828788887837197,7.727825861308512,7.351891603370168,6.997307582444524,8.447183609008789
2018-01-23,8.56497292034019,8.573385839673001,8.220018354018329,8.346220970153809,1809100,0.0,0,-0.028403469956284177,0.9937983888733717,7.748439383506775,8.591206350448545,6.905672416565006,7.828788887837197,7.727825861308512,7.351891603370168,6.997307582444524,8.304152488708496
2018-01-24,8.371461809360227,8.396702173548524,8.009680581405608,8.102229118347168,4534400,0.0,0,-0.029233811647110586,0.9647458739578456,7.784196901321411,8.623238647633775,6.945155155009047,7.988645629296169,7.727825861308512,7.311927356262338,6.997307582444524,8.102229118347168
2018-01-25,8.135881423950195,8.144295144296946,7.908715788847182,8.135881423950195,1772600,0.0,0,0.004153462597944024,0.9687529098618504,7.805230689048767,8.65743184929972,6.953029528797816,8.194777042516492,7.727825861308512,7.25723952273867,6.997307582444524,7.816167831420898
2018-01-26,8.15270917722281,8.177950341715011,7.849822424706197,8.043334007263184,2734400,0.0,0,-0.011375217000406779,0.9577331352923963,7.836781406402588,8.674916466144223,6.998646346660952,8.224224483962232,7.727825861308512,7.2467227252424,6.997307582444524,7.807754993438721
2018-01-29,8.119055053322914,8.253672189483414,8.068574329342288,8.186363220214844,1427500,0.0,0,0.017782329171274425,0.9747638611624024,7.877166342735291,8.700665291345668,7.053667394124912,8.224224483962232,7.727825861308512,7.2467227252424,6.997307582444524,7.816167831420898
2018-01-30,8.110643155174806,8.194777973191906,7.917131549219666,7.950785636901855,1388600,0.0,0,-0.02877683007410059,0.9467132471673578,7.903668999671936,8.700088183480453,7.10724981586342,8.224224483962232,7.727825861308512,7.2467227252424,6.997307582444524,7.302942752838135
2018-01-31,8.001265525817871,8.068573687354327,7.799341041208502,8.001265525817871,2531600,0.0,0,0.006349044134924764,0.9527239713567414,7.924702763557434,8.70784759339266,7.141557933722208,8.198983792213385,7.727825861308512,7.257140510066993,6.997307582444524,7.286116600036621
2018-02-01,7.917131269469362,8.051747615441473,7.723620472728631,7.992853164672852,2229000,0.0,0,-0.001051378824746596,0.9517222975474284,7.943212556838989,8.71420113967992,7.172223973998058,8.16112350797345,7.727825861308512,7.336316931545458,6.997307582444524,7.370251655578613
2018-02-02,7.925544540476873,8.026506794208066,7.774100758691753,7.883476734161377,3008000,0.0,0,-0.013684278724761412,0.9386986643592191,7.972239255905151,8.685577282721752,7.258901229088551,8.148503156200816,7.727825861308512,7.375905150531848,6.997307582444524,7.378664493560791
2018-02-05,7.807754843268817,8.13588276967769,7.774100758691753,7.883476734161377,3226100,0.0,0,0.0,0.9386986643592191,7.997479867935181,8.658259919880294,7.336699815990069,8.060161323138578,7.727825861308512,7.369595160239822,6.997307582444524,7.462799549102783
2018-02-06,7.698378512677663,8.127468673024058,7.580589623279804,8.026506423950195,2580300,0.0,0,0.01814297100275941,0.9557294470070175,8.015148282051086,8.658785159710025,7.371511404392148,7.917130906381608,7.727825861308512,7.401145700704459,6.997307582444524,7.420732498168945
2018-02-07,8.05174672701676,8.489250605528929,7.984438561457446,8.371460914611816,2870400,0.0,0,0.042976915788955905,0.9968037509680634,8.078670454025268,8.583313451695467,7.574027456355069,8.034920114404366,7.727825861308512,7.401145700704459,6.997307582444524,7.374007225036621
2018-02-08,8.379875110656954,8.379875110656954,8.076988348480198,8.110642433166504,3445400,0.0,0,-0.031155670928364687,0.9657476613227428,8.114427971839905,8.508550296992315,7.720305646687496,8.034920114404366,7.727825861308512,7.507408526016105,7.030645288693349,7.297550201416016
2018-02-09,8.20319000064946,8.27891188288186,7.597415745166828,8.018092155456543,3170600,0.0,0,-0.011410967561767849,0.9547275460865359,8.125786209106446,8.493926807776404,7.757645610436487,8.034920114404366,7.727825861308512,7.507408526016105,7.030645288693349,7.390997886657715
2018-02-12,8.034920285765784,8.102228452991698,7.7320327308725245,8.043334007263184,1689900,0.0,0,0.00314811195945941,0.9577331352923962,8.11274528503418,8.472997676343196,7.7524928937251625,8.034920114404366,7.828788887837197,7.4060079234707725,7.030645288693349,7.441971302032471
2018-02-13,8.051746897169876,8.228431036091001,8.001266173121921,8.169536590576172,1795600,0.0,0,0.01569033229243333,0.9727602864326079,8.119476079940796,8.478678119118154,7.760274040763439,8.034920114404366,7.828788887837197,7.4060079234707725,7.030645288693349,7.38250207901001
2018-02-14,8.093814935506186,8.430356582495238,8.060160851044948,8.346220970153809,1580100,0.0,0,0.021627221766953975,0.9937983888733716,8.134199810028075,8.50516769195763,7.763231928098523,8.034920114404366,7.828788887837197,7.4060079234707725,7.030645288693349,7.586392879486084
2018-02-15,8.396702371609189,8.447183903553247,8.194777848586417,8.388289451599121,1199800,0.0,0,0.005040422677011547,0.9988075528090264,8.150185537338256,8.535888422373443,7.764482652303069,8.034920114404366,7.828788887837197,7.387077521611497,7.030645288693349,7.790281772613525
2018-02-16,8.354634290542734,8.497664343226617,8.253672042008809,8.2620849609375,1941400,0.0,0,-0.015045318999758917,0.9837801745576461,8.14261336326599,8.512809026534766,7.772417699997215,8.03912698325321,7.988645629296169,7.387077521611497,7.030645288693349,7.654356479644775
2018-02-20,8.194777178322445,8.278912790555378,7.7404466374932674,7.7488603591918945,2049500,0.0,0,-0.06211804939940602,0.922669669076318,8.100545740127563,8.44800600381735,7.753085476437776,8.047540044196722,8.089608083249036,7.3534234841226525,7.030645288693349,7.654356479644775
2018-02-21,7.816168715338978,8.068574755709925,7.740446822990026,7.807754993438721,2589600,0.0,0,0.007600425290535062,0.9296823509639752,8.073622441291809,8.42423191786154,7.723012964722077,8.047540044196722,8.089608083249036,7.706791841114898,7.257810969414172,7.679841995239258
2018-02-22,7.849821986296916,7.917130149763697,7.664724135574967,7.732032299041748,2326600,0.0,0,-0.009698395308332053,0.9206659240131471,8.055112600326538,8.435859663877777,7.6743655367753,8.047540044196722,8.089608083249036,7.706791841114898,7.257810969414172,7.6033830642700195
2018-02-23,7.774100316561896,7.774100316561896,7.244047912835863,7.294529438018799,5218000,0.0,0,-0.05658316521481299,0.8685717319270627,8.013045001029969,8.516490160220709,7.509599841839229,7.870856128031241,7.921337228027065,7.706791841114898,7.257810969414172,7.688337802886963
2018-02-26,7.35342389474547,7.757273689774404,7.336597254573268,7.647897720336914,5414600,0.0,0,0.04844291675298118,0.9106478800307981,7.993273186683655,8.52114547550217,7.465400897865139,7.870856128031241,7.921337228027065,7.75727335437924,7.257810969414172,7.9347028732299805
2018-02-27,7.723619593755581,7.917130368474155,7.252461634095789,7.294529438018799,3541800,0.0,0,-0.04620462972176731,0.8685717319270627,7.948681497573853,8.55016930509592,7.347193690051785,7.870856128031241,7.921337228027065,7.75727335437924,7.257810969414172,8.376463890075684
2018-02-28,8.203191284936514,8.775311549261861,8.161123476846114,8.447183609008789,6628000,0.0,0,0.1580162477626592,1.0058201779188916,7.973501396179199,8.613454962626957,7.333547829731442,8.009679731048863,8.009679731048863,7.778307374572854,7.278844989607786,8.427437782287598
2018-03-01,8.44718253663205,8.522904421106475,8.110641719386392,8.304152488708496,5834900,0.0,0,-0.016932403380903516,0.9887892249377167,7.988645744323731,8.644818485497915,7.332473003149547,8.009679731048863,8.009679731048863,7.778307374572854,7.278844989607786,8.503896713256836
2018-03-02,8.211605099665402,8.211605099665402,7.933958686464006,8.102229118347168,3468600,0.0,0,-0.024315951644179434,0.9647458739578455,7.994114542007447,8.652177327582066,7.336051756432826,8.009679731048863,8.009679731048863,7.85823574530234,7.278844989607786,8.911673545837402
2018-03-05,8.102227924666108,8.23684425033995,7.799341191899964,7.816167831420898,4191300,0.0,0,-0.035306491923129624,0.9306840815510802,7.990749096870422,8.651754557794492,7.329743635946352,8.009679731048863,8.009679731048863,7.961301451912502,7.278844989607786,8.988134384155273
2018-03-06,7.824582437239236,7.950785056236367,7.597416760192379,7.807754993438721,3084300,0.0,0,-0.0010763379399759687,0.9296823509639751,7.986963009834289,8.651277900355769,7.3226481193128095,8.009679731048863,8.009679731048863,7.976025172635372,7.278844989607786,9.192022323608398
2018-03-07,7.723619308114281,7.959197878043503,7.723619308114281,7.816167831420898,2515000,0.0,0,0.0010774976916216872,0.9306840815510802,7.9764460802078245,8.644614408489659,7.308277751925989,8.009679731048863,8.009679731048863,7.976025172635372,7.278844989607786,8.84371280670166
2018-03-08,7.86664920785453,7.942370287849793,7.24404750967305,7.302942752838135,3547500,0.0,0,-0.06566198291183123,0.8695735192919598,7.9230201721191404,8.626633801194307,7.219406543043974,8.009679529467455,8.009679529467455,7.976025172635372,7.278844989607786,8.741766929626465
2018-03-09,7.345011051242489,7.437560391567961,7.092605801859214,7.286116600036621,3242800,0.0,0,-0.0023040236478609755,0.8675700013399574,7.881793880462647,8.632193222530011,7.1313945383952815,7.933958675560538,7.933958675560538,7.963404826760948,7.299680559256972,8.775748252868652
2018-03-12,7.328183849766477,7.454386464826229,7.227221597243345,7.370251655578613,3509900,0.0,0,0.011547311161829166,0.8775881021000984,7.84940185546875,8.629150633229141,7.0696530777083595,7.933958675560538,7.933958675560538,7.944474684640981,7.458033402213902,8.631326675415039
2018-03-13,7.370250772930644,7.530107453020625,7.3450096110402034,7.378664493560791,2342500,0.0,0,0.0011414587147522415,0.8785898326872035,7.8161683797836305,8.61663172177542,7.015705037791841,7.8077551114828445,7.933958675560538,7.938164508754664,7.537209840186682,8.367969512939453
2018-03-14,7.420731746883451,7.488039909483746,7.20198061962079,7.462799549102783,4104300,0.0,0,0.011402477455834337,0.8886079334473446,7.780831527709961,8.578134605829755,6.9835284495901675,7.664725026099582,7.933958675560538,7.893993592223545,7.537209840186682,7.968685150146484
2018-03-15,7.45438658287628,7.513281832896618,7.336597687588945,7.420732498168945,3627000,0.0,0,-0.005636899484844804,0.8835989398450662,7.734557104110718,8.501771789259864,6.967342418961572,7.664725026099582,7.933958675560538,7.82247838384506,7.537209840186682,8.223548889160156
2018-03-16,7.433474763888706,7.535419463428474,7.323034470174512,7.374007225036621,3701700,0.085,0,-0.006296585026323687,0.8780352839911623,7.683842992782592,8.403629786935582,6.964056198629602,7.525901839951359,7.933958675560538,7.881372987856439,7.537209840186682,8.529382705688477
2018-03-19,7.348522157992848,7.399494924754322,7.21259586020844,7.297550201416016,2391600,0.0,0,-0.010368449784130207,0.8689314192404054,7.635616254806519,8.322095836632851,6.949136672980187,7.525901839951359,7.933958675560538,7.881372987856439,7.727825861308512,8.503896713256836
2018-03-20,7.306044372208698,7.441970643474713,7.23808123657569,7.390997886657715,2366800,0.0,0,0.012805350105514313,0.8800583902814603,7.61772313117981,8.310157431654705,6.925288830704916,7.517488044854504,7.933958675560538,7.881372987856439,7.727825861308512,8.818225860595703
2018-03-21,7.348521374629115,7.509934443679699,7.348521374629115,7.441971302032471,1443100,0.0,0,0.006896689209825668,0.8861278794857309,7.599433946609497,8.290126728465616,6.908741164753377,7.314012632643845,7.933958675560538,7.931854501120782,7.727825861308512,8.639822006225586
2018-03-22,7.382502079010009,7.509933562281063,7.374007294939507,7.38250207901001,2402800,0.0,0,-0.00799105782714038,0.8790467803585191,7.58195743560791,8.276062177267441,6.8878526939483775,7.368700041524632,7.933958675560538,7.931854501120782,7.727825861308512,8.435933113098145
2018-03-23,7.42497981684175,7.654356018435954,7.407989437196544,7.586392879486084,2910800,0.0,0,0.027618116228612877,0.9033243965088487,7.596550607681275,8.277887784248284,6.915213431114266,7.428168319028372,7.933958675560538,7.931854501120782,7.727825861308512,7.858245849609375
2018-03-26,7.620373936661351,7.815767745460234,7.518429235090046,7.790281772613525,3816000,0.0,0,0.026875604304486433,0.9276017855480094,7.603669810295105,8.290015821042232,6.917323799547977,7.508874182540512,7.933958675560538,7.931854501120782,7.727825861308512,7.764795780181885
2018-03-27,7.764796789638963,7.815768741830388,7.603383717268777,7.654356479644775,1699700,0.0,0,-0.01744805861151144,0.9114169352256251,7.6216611623764035,8.293195653664403,6.950126671088403,7.514182301019414,7.933958675560538,8.013886306274689,7.727825861308512,7.968685150146484
2018-03-28,7.662852075071537,7.866741504206387,7.484448622032401,7.654356479644775,2055800,0.0,0,0.0,0.9114169352256251,7.582019805908203,8.136123215724142,7.027916396092263,7.539668682207413,7.933958675560538,8.06857406372288,7.727825861308512,8.121603012084961
2018-03-29,7.662851615589089,7.781786703693839,7.620374451186882,7.679841995239258,2149100,0.0,0,0.0033295438567899627,0.9144515378832798,7.550804281234742,7.997557224328582,7.104051338140901,7.539668682207413,7.933958675560538,8.06857406372288,7.727825861308512,8.206555366516113
2018-04-02,7.688337390872389,7.883731207799537,7.509933953155015,7.6033830642700195,1841200,0.0,0,-0.009955794795861062,0.9053474460213543,7.525861978530884,7.894849529234827,7.15687442782694,7.560906222187613,7.933958675560538,8.06857406372288,7.727825861308512,8.155584335327148
2018-04-03,7.654356232461859,7.756300943737172,7.62886944700462,7.688337802886963,1816600,0.0,0,0.011173281406294588,0.915463147806221,7.519470477104187,7.8720099427770025,7.166931011431372,7.616126291214326,7.933958675560538,7.896096678029153,7.727825861308512,8.215051651000977
2018-04-04,7.637363581248284,8.036647565004863,7.611877610850661,7.9347028732299805,2735400,0.0,0,0.03204399659059054,0.9447982457933348,7.52581787109375,7.902883768387159,7.148751973800341,7.705327429972185,7.933958675560538,7.896096678029153,7.727825861308512,8.172574996948242
2018-04-05,7.960189495366441,8.410445456782877,7.960189495366441,8.376463890075684,2780900,0.0,0,0.05567455062950266,0.9973994635634211,7.55383267402649,8.07177459907641,7.03589074897657,7.909217446989711,7.933958675560538,7.896096678029153,7.727825861308512,8.452922821044922
2018-04-06,8.316997473042116,8.707785947993601,8.308501877672947,8.427437782287598,3533400,0.0,0,0.006085371211628665,1.003469009545484,7.610057425498963,8.24018574782925,6.979929103168676,8.096117285013001,7.900195874926408,8.009679731048863,7.816168364330309,8.792739868164062
2018-04-09,8.503896713256836,8.571859857383627,8.316997661815865,8.503896713256836,3818100,0.0,0,0.009072618860495929,1.0125731014074095,7.670946431159973,8.393712777911267,6.948180084408681,8.096117285013001,7.900195874926408,8.009679731048863,7.816168364330309,8.84371280670166
2018-04-10,8.580353496318255,8.93716032671149,8.54637193200387,8.911673545837402,4269300,0.0,0,0.047951762154504696,1.0611277659301468,7.748017525672912,8.637591059884338,6.8584439914614865,8.210804474371946,8.014883064285353,8.009679731048863,7.816168364330309,9.141051292419434
2018-04-11,8.852208094896792,9.132556269038556,8.801235331332565,8.988134384155273,4152600,0.0,0,0.008579851800516902,1.070232084903241,7.8284910202026365,8.852461561433957,6.804520478971316,8.321245111096786,8.112581035448885,8.009679731048863,7.816168364330309,9.047600746154783
2018-04-12,8.979637328625325,9.209013512095584,8.852206655709264,9.192022323608398,2884800,0.0,0,0.022684122281543706,1.0945093603868175,7.9149521589279175,9.084209011656528,6.745695306199307,8.3594737326253,8.1508096569774,8.009679731048863,7.816168364330309,8.954153060913086
2018-04-13,9.217510925341236,9.259987284572652,8.690795320877777,8.84371280670166,3386500,0.0,0,-0.03789258822970376,1.0530355678801233,7.986101174354554,9.199243246674337,6.77295910203477,8.435932447711657,8.176296543215933,8.009679731048863,7.816168364330309,8.65681266784668
2018-04-16,8.877693205626235,8.93716155901452,8.62283103303441,8.741766929626465,2370300,0.0,0,-0.011527497477975768,1.0408967030271663,8.054489159584046,9.276170590539444,6.832807728628648,8.435932447711657,8.176296543215933,8.009679529467455,7.816168364330309,8.469915390014648
2018-04-17,8.835215794407082,8.93716130873652,8.707785116772019,8.775748252868652,1681200,0.0,0,0.0038872373875609156,1.0449429156077623,8.128399062156678,9.336600931868709,6.920197192444646,8.610088389969548,8.230983952096722,7.933958675560538,7.816168364330309,8.486905097961426
2018-04-18,8.79273973669302,8.903179228913302,8.605840701070706,8.631326675415039,2039900,0.0,0,-0.016456896129216525,1.0277463985846447,8.190415501594543,9.367444631590134,7.013386371598952,8.784244581122799,8.230983952096722,7.933958675560538,7.816168364330309,8.571858406066895
2018-04-19,8.614336086092585,8.673803628175738,8.24903361858865,8.367969512939453,2826400,0.0,0,-0.030511782531150944,0.9963880239738564,8.236715412139892,9.363588460063736,7.109842364216049,8.75451045158065,8.230983952096722,7.870856893521691,7.816168364330309,8.631326675415039
2018-04-20,8.283014847122857,8.325492008375765,7.951693961571536,7.968685150146484,2683300,0.0,0,-0.047715800371350814,0.9488445719295151,8.266024565696716,9.33061875160051,7.2014303797929236,8.605840623072094,8.236291572390545,7.79934185083006,7.816168364330309,8.486905097961426
2018-04-23,7.977182278729595,8.257530462661453,7.934705109306819,8.223548889160156,4468300,0.0,0,0.03198316086173736,0.9791916205063231,8.29788236618042,9.315836336116694,7.279928396244148,8.597346196939736,8.236291572390545,7.79934185083006,7.816168364330309,6.940742492675781
2018-04-24,8.257530128673572,8.716281757478516,8.181071388841984,8.529382705688477,3642700,0.0,0,0.03719000405426587,1.0156077608428564,8.334837412834167,9.329547316618928,7.340127509049406,8.597346196939736,8.236291572390545,7.7299302577559486,7.816168364330309,7.187108039855957
2018-04-25,8.49540111769484,8.741767717700608,8.333988852939855,8.503896713256836,2342300,0.0,0,-0.0029880230857319834,1.0125731014074093,8.37731442451477,9.322991789675559,7.431637059353982,8.597346196939736,8.24903426057417,7.7299302577559486,7.816168364330309,7.153127193450928
2018-04-26,8.546373302486781,8.852207430359318,8.47840935277502,8.818225860595703,1853700,0.0,0,0.03696295450635656,1.0500007948890917,8.435507893562317,9.337860197324881,7.533155589799753,8.43593333416067,8.304254329600884,7.725723360207521,7.816168364330309,7.357017517089844
2018-04-27,8.826721036136279,8.93716133516603,8.605840438076777,8.639822006225586,2362000,0.0,0,-0.020231263883511486,1.0287579517297936,8.483506894111633,9.318915165083046,7.6480986231402195,8.435933222236425,8.31699728975608,7.623985654102191,7.917131390858993,7.569401264190674
2018-04-30,8.682299699785762,8.690794484703959,8.198061311328726,8.435933113098145,2822500,0.0,0,-0.023598737680073256,1.0044805626906328,8.525134396553039,9.256392021683315,7.793876771422764,8.435933222236425,8.333988360884598,7.651329358542585,7.917131390858993,7.560905933380127
2018-05-01,8.401951800059603,8.427437775963414,7.832759873705564,7.858245849609375,3226100,0.0,0,-0.06847935560226492,0.9356943810425777,8.53362979888916,9.22845987939295,7.838799718385371,8.384960604435797,8.372217953302528,7.6810634972944545,7.917131390858993,7.535419940948486
2018-05-02,7.8582448871737585,7.875236075818354,7.654355484545414,7.764795780181885,3707700,0.0,0,-0.011891975794080745,0.9245671261125621,8.525134444236755,9.25279114230323,7.797477746170279,8.295758409855722,8.372217953302528,7.7214164290505245,7.917131390858993,7.69683313369751
2018-05-03,7.739308965491462,8.045143878364824,7.696832614423019,7.968685150146484,2451800,0.0,0,0.026258175454528576,0.948844571929515,8.504745507240296,9.270212262815697,7.739278751664894,8.295758409855722,8.372217953302528,7.724070488289976,7.933958675560538,7.7138237953186035
2018-05-04,7.917712789927907,8.172574959985846,7.798777704702838,8.121603012084961,3128700,0.0,0,0.019189848645942087,0.9670527556533661,8.489453768730163,9.272694745724705,7.706212791735622,8.295758409855722,8.384960618863833,7.736813678883975,7.933958675560538,7.450466156005859
2018-05-07,8.164078209157571,8.232041336857483,8.062133517607704,8.206555366516113,1594900,0.0,0,0.010460047641425385,0.977168173549272,8.474586701393127,9.267500304584187,7.681673098202068,8.295758409855722,8.384960618863833,7.736813678883975,7.933958675560538,7.238081455230713
2018-05-08,8.172574714054663,8.274519416973192,8.002666875857114,8.155584335327148,1875200,0.0,0,-0.006211014111588642,0.9710989682339621,8.436782240867615,9.214523025957702,7.659041455777529,8.295758409855722,8.435932447711657,7.747432448874076,7.933958675560538,7.195603847503662
2018-05-09,8.155584111807775,8.240537623485997,8.053638601498777,8.215051651000977,1948200,0.0,0,0.0072916069810273765,0.9781798402500054,8.3981281042099,9.13793608851181,7.658320119907989,8.295758409855722,8.435932447711657,7.775042483387432,7.933958675560538,7.242801666259766
2018-05-10,8.172574996948242,8.206556565764025,7.917712825737628,8.172574996948242,1723200,0.0,0,-0.005170588799348397,0.9731220745242602,8.347155737876893,8.994968997291094,7.699342478462691,8.172574984624687,8.457171384559032,7.819643052766361,7.933958675560538,7.242801666259766
2018-05-11,8.147088713323448,8.588849091143354,8.11310714579884,8.452922821044922,1887400,0.0,0,0.034303487481162964,1.0065035554253465,8.327616238594056,8.936324970167126,7.718907507020984,8.121602287844384,8.457171384559032,7.921588061275124,7.933958675560538,7.242801666259766
2018-05-14,8.495400525691064,8.826721437859446,8.495400525691064,8.792739868164062,2893200,0.0,0,0.04020112975278933,1.0469661354536446,8.330164885520935,8.946250936880674,7.714078834161196,8.24053846120243,8.457171384559032,7.998156579969704,7.933958675560538,7.371525287628174
2018-05-15,8.758759278054207,8.91167595369347,8.656813747381872,8.84371280670166,2014900,0.0,0,0.0057971621248749106,1.053035567880123,8.333563113212586,8.960217273241827,7.706908953183344,8.304254284058244,8.457171384559032,7.998156579969704,7.933958675560538,7.508829593658447
2018-05-16,8.911675086016608,9.25998638298279,8.911675086016608,9.141051292419434,2631900,0.0,0,0.033621454271157925,1.0884401550715075,8.359049344062806,9.068962787924669,7.649135900200942,8.529382043842814,8.457171384559032,8.112843769328649,8.014883064285353,7.294291973114014
2018-05-17,9.098573503031613,9.175032233254612,8.911674474729226,9.047600746154783,2720300,0.0,0,-0.010223172726549268,1.0773128433636994,8.393030905723572,9.164490626372169,7.621571185074975,8.58884960436021,8.457171384559032,8.216913073272835,8.112581035448885,7.277127742767334
2018-05-18,9.030611803293938,9.03910739915506,8.903180295930982,8.954153060913086,3047300,0.0,0,-0.010328449261138406,1.0661858723226447,8.442304301261903,9.224982512592787,7.659626089931019,8.58884960436021,8.457171384559032,8.255141694801349,8.1508096569774,7.320034980773926
2018-05-21,8.962647601355748,9.09007828352818,8.614336313912215,8.65681266784668,2653200,0.0,0,-0.033206981279375825,1.0307810580200916,8.463967490196229,9.24519435245698,7.682740627935477,8.58884960436021,8.457170933764102,8.306114495463795,8.176296543215933,7.122661590576172
2018-05-22,8.724777593069513,8.784245143381291,8.461419794203078,8.469915390014648,1913900,0.0,0,-0.02158961791170655,1.008526888826813,8.460994124412537,9.241648730081831,7.680339518743242,8.58884960436021,8.457170933764102,8.306114495463795,8.176296543215933,7.208476543426514
2018-05-23,8.444427932459023,8.665308544923883,8.376464791728996,8.486905097961426,1590700,0.0,0,0.0020058887443912266,1.0105498815615266,8.460144543647766,9.240645846548848,7.679643240746686,8.686546764390815,8.457170933764102,8.420536171033135,8.176296543215933,6.985357284545898
2018-05-24,8.427436546703639,8.673803104996642,8.427436546703639,8.571858406066895,1584300,0.0,0,0.010009927897729698,1.0206654130130168,8.447826170921326,9.212788135201796,7.682864206640856,8.818225587355894,8.457170933764102,8.50761426660976,8.176296543215933,7.114080429077148
2018-05-25,8.52938196785319,8.656812649759372,8.52088637301024,8.631326675415039,1888200,0.0,0,0.006937616854013173,1.0277463985846442,8.447401404380798,9.211941200413586,7.68286160834801,8.818225587355894,8.457170933764102,8.492747201838686,8.176296543215933,7.242801666259766
2018-05-29,8.605840999331246,8.682299735198661,8.41044636209401,8.486905097961426,4102500,0.0,0,-0.016732257147093588,1.0105498815615266,8.449950003623963,9.214661561454335,7.6852384457935905,8.818225587355894,8.457170933764102,8.42106609773132,8.176296543215933,7.277127742767334
2018-05-30,7.289053794554578,7.297549389767366,6.448009312917792,6.940742492675781,17954400,0.0,0,-0.182182148549892,0.8264457329218088,8.404074835777283,9.386934237000053,7.4212154345545125,7.811520773086202,7.853997847950291,8.41681888466514,8.176296543215933,7.242801666259766
2018-05-31,6.940741485719589,7.246575577348877,6.889768732022491,7.187108039855957,5872400,0.0,0,0.03549556080493588,0.8557808876867147,8.375190448760986,9.461216586133913,7.289164311388059,7.769043798222986,7.853997847950291,8.41681888466514,8.176296543215933,7.148406028747559
2018-06-01,7.2210903317586,7.246576306077848,6.940742183693322,7.153127193450928,5117700,0.0,0,-0.004728027770918297,0.8517347318839108,8.334412550926208,9.534943707729031,7.133881394123385,7.769043798222986,7.853997847950291,8.423190228756953,8.176296543215933,6.985357284545898
2018-06-04,7.178614054450233,7.458962237143247,7.178614054450233,7.357017517089844,4555100,0.0,0,0.0285036625415509,0.8760122912564481,8.296183276176453,9.568724132751635,7.023642419601272,7.616127228149542,7.853997847950291,8.370093831880776,8.176296543215933,7.036845684051514
2018-06-05,7.340025885673869,7.645859993757767,7.246575967232097,7.569401264190674,3307200,0.0,0,0.028868185593887263,0.9013011766629656,8.26432557106018,9.57597752179278,6.952673620327579,7.565154524058227,7.853997847950291,8.376465255996251,8.176296543215933,6.830889701843262
2018-06-06,7.611878691596954,7.64586026034667,7.492942795880695,7.560905933380127,2217800,0.0,0,-0.001122325335127461,0.9002896235178166,8.23459165096283,9.581628423807556,6.887554878118104,7.565154524058227,7.853997847950291,8.384960791560513,8.176296543215933,6.916705131530762
2018-06-07,7.577897104327951,7.7902821110407645,7.535419940948487,7.535419940948486,2064700,0.0,0,-0.0033707590937117615,0.8972549640823696,8.200610065460205,9.582130905469619,6.819089225450792,7.565154524058227,7.853997847950291,8.378589278869162,8.176296543215933,7.079753398895264
2018-06-08,7.518429692546705,7.747805082492301,7.501438502825429,7.69683313369751,1869400,0.0,0,0.021420596863073627,0.9164747009513696,8.176822972297668,9.575917946072137,6.777727998523198,7.565154524058227,7.853997847950291,8.333988181579125,8.176296543215933,7.388688087463379
2018-06-11,7.688337819989219,7.798778126662614,7.603383488645209,7.7138237953186035,1724000,0.0,0,0.002207487329653368,0.9184978072416676,8.139868021011353,9.546948025805818,6.732788016216887,7.123393719790203,7.853997847950291,8.333988181579125,8.176296543215933,7.5603179931640625
2018-06-12,7.722318695547004,7.798777424839068,7.390997805342878,7.450466156005859,4816400,0.0,0,-0.034140997552027486,0.8871393758530872,8.072754335403442,9.476881796757326,6.668626874049557,7.344273429342552,7.853997847950291,8.340359514359777,8.176296543215933,7.663297653198242
2018-06-13,7.424979678775246,7.501438411218241,7.17861310211699,7.238081455230713,2307600,0.0,0,-0.028506229855690624,0.8618503768909852,7.992472767829895,9.394683713517065,6.590261822142725,7.369760155177968,7.853997847950291,8.340359514359777,8.176296543215933,7.654714107513428
2018-06-14,7.204098631551729,7.246575792529896,6.915255719306003,7.195603847503662,3189600,0.0,0,-0.0058686280321360584,0.8567924976096557,7.895200395584107,9.232955577591042,6.5574452135771715,7.357016922984309,7.853997847950291,8.36584542878369,8.176296543215933,7.731949329376221
2018-06-15,7.156986967412503,7.397269269941235,7.156986967412503,7.242801666259766,2800100,0.085,0,0.0065592575350681415,0.8624124202555917,7.804960441589356,9.059632933338353,6.550287949840358,7.357016922984309,7.853997847950291,8.36584542878369,8.176296543215933,7.397269248962402
2018-06-18,7.21705733844533,7.302872855690018,7.182731295226939,7.242801666259766,1712600,0.0,0,0.0,0.8624124202555917,7.719392871856689,8.877611926375833,6.561173817337545,7.357016922984309,7.853997847950291,8.31487318459186,8.176296543215933,7.551737308502197
2018-06-19,7.191313010630894,7.277127709478156,7.156986967412503,7.242801666259766,2466800,0.0,0,0.0,0.8624124202555917,7.648692321777344,8.739338087152595,6.558046556402093,7.357016922984309,7.853997847950291,8.289386836201707,8.176296543215933,7.689041614532471
2018-06-20,7.294291482167511,7.405851332455416,7.217057676706849,7.371525287628174,1858600,0.0,0,0.017772628231428778,0.877739755582961,7.59377281665802,8.621627840847204,6.565917792468835,7.357016922984309,7.853997847950291,8.348854922880731,8.176296543215933,7.397269248962402
2018-06-21,7.345781082576754,7.577481684471526,7.328617650674746,7.508829593658447,2389100,0.0,0,0.018626308758747046,0.8940888072802764,7.544869041442871,8.48667061852256,6.603067464363183,7.357016922984309,7.853997847950291,8.380712834308639,8.176296543215933,7.628971576690674
2018-06-22,7.5603194522283745,7.5603194522283745,7.191313831701283,7.294291973114014,2860200,0.0,0,-0.02857137958299394,0.8685434565865653,7.480990719795227,8.299485883984262,6.662495555606192,7.357016572072536,7.811520773086202,8.493276714200924,8.176296543215933,7.465921878814697
2018-06-25,7.259965130278341,7.4230136317122035,7.234220802346138,7.277127742767334,1820400,0.0,0,-0.0023531043739331015,0.8664996831799204,7.413280773162842,8.03957639966349,6.786985146662193,7.246368701888764,7.769043798222986,8.523010494459621,8.176296543215933,7.448759078979492
2018-06-26,7.268546328572877,7.345780125271822,7.174149102208668,7.320034980773926,2553800,0.0,0,0.005896177657350732,0.8716087192519874,7.354937267303467,7.738579953634806,6.971294580972128,7.246368701888764,7.769043798222986,8.523010494459621,8.176296543215933,7.517411708831787
2018-06-27,7.268547492502482,7.55173758014826,7.122661590576172,7.122661590576172,2374300,0.0,0,-0.02696344904309267,0.8481071419649211,7.364033222198486,7.714844544975245,7.013221899421728,7.350071637523849,7.616127228149542,8.523010269062155,8.176296543215933,7.877835273742676
2018-06-28,7.15698788122352,7.2857103551285345,7.09691750252085,7.208476543426514,2086000,0.0,0,0.012048158087965444,0.8583252708868471,7.365101647377014,7.7138529695000955,7.016350325253933,7.337199593496188,7.565154524058227,8.523010269062155,8.176296543215933,7.989395618438721
2018-06-29,7.2342213214755535,7.277128264975762,6.959612136368788,6.985357284545898,3529100,0.0,0,-0.0309523458301435,0.8317580902676058,7.356713151931762,7.732764761554869,6.980661542308655,7.268546910420158,7.565154524058227,8.571858849077458,8.230983952096722,8.032301902770996
2018-07-02,6.959612798899657,7.165569911935502,6.787982553367757,7.114080429077148,2936400,0.0,0,0.01842756773744858,0.847085368817183,7.344566297531128,7.735361861055848,6.953770734006408,7.182732118919642,7.565154524058227,8.637698260559997,8.230983952096722,8.178187370300293
2018-07-03,7.156986967412503,7.354361511318891,7.114079208790159,7.242801666259766,1487600,0.0,0,0.018093868696859028,0.8624124202555915,7.328236317634582,7.707071205861245,6.949401429407919,7.182732118919642,7.565154524058227,8.637698260559997,8.230983952096722,8.16102409362793
2018-07-05,7.268546845721552,7.362943260404585,7.217057371459716,7.277127742767334,2436200,0.0,0,0.00473933680491001,0.8664996831799203,7.314047408103943,7.677756543094043,6.950338273113843,7.174151002798066,7.123393719790203,8.637698260559997,8.236291572390545,8.315491676330566
2018-07-06,7.294291140286065,7.328617183504455,7.208475623041376,7.242801666259766,1349000,0.0,0,-0.0047169814411578415,0.8624124202555915,7.299416494369507,7.649468711683977,6.949364277055037,7.169860066758009,7.293380340015186,7.832759310518247,7.853998298745222,8.461377143859863
2018-07-09,7.294291932876898,7.302873649213333,7.122661698135768,7.148406028747559,2004400,0.0,0,-0.013033028082481413,0.8511725749637197,7.2719951391220095,7.575594981138965,6.968395297105054,7.169860066758009,7.293380340015186,7.811520823086639,7.853998298745222,8.830384254455566
2018-07-10,7.122661467900538,7.1998952756368935,6.916705192868579,6.985357284545898,5066300,0.0,0,-0.022809105071250002,0.8317580902676057,7.235571813583374,7.488455883096534,6.982687744070215,7.169860066758009,7.293380340015186,7.811520823086639,7.853998298745222,8.51286792755127
2018-07-11,6.968193594911301,7.139823817761834,6.908123221512979,7.036845684051514,5285200,0.0,0,0.007370904222683938,0.8378888994874107,7.214890789985657,7.461606541037419,6.968175038933895,7.075462906886171,7.293380340015186,7.735062538049917,7.853998298745222,8.572937965393066
2018-07-12,7.011101647960135,7.0625903077663885,6.736492870734723,6.830889701843262,2319700,0.0,0,-0.029268224920014352,0.8133653787192299,7.194531202316284,7.492688778732055,6.896373625900513,7.049718065569653,7.267635498698668,7.709576186004259,7.853998298745222,8.641590118408203
2018-07-13,6.796563562962132,6.993938120184723,6.796563562962132,6.916705131530762,1934800,0.0,0,0.012562848096397072,0.823583564418948,7.180586266517639,7.502638765636073,6.858533767399205,7.049718065569653,7.267635498698668,7.709576186004259,7.853998298745222,8.718823432922363
2018-07-16,6.90812317714699,7.15698720328135,6.796563328411249,7.079753398895264,1728300,0.0,0,0.02357311237994275,0.8429979923372697,7.172433853149414,7.4960418610472095,6.848825845251619,7.049718065569653,7.267635498698668,7.709576186004259,7.853998298745222,8.62442684173584
2018-07-17,7.096917108261121,7.448759281226403,7.062590244169401,7.388688087463379,3474600,0.0,0,0.0436363629016121,0.8797833586562293,7.179728174209595,7.5158254645356495,6.843630883883541,7.092626075980563,7.267635498698668,7.709576186004259,7.853998298745222,8.581520080566406
2018-07-18,7.388686972201696,7.6032249300072925,7.388686972201696,7.5603179931640625,1965800,0.0,0,0.0232287388057284,0.9002196165000813,7.19560399055481,7.570336810722626,6.820871170386994,7.169858900371008,7.267635147786896,7.488695783870247,7.853998298745222,8.564355850219727
2018-07-19,7.560319510985192,7.731949748006942,7.483085699726023,7.663297653198242,2668300,0.0,0,0.013621075214996559,0.9124815756064443,7.210192608833313,7.631539291301945,6.78884592636468,7.234221309370833,7.234221309370833,7.5991356386464215,7.853998298745222,8.032301902770996
2018-07-20,7.68045843231523,7.783436549919769,7.637550678714006,7.654714107513428,1401900,0.0,0,-0.001120085121740222,0.9114595185697454,7.217486834526062,7.663848021634072,6.771125647418051,7.259964710327246,7.259964710327246,7.611879001564129,7.853998298745222,7.646133422851562
2018-07-23,7.654715522298719,7.800601420467892,7.586063431207048,7.731949329376221,1747900,0.0,0,0.010089889808815089,0.9206560446773098,7.2393697023391725,7.738992562543979,6.739746842134366,7.268547145601307,7.268547145601307,7.6055073854673,7.853998298745222,7.577482223510742
2018-07-24,7.740530498570234,7.886415568036591,7.380106636600593,7.397269248962402,3120500,0.0,0,-0.043285343211220795,0.8808051318039674,7.245376777648926,7.749588904635522,6.74116465066233,7.311454219385657,7.311454219385657,7.6055073854673,7.853998298745222,7.2685465812683105
2018-07-25,7.35436193483219,7.560319024400343,7.35436193483219,7.551737308502197,2152100,0.0,0,0.0208817678985338,0.8991979001301352,7.2569618940353395,7.778054026746694,6.735869761323985,7.3414894482239195,7.311454219385657,7.6055073854673,7.853998298745222,7.320034980773926
2018-07-26,7.568900045193804,7.869253559341727,7.560319147553353,7.689041614532471,2444200,0.0,0,0.018181817033768866,0.9155469518274505,7.2852808952331545,7.835185033267809,6.7353767571985,7.3414894482239195,7.311454219385657,7.6055073854673,7.853998298745222,7.826344966888428
2018-07-27,7.697622740069577,7.766274826311659,7.397269248962402,7.397269248962402,1994200,0.0,0,-0.037946519240917076,0.8808051318039671,7.294720530509949,7.84551747345656,6.743923587563337,7.474502906102996,7.311454219385657,7.6055073854673,7.853998298745222,7.706204414367676
2018-07-30,7.388688427379337,7.731949718510879,7.388688427379337,7.628971576690674,2442900,0.0,0,0.03132268407842154,0.9083943126821152,7.326901245117187,7.876835996309286,6.776966493925088,7.62038875143439,7.311454219385657,7.6055073854673,7.853998298745222,7.671878337860107
2018-07-31,7.611807777300751,7.680459868541543,7.457340162810228,7.465921878814697,2088100,0.0,0,-0.021372434834356135,0.888979714430417,7.344493317604065,7.88848477900598,6.80050185620215,7.62038875143439,7.311454219385657,7.584268672579369,7.853998298745222,7.431595802307129
2018-08-01,7.465921692161872,7.517411168503938,7.345780944692824,7.448759078979492,1816500,0.0,0,-0.002298818567055494,0.8869361113571487,7.354791188240052,7.898486943224686,6.811095433255417,7.616098256364707,7.311454219385657,7.507706250055875,7.853998298745222,7.302873611450195
2018-08-02,7.397270134329879,7.551737756061257,7.285710276234719,7.517411708831787,1901500,0.0,0,0.009216653287395626,0.8951106939835984,7.366805386543274,7.913750401740639,6.819860371345909,7.586062922135655,7.311454219385657,7.507706250055875,7.853998298745222,7.568900108337402
2018-08-03,7.560319145982343,7.886416171381344,7.560319145982343,7.877835273742676,2676300,0.0,0,0.04794516768151036,0.9380269263001552,7.398557066917419,7.985724051076595,6.811390082758244,7.586063223808031,7.3114545210580335,7.4830994328366955,7.853997847950291,7.577482223510742
2018-08-06,7.886416656465726,7.989395618438722,7.757694181595785,7.989395618438721,1634000,0.0,0,0.014161294419024362,0.9513106017764641,7.440606546401978,8.069530430787868,6.811682662016088,7.6375529473367205,7.362944244586722,7.4511770587772075,7.853997847950291,7.483085155487059
2018-08-07,8.015139289454359,8.109535708689533,7.877835109331388,8.032301902770996,2358300,0.0,0,0.005370404268534745,0.9564195242929467,7.492953777313232,8.135874767130177,6.850032787496288,7.697622992462126,7.423014289712128,7.416850717239193,7.853997847950291,7.277127742767334
2018-08-08,8.049464912778074,8.289747215405015,8.049464912778074,8.178187370300293,1823000,0.0,0,0.0181623486386846,0.9737903491380001,7.550020861625671,8.223112869292311,6.876928853959031,7.787728745819867,7.513120043069868,7.373943321488934,7.853997847950291,7.411489486694336
2018-08-09,8.1781867046485,8.358398621549972,8.083790298041961,8.16102409362793,1627900,0.0,0,-0.002098665131431532,0.9717466892869396,7.616527581214905,8.253776946230788,6.979278216199022,7.822054448892345,7.547445746142348,7.373943321488934,7.853997847950291,7.368146419525146
2018-08-10,8.152443172966118,8.461377567002808,8.118117129184263,8.315491676330566,1473900,0.0,0,0.01892747539162931,0.9901394008353155,7.686466908454895,8.307807200759651,7.065126616150138,7.873543921618763,7.598935218868766,7.148772361294134,7.853997847950291,7.3941521644592285
2018-08-13,8.36698073277977,8.504284901040776,8.255420891468352,8.461377143859863,1998800,0.0,0,0.01754381739621591,1.007510225680369,7.755548095703125,8.39878340453447,7.11231278687178,7.8949975886377475,7.620388885887749,7.231620203386598,7.853997847950291,7.342140674591064
2018-08-14,8.512868105213236,8.959106730116833,8.461378623910205,8.830384254455566,2997900,0.0,0,0.04361076268341013,1.0514485150336246,7.827632904052734,8.601655714548157,7.053610093557311,8.122408503175777,7.847799800425777,7.231620203386598,7.853997847950291,7.4201579093933105
2018-08-15,8.753150259023172,8.753150259023172,8.366982021701089,8.51286792755127,2308100,0.0,0,-0.035957249169999206,1.0136413187891349,7.8752604007720945,8.694057096265754,7.056463705278435,8.259712938049589,7.847799800425777,7.231620203386598,7.853997847950291,7.238121509552002
2018-08-16,8.590101397586842,8.667335205663852,8.461378111325999,8.572937965393066,1489800,0.0,0,0.007056380805273044,1.0207939579344703,7.920742416381836,8.787573144693507,7.0539116880701656,8.358400455856309,7.847799800425777,7.184421623450678,7.853997847950291,7.220783710479736
2018-08-17,8.564356309785698,8.701661313113206,8.530030263553195,8.641590118408203,1409000,0.0,0,0.008008007673946604,1.0289684837831279,7.970086216926575,8.882392341845717,7.057780092007432,8.418470919724111,7.877835029264041,7.158676782134161,7.853997847950291,7.246788501739502
2018-08-20,8.727405148593526,8.744567761538399,8.564355824431255,8.718823432922363,2946900,0.0,0,0.008937396180089374,1.0381647827795235,8.019429922103882,8.980855718594537,7.058004125613228,8.504285821447453,7.877835029264041,7.158676782134161,7.853997847950291,7.4201579093933105
2018-08-21,8.701660644423217,8.735986688017892,8.555774754546489,8.62442684173584,2610600,0.0,0,-0.010826757980908375,1.0269248239320672,8.080787801742554,9.032027468847312,7.129548134637797,8.521448514079397,8.010848487143118,7.158676782134161,7.853997847950291,7.402821063995361
2018-08-22,8.693079939821473,8.847547563158878,8.572938364070433,8.581520080566406,2978800,0.0,0,-0.0049750275533437804,1.0218158446377925,8.132276940345765,9.074741855663122,7.189812025028408,8.538611929650548,8.122408503175777,7.180130787339616,7.853997847950291,7.515510082244873
2018-08-23,8.598682713007737,8.6759156990884,8.53002980582917,8.564355850219727,3733100,0.0,0,-0.002000138691692799,1.0197720712311478,8.176042652130127,9.113336648447614,7.238748655812638,8.607263810792592,8.122408503175777,7.218747024078952,7.853997847950291,7.428825378417969
2018-08-24,8.530029964915498,8.530029964915498,7.955068915249926,8.032301902770996,3651400,0.0,0,-0.06212422238796633,0.9564195242929469,8.207794284820556,9.077274157913834,7.3383144117272785,8.45708782268338,8.122408503175777,7.234221309370833,7.853997847950291,6.986737251281738
2018-08-27,8.040883336030308,8.06662766429921,7.603225663471766,7.646133422851562,6220600,0.0,0,-0.04807693791815937,0.9104378021997993,8.208652377128601,9.075851810550533,7.341452943706669,8.225386613315322,8.122408503175777,7.259964710327246,7.853997847950291,7.090758323669434
2018-08-28,7.706204698342825,7.73194984802727,7.508830127813961,7.577482223510742,6459900,0.0,0,-0.008978551058976492,0.902263389906726,8.214230394363403,9.063299817234386,7.365160971492421,8.178188845486419,8.122408503175777,7.268547145601307,7.853997847950291,6.9780683517456055
2018-08-29,7.57748096040701,7.611807002533532,6.951030486998631,7.2685465812683105,8553100,0.0,0,-0.04077022329183344,0.8654779100321822,8.205219769477845,9.09005876239699,7.320380776558698,7.899289025078755,7.955068608557732,7.311454219385657,7.853997847950291,6.95206356048584
2018-08-30,7.191312531873932,7.560318085703392,7.165568205773408,7.320034980773926,5522700,0.0,0,0.007083726977592075,0.8716087192519872,8.195350933074952,9.114764012097572,7.275937854052333,7.899289025078755,7.955068608557732,7.3264718338047885,7.853997847950291,6.822037220001221
2018-08-31,7.337198662207089,7.860671008999446,7.311454335223176,7.826344966888428,5365000,0.0,0,0.06916770035175035,0.9318958899691816,8.192776417732238,9.116053648640586,7.269499186823891,7.899289025078755,7.955068608557732,7.3264718338047885,7.853997847950291,6.761358261108398
2018-09-04,7.8435094190990595,7.9464875588494674,7.620389707107756,7.706204414367676,2391400,0.0,0,-0.015350786737492461,0.917590554900719,8.178616857528686,9.122616647863602,7.2346170671937715,7.899289025078755,7.955068608557732,7.392978562744327,7.853997847950291,6.761358261108398
2018-09-05,7.697623486495421,7.809183342055935,7.620389677384488,7.671878337860107,1691800,0.0,0,-0.004454342846598958,0.9135032919763901,8.160595679283142,9.128796512280255,7.19239484628603,7.813473093043515,7.955068608557732,7.465921485410023,7.853997847950291,6.761358261108398
2018-09-06,7.671878120651239,7.706204166128969,7.388688040860596,7.431595802307129,2602100,0.0,0,-0.03131990954121411,0.8848924515060883,8.123266100883484,9.142661515593371,7.103870686173596,7.740530225957064,7.955068608557732,7.465921485410023,7.811520773086202,6.613995552062988
2018-09-07,7.448759514825159,7.517411608366611,7.26854756467947,7.302873611450195,1562500,0.0,0,-0.017320935406224813,0.8695652865120954,8.080358576774596,9.160875256250284,6.999841897298909,7.50882907564892,7.955068608557732,7.463776237875182,7.769043798222986,6.683343410491943
2018-09-10,7.362943832093628,7.646133916528191,7.362943832093628,7.568900108337402,2234600,0.0,0,0.03642764629941064,0.9012415032034037,8.04302899837494,9.140113049719794,6.945944947030086,7.448759022924049,7.955068608557732,7.448758570760656,7.769043798222986,6.7266845703125
2018-09-11,7.551737892223834,7.628971704482097,7.371525936420396,7.577482223510742,3503900,0.0,0,0.001133865561772529,0.9022633899067262,7.998834252357483,9.096162941708831,6.901505563006135,7.448759022924049,7.955068608557732,7.448758872433032,7.616127228149542,6.570653438568115
2018-09-12,7.594645006036918,7.637551948373623,7.388687918192391,7.483085155487059,1472400,0.0,0,-0.01245757696808536,0.8910233742814775,7.931469297409057,8.980159984453795,6.882778610364319,7.5560278823114375,7.955068608557732,7.500248595961722,7.565154524058227,6.362611293792725
2018-09-13,7.534573477281658,7.534573477281658,7.25138341483513,7.277127742767334,2073900,0.0,0,-0.027523061470001386,0.8664996831799203,7.8696822881698605,8.919701099108849,6.819663477230873,7.598935486842299,7.955068608557732,7.560318641087127,7.565154524058227,6.137232303619385
2018-09-14,7.298800076173385,7.420158093661453,7.203447879586671,7.411489486694336,1450300,0.085,0,0.018463568137929487,0.8824983591218071,7.811609864234924,8.827165591699519,6.79605413677033,7.574967719218069,7.955068608557732,7.650424394444867,7.565154524058227,6.336606025695801
2018-09-17,7.411488622623812,7.420157228580298,7.246788416185636,7.368146419525146,1656600,0.0,0,-0.0058480912975729105,0.8773374281477044,7.7479376792907715,8.704724052432754,6.791151306148789,7.506315610821303,7.955068608557732,7.684750097517346,7.565154524058227,6.466632843017578
2018-09-18,7.368147170622626,7.463499365812733,7.350809956942325,7.3941521644592285,1203600,0.0,0,0.003529482647788962,0.8804339753766075,7.681704115867615,8.537519363113724,6.825888868621507,7.454826022857819,7.955068608557732,7.7362395702437645,7.4546934399603,6.535979270935059
2018-09-19,7.394150651623078,7.454830060405333,7.28146126580881,7.342140674591064,1818500,0.0,0,-0.007034138426061043,0.8742408809188013,7.617589807510376,8.365533124872822,6.86964649014793,7.424790898057431,7.955068608557732,7.757693237262748,7.620388885887749,6.778695106506348
2018-09-20,7.3508098820623795,7.437494296213163,7.246789081091743,7.4201579093933105,1851000,0.0,0,0.01062595205676753,0.8835305226055107,7.5595216989517215,8.164334444504735,6.954708953398707,7.424790898057431,7.899289025078755,7.985104151800777,7.847799800425777,6.518642902374268
2018-09-21,7.428825903483723,7.550183921454344,7.229452902550416,7.238121509552002,3856300,0.0,0,-0.02453268543124476,0.8618551462255264,7.493209981918335,7.89910859740412,7.087311366432551,7.420499913980147,7.899289025078755,8.053756369237682,7.847799800425777,6.648669242858887
2018-09-24,7.238120923078149,7.255457308992766,7.082089316427618,7.220783710479736,1659100,0.0,0,-0.0023953451250280366,0.8597907057025348,7.452634072303772,7.790778060914912,7.1144900836926315,7.359820632400621,7.899289025078755,8.103100128141044,7.847799800425777,7.186110496520996
2018-09-25,7.246788501739502,7.333472908960209,7.16010492120257,7.246788501739502,2039500,0.0,0,0.0036013807229848815,0.8628871393758535,7.432666826248169,7.769899698224883,7.095433954271455,7.31613661894098,7.899289025078755,8.148152974494076,7.847799800425777,6.648669242858887
2018-09-26,7.281462681415288,7.472167896536709,7.203447700700191,7.4201579093933105,2115900,0.0,0,0.023923619077911962,0.8835305226055106,7.424800610542297,7.755356523752149,7.094244697332445,7.31613661894098,7.899289025078755,8.191060425355747,7.847799800425777,6.674673557281494
2018-09-27,7.4374946660430545,7.50684187013844,7.394152456812469,7.402821063995361,1209100,0.0,0,-0.0023364523517757085,0.8814661956381034,7.43151433467865,7.754385978543544,7.108642690813756,7.31613661894098,7.899289025078755,8.266148500611258,7.847799800425777,6.770026206970215
2018-09-28,7.411489281569977,7.671541696599137,7.411489281569977,7.515510082244873,2371200,0.0,0,0.015222442535804293,0.8948842641484585,7.441288089752197,7.761871269945986,7.120704909558408,7.376815506513378,7.813473093043515,8.330510216413163,7.847799800425777,6.752689838409424
2018-10-01,7.550183387811065,7.688877783298142,7.428825378417969,7.428825378417969,1644000,0.0,0,-0.011534107848739872,0.8845625725336299,7.421412110328674,7.688299861083648,7.154524359573701,7.3854835498628795,7.740530225957064,8.364836156984184,7.847799800425777,6.891384124755859
2018-10-02,7.463499032632887,7.50684123821494,6.969400038375393,6.986737251281738,2551400,0.0,0,-0.05950982889173484,0.8319224051981208,7.385438752174378,7.681748206648649,7.089129297700106,7.329138910836767,7.50882907564892,8.289748162929579,7.847799800425777,6.787363529205322
2018-10-03,7.047416116406438,7.142768311037952,6.839374100222753,7.090758323669434,2624000,0.0,0,0.014888361855687648,0.8443083670025644,7.356382751464844,7.6485361148510576,7.064229388078631,7.264125941760447,7.392930829536111,8.17389755824555,7.847799800425777,6.865379810333252
2018-10-04,7.108094136346794,7.142767734019363,6.934726147983951,6.9780683517456055,1862500,0.0,0,-0.015892513435080913,0.8308901849366249,7.333706378936768,7.6669752356427905,7.000437522230745,7.264125941760447,7.392930829536111,8.150298674331097,7.847799800425777,6.579322338104248
2018-10-05,6.978068552818655,7.030078537484287,6.8047001461183125,6.95206356048584,3546100,0.0,0,-0.003726646107337195,0.8277937512633061,7.31616587638855,7.689101414568659,6.943230338208441,7.246788964708227,7.37559385248389,7.927178816818243,7.847799800425777,6.735352993011475
2018-10-08,6.960731620269613,7.0300788204038085,6.68334281973283,6.822037220001221,2807800,0.0,0,-0.01870327268347538,0.8123112990077516,7.278822731971741,7.691005038045526,6.866640425897955,7.186110301515486,7.314915189291149,7.927178816818243,7.847799800425777,6.7266845703125
2018-10-09,6.813368658397922,6.934726252073477,6.718016056696181,6.761358261108398,2400400,0.0,0,-0.008894551134215556,0.8050861546218261,7.238016533851623,7.684408884112464,6.791624183590783,7.186110301515486,7.314915189291149,7.927178816818243,7.847799800425777,6.683343410491943
2018-10-10,6.796031859301414,6.969399850266493,6.674673852283964,6.761358261108398,3391600,0.0,0,0.0,0.8050861546218261,7.201930189132691,7.679209000654445,6.724651377610937,7.181775817791053,7.241928597169949,7.927178816818243,7.847799800425777,6.683343410491943
2018-10-11,6.7613582611083975,7.01274205467871,6.752689654889196,6.761358261108398,2851000,0.0,0,0.0,0.8050861546218261,7.176141715049743,7.6891798761218935,6.663103553977593,7.181775817791053,7.190439009206466,7.884270850800624,7.847799800425777,6.258590221405029
2018-10-12,6.882716156510044,6.9173897562230895,6.535979746037681,6.613995552062988,2655800,0.0,0,-0.021794838160410168,0.7875394321766565,7.1362670183181764,7.692570111164191,6.579963925472162,7.021410492126311,7.112428764667911,7.847799417257399,7.847799800425777,6.128564357757568
2018-10-15,6.6139962042279565,6.7960328273418975,6.587990795207985,6.683343410491943,2862400,0.0,0,0.010485017397286356,0.7957967968240777,7.102026867866516,7.681110638360867,6.522943097372165,6.839374028537817,7.112428764667911,7.731948842103327,7.847799800425777,6.015875816345215
2018-10-16,6.726684570312499,6.761358168028181,6.605326564965724,6.7266845703125,1659700,0.0,0,0.006484951791122517,0.8009575006870115,7.06865348815918,7.6535164253048364,6.483790551013524,6.839373740028522,7.112428764667911,7.701913815740891,7.847799800425777,6.197911739349365
2018-10-17,6.735353246202593,6.744021852924265,6.449295837858154,6.570653438568115,2399400,0.0,0,-0.02319584486434989,0.7823786147581382,7.030079126358032,7.639233104879827,6.420925147836237,6.739687329130981,7.069086810578147,7.701913815740891,7.847799800425777,6.15457010269165
2018-10-18,6.501305682755437,6.605326474477472,6.301932291950595,6.362611293792725,2184200,0.0,0,-0.031662321977633856,0.7576066911492508,6.977201795578003,7.624561619379664,6.329841971776341,6.666005556177202,6.995405037624368,7.755548245434585,7.847799800425777,6.336606025695801
2018-10-19,6.371279284237349,6.405952880377649,6.085221909408934,6.137232303619385,2521300,0.0,0,-0.03542240438186384,0.7307704405729563,6.922157335281372,7.6540809287748575,6.190233741787886,6.548981982043822,6.887049846353538,7.777002047700016,7.847799800425777,6.345274925231934
2018-10-22,6.171906228583638,6.414621827838902,6.137232630596014,6.336606025695801,3357600,0.0,0,0.03248593375858322,0.75451020069814,6.877948451042175,7.638936519168941,6.116960382915409,6.548981982043822,6.887049846353538,7.7650181638879,7.847799800425777,4.152167320251465
2018-10-23,6.26725942885809,6.50130644431993,6.189243619256833,6.466632843017578,2351800,0.0,0,0.02051994660777412,0.7699927097314868,6.838940668106079,7.600288055311591,6.077593280900567,6.548981982043822,6.887049846353538,7.730692109689517,7.847799800425777,4.594256401062012
2018-10-24,6.449295277953535,6.726684468836291,6.449295277953535,6.535979270935059,3791700,0.0,0,0.01072373051028519,0.7782499040455315,6.7947317361831665,7.517228999623136,6.072234472743197,6.501305832816012,6.887049846353538,7.704947315707775,7.847799800425777,4.680939674377441
2018-10-25,6.570653102585341,6.787363299442863,6.518642704940564,6.778695106506348,3228900,0.0,0,0.037135343536143894,0.8071504815892333,6.763525438308716,7.429372405819749,6.097678470797683,6.440627368375416,6.887049846353538,7.689929753307581,7.847799800425777,5.079686641693115
2018-10-26,6.752689905535424,6.917389709736521,6.45796389661326,6.518642902374268,4134400,0.0,0,-0.03836316577839238,0.7761856338559163,6.713682079315186,7.289091894586512,6.138272264043859,6.501305809572727,6.887049846353538,7.662039961568093,7.847799800425777,5.010340213775635
2018-10-29,6.570653435764808,6.908721244269284,6.570653435764808,6.648669242858887,3144500,0.0,0,0.01994684207003572,0.7916680861114709,6.6746742725372314,7.146259076167489,6.203089468906974,6.501305809572727,6.887049846353538,7.659894469529451,7.847799800425777,5.149034023284912
2018-10-30,6.648669277466751,7.316136291232049,6.648669277466751,7.186110496520996,4471400,0.0,0,0.08083440971881051,0.8556621085455121,6.684642934799195,7.189802905669627,6.179482963928763,6.7006791003204915,6.887049846353538,7.629554828739687,7.847799800425777,5.100666046142578
2018-10-31,7.229452666021651,7.229452666021651,6.640000636140915,6.648669242858887,3553900,0.0,0,-0.07478889364730756,0.7916680861114708,6.662538480758667,7.131713689416284,6.193363272101051,6.7006791003204915,6.887049846353538,7.6077128220098675,7.877835029264041,5.214991092681885
2018-11-01,6.64866856645703,6.735352558108373,6.492636968142738,6.674673557281494,3045000,0.0,0,0.003911205907939808,0.7947644630069973,6.647368741035462,7.09356913104133,6.201168351029593,6.726684460914031,6.887049846353538,7.6077128220098675,7.877835029264041,5.047900199890137
2018-11-02,6.718015811578376,6.94339460495156,6.67467360874757,6.770026206970215,1876600,0.0,0,0.01428573979991854,0.8061182613277372,6.63826687335968,7.066087677513421,6.21044606920594,6.752689955244441,6.887049846353538,7.6077128220098675,7.955068608557732,5.109459400177002
2018-11-05,6.778695244431892,6.839373836247805,6.449295639304138,6.752689838409424,2870700,0.0,0,-0.002560753537843352,0.8040539911381221,6.634799504280091,7.057648132479657,6.211950876080524,6.882715784592792,6.887049846353538,7.595144299778447,7.955068608557732,4.801661014556885
2018-11-06,6.735352931141753,6.9087209240463165,6.674673926954205,6.891384124755859,1714000,0.0,0,0.0205391169541862,0.8205685500995882,6.641300797462463,7.075700187867813,6.206901407057114,6.882715965268094,6.796031573811937,7.563006887909972,7.955068608557732,5.003929138183594
2018-11-07,6.900052934587995,6.943395140763457,6.53597972540823,6.787363529205322,2702300,0.0,0,-0.015094296540061447,0.8081826450729367,6.642601060867309,7.078600202297512,6.206601919437107,6.882715965268094,6.7006791003204915,7.418983993242843,7.955068608557732,5.118254661560059
2018-11-08,6.839374402159016,7.030079213182965,6.735353596145951,6.865379810333252,1982800,0.0,0,0.01149434250754866,0.8174721732040616,6.647802138328553,7.091839374730082,6.203764901927023,6.882715965268094,6.7006791003204915,7.328528385648279,7.899240415169793,5.179814338684082
2018-11-09,6.865379759179748,6.891384753818283,6.527311935485243,6.579322338104248,1780600,0.0,0,-0.04166666377269501,0.7834108350196337,6.646068477630616,7.090898780235938,6.201238175025293,6.882715965268094,6.7006791003204915,7.328528385648279,7.899240415169793,5.135843276977539
2018-11-12,6.596658597413802,6.856710589159438,6.51864279321916,6.735352993011475,2906400,0.0,0,0.023715307882632874,0.8019896641707148,6.648668956756592,7.094962049486228,6.202375864026956,6.839374152662895,6.7006791003204915,7.311191408596058,7.881903438117573,5.065489768981934
2018-11-13,6.778694966886023,6.839373556217521,6.64866876878127,6.7266845703125,1880300,0.0,0,-0.0012870034737554326,0.8009575006870112,6.648668956756592,7.094962049486228,6.202375864026956,6.7396874262435515,6.7006791003204915,7.250512745403317,7.821224774924831,4.898398399353027
2018-11-14,6.778696025775901,6.978069450455838,6.657338001471971,6.683343410491943,2336900,0.0,0,-0.0064431681562471255,0.7957967968240773,6.654303455352784,7.099344610559676,6.209262300145891,6.7396874262435515,6.7006791003204915,7.250512745403317,7.821224774924831,4.907192707061768
2018-11-15,6.5966594026619605,6.709348406169961,6.457964576792034,6.683343410491943,1759600,0.0,0,0.0,0.7957967968240773,6.670340061187744,7.094591206607499,6.246088915767989,6.7396874262435515,6.7006791003204915,7.211852207480501,7.816890291200398,5.065489768981934
2018-11-16,6.587989815516319,6.605326614504182,6.076554038703415,6.258590221405029,4529500,0.0,0,-0.06355399730322242,0.7452207293448069,6.676407957077027,7.0722057544968875,6.280610159657166,6.55331662594319,6.696345164967733,7.1861074134987595,7.816890291200398,4.872015476226807
2018-11-19,6.293264152719464,6.327937750254402,5.989869554275931,6.128564357757568,3291000,0.0,0,-0.020775583485680094,0.7297383338670445,6.666005873680115,7.105956007635226,6.2260557397250045,6.509974383729448,6.6530029227539895,7.066919628397111,7.747543238077257,5.047900199890137
2018-11-20,5.972533606579444,6.128565231062663,5.7731601856724,6.015875816345215,3284700,0.0,0,-0.018387428904081182,0.7163203221344815,6.643468022346497,7.162047184753026,6.124888859939968,6.401619699427682,6.544648238452225,6.975901396602864,7.747543238077257,4.94236946105957
2018-11-21,6.085222337298564,6.275927129479851,6.07655414432491,6.197911739349365,2504900,0.0,0,0.03025925543701491,0.7379956417366735,6.626564645767212,7.179349967320826,6.073779324213598,6.375614818064118,6.544648238452225,6.9759012523482165,7.747543238077257,5.162225246429443
2018-11-23,6.206580505361266,6.310601724042435,6.128565108027812,6.15457010269165,1631600,0.0,0,-0.006992941894049087,0.7328348810959475,6.595358395576477,7.180164156741876,6.010552634411079,6.375614818064118,6.544648238452225,6.904387069854565,7.704201283987493,5.153431415557861
2018-11-26,6.223916625565074,6.414621827838902,6.197911633745303,6.336606025695801,2755000,0.0,0,0.02957735795787575,0.7545102006981397,6.5862565517425535,7.181243935229245,5.991269168255862,6.375614818064118,6.544648238452225,6.830705296900785,7.6305195110337145,5.294139862060547
2018-11-27,6.26725911948184,6.353943118458661,6.1025593147549255,6.345274925231934,5880000,0.0,0,0.0013680666749644743,0.7555424209596355,6.571086835861206,7.174438646401243,5.967735025321169,6.375614818064118,6.544648238452225,6.71801591419868,7.522164319762883,5.51399564743042
2018-11-28,4.342872524109177,4.594256318278247,3.83143632953119,4.152167320251465,29744200,0.0,0,-0.3456284606770298,0.49440545702716027,6.41938967704773,7.5930778483991475,5.245701505696312,5.270392367850576,5.573786310381619,6.71801591419868,7.522164319762883,5.50520133972168
2018-11-29,4.030809798917892,4.654934992466735,4.022141192521844,4.594256401062012,15275900,0.0,0,0.10647188485260095,0.5470457379182536,6.316669034957886,7.730091303686851,4.9032467662289205,5.218381472017686,5.573786310381619,6.71801591419868,7.522164319762883,5.654703617095947
2018-11-30,4.516239898401472,4.724281459628903,4.334203325656549,4.680939674377441,8219500,0.0,0,0.018867748281395924,0.5573672591997058,6.216982340812683,7.789446593929818,4.644518087695547,5.123029078685046,5.573786310381619,6.694177839584775,7.522164319762883,5.214991092681885
2018-12-03,4.758955267040635,5.157702023988598,4.654934481752085,5.079686641693115,6324700,0.0,0,0.08518523951469348,0.6048467226722809,6.132465362548828,7.758330560665611,4.5066001644320455,5.123029078685046,5.573786310381619,6.663838607364477,7.522164319762883,5.434847831726074
2018-12-04,5.079687414518508,5.244387222953792,4.940992599690841,5.010340213775635,5428700,0.0,0,-0.013651713739248783,0.5965895283582361,6.045347881317139,7.715545305850295,4.375150456783983,5.123029078685046,5.573786310381619,6.6941778279631325,7.466384736283906,5.329316139221191
2018-12-06,4.897650242822241,5.218381216055047,4.819634444284904,5.149034023284912,5779000,0.0,0,0.027681515344596175,0.61310403054191,5.958230376243591,7.624538061404346,4.291922691082837,5.123029078685046,5.573786310381619,6.6941778279631325,7.466384736283906,5.127048969268799
2018-12-07,5.153431504908422,5.29413939495067,5.0391061345778,5.100666046142578,6233600,0.085,0,-0.009393602163746628,0.6073447751940098,5.873895502090454,7.534472608218085,4.213318395962823,5.123029078685046,5.53044449777642,6.793864473337015,7.466384736283906,5.302934169769287
2018-12-10,5.100666139599142,5.267756552414519,5.030311773946366,5.214991092681885,4713700,0.0,0,0.02241374861735279,0.6209576483092709,5.791376066207886,7.4097089489610966,4.173043183454675,5.092689723994925,5.430757771357078,6.793864473337015,7.466384736283906,5.382081508636475
2018-12-11,5.232579516407346,5.258962455628058,4.968752220913184,5.047900199890137,4923000,0.0,0,-0.032040494379026674,0.601061858269004,5.71480495929718,7.321516612273468,4.108093306320892,4.5627878622409295,5.430757771357078,6.806867153633784,7.466384736283906,5.4524359703063965
2018-12-12,5.056693948427557,5.171019303555954,4.96875152884515,5.109459400177002,3269800,0.0,0,0.012195011361002095,0.6083918144592596,5.633510279655456,7.188600171403097,4.078420387907816,4.658140293736257,5.430757771357078,6.81986990079899,7.466384736283906,5.417259693145752
2018-12-13,5.091871226534077,5.127048196510551,4.678541619639225,4.801661014556885,6836300,0.0,0,-0.060240890770059674,0.5717417496190209,5.537259101867676,7.046937524741857,4.027580678993495,4.814171360303609,5.430757771357078,6.884882815473165,7.380568804248666,5.540378570556641
2018-12-14,4.8016613375419865,5.241373911167864,4.8016613375419865,5.003929138183594,5369700,0.0,0,0.04212461542235202,0.5958261509426248,5.4532883882522585,6.882466144086118,4.024110632418399,4.974536938351378,5.430757771357078,6.839373769540016,7.307625937162216,5.232580184936523
2018-12-17,4.951163828246957,5.232579615433148,4.880809881450409,5.118254661560059,5933100,0.0,0,0.022847150752811185,0.6094390808356782,5.375033950805664,6.692061412127043,4.058006489484284,4.986340507294948,5.430757771357078,6.791697532794293,7.075924786854072,5.329316139221191
2018-12-18,5.135843330051111,5.311728203268225,5.135843330051111,5.179814338684082,4711500,0.0,0,0.012027474440918118,0.616769093803726,5.3210951566696165,6.575151911367071,4.067038401972162,4.995134911453725,5.404752889993514,6.791697532794293,7.015854734129201,5.338110446929932
2018-12-19,5.20619722553735,5.250168233715926,5.091871849456352,5.135843276977539,3830400,0.0,0,-0.008488926210763359,0.6115333864773468,5.271459102630615,6.470544355749973,4.072373849511258,4.995134911453725,5.404752889993514,6.791697532794293,7.015854734129201,5.109459400177002
2018-12-20,5.118255234990998,5.241374655678814,5.012723883630222,5.065489768981934,3354300,0.0,0,-0.013698530932783615,0.6031562774662569,5.2239398002624515,6.375116253472402,4.072763347052501,4.995134911453725,5.404752889993514,6.770026626491694,7.015854734129201,5.074283599853516
2018-12-21,5.039106293842452,5.179814188331877,4.889603946276137,4.898398399353027,5532100,0.0,0,-0.03298622191521838,0.5832604306481979,5.158964133262634,6.225623043665265,4.092305222860003,4.995134911453725,5.404752889993514,6.7201832632820215,7.015854734129201,5.100666046142578
2018-12-24,4.907192707061768,5.030312121613918,4.792867326734886,4.907192707061768,3482500,0.0,0,0.0017953434963358106,0.5843075834690321,5.09659526348114,6.063255196591534,4.129935330370746,4.995134911453725,5.270392367850576,6.7201832632820215,7.015854734129201,5.039106369018555
2018-12-26,4.9511643829576375,5.083078257651621,4.784073530924277,5.065489768981934,3711200,0.0,0,0.032258171090849164,0.6031562774662568,5.033039450645447,5.812398724535868,4.253680176755026,4.995134911453725,5.218381472017686,6.7201832632820215,6.947202625732434,5.171019554138184
2018-12-27,4.995134884328637,4.995134884328637,4.643365146894835,4.872015476226807,4056700,0.0,0,-0.038194587607273234,0.5801189721856951,4.959376478195191,5.4518582216739615,4.46689473471642,4.9775466750815305,5.123029078685046,6.624830895455462,6.891379102416192,5.250168323516846
2018-12-28,4.872015336227363,5.171020023796671,4.872015336227363,5.047900199890137,3585700,0.0,0,0.03610101907959162,0.6010618582690039,5.004163122177124,5.3270679839734605,4.681258260380787,4.9775466750815305,5.123029078685046,6.581488653241719,6.839373668787037,5.127048969268799
2018-12-31,5.056694836260735,5.0918718102699225,4.836838539032008,4.94236946105957,2554700,0.0,0,-0.020905868708114173,0.588496137974577,5.021568775177002,5.285844996339485,4.757292554014519,4.9775466750815305,5.123029078685046,6.473133968939953,6.731018984485271,5.127048969268799
2019-01-02,4.880809482259635,5.276550610294711,4.836838059436819,5.162225246429443,4678400,0.0,0,0.044483883105481015,0.6146747313842651,5.045633053779602,5.264814926137691,4.826451181421512,4.959957878594773,5.123029078685046,6.460131528258172,6.731018984485271,5.091871738433838
2019-01-03,5.1182544436572,5.241373845309514,5.047900080513294,5.153431415557861,4049300,0.0,0,-0.0017034961575270735,0.613627635341223,5.0493202924728395,5.273152342519515,4.8254882424261645,4.959957878594773,5.123029078685046,6.460131528258172,6.731018984485271,5.065489768981934
2019-01-04,5.197402969449966,5.399670788903385,5.17102044741057,5.294139862060547,3573500,0.0,0,0.027303836057252395,0.6303820236967792,5.063510274887085,5.31069013826564,4.816330411508529,5.0215179678991095,5.092689723994925,6.460131528258172,6.731018984485271,5.083077907562256
2019-01-07,5.2941393609789,5.584349592000093,5.20619693026681,5.51399564743042,3924900,0.0,0,0.04152814075529587,0.6565606171064673,5.08175835609436,5.396884039234662,4.766632672954058,5.113857369447464,4.7078929607656415,6.460131528258172,6.731018984485271,4.995133876800537
2019-01-08,5.540378310253746,5.593143766051845,5.267756159616385,5.50520133972168,4037500,0.0,0,-0.0015949065380271854,0.6555134642856331,5.101985120773316,5.467814156515392,4.736156085031239,5.118254456473339,4.807642479286844,5.422089339116098,5.760157056414666,4.845633029937744
2019-01-09,5.531584212345731,5.681086556356576,5.513995725952842,5.654703617095947,3236200,0.0,0,0.02715655035094966,0.6733149486842313,5.1239707469940186,5.5610778758975465,4.686863618090491,5.162225851625705,5.007644941006562,5.396083891199653,5.760157056414666,4.995133876800537
2019-01-10,5.443641837532564,5.461230324110108,5.083077653021598,5.214991092681885,5578900,0.0,0,-0.07776049006081831,0.6209576483092707,5.132325291633606,5.569687219934729,4.694963363332483,5.258962307896697,5.162225851625705,5.348407694533332,5.760157056414666,5.109459400177002
2019-01-11,5.241374463455009,5.601938677631493,5.241374463455009,5.434847831726074,9467900,0.0,0,0.04215860298452112,0.6471363552745432,5.148594713211059,5.6053372363836305,4.691852190038488,5.258962307896697,5.162225851625705,5.348407694533332,5.760157056414666,4.995133876800537
2019-01-14,5.426053019153556,5.505201413583906,5.329316139221191,5.329316139221191,4494200,0.0,0,-0.019417598389570134,0.6345705214245319,5.174977469444275,5.608643791798961,4.741311147089588,5.258962307896697,5.162225851625705,5.348407694533332,5.760157056414666,4.722513198852539
2019-01-15,5.285345777364278,5.3029342650034845,5.100666447481301,5.127048969268799,2892600,0.0,0,-0.0379536819862879,0.6104862336565122,5.181133460998535,5.60828931966772,4.753977602329351,5.364493318434935,5.162225851625705,5.348407694533332,5.760157056414666,4.977545738220215
2019-01-16,5.118254843202924,5.39087660638598,5.118254843202924,5.302934169769287,5505500,0.0,0,0.03430534827241427,0.6314291765176133,5.190367436408996,5.619689562087937,4.761045310730055,5.382082104689086,5.162225851625705,5.326736788230733,5.760157056414666,5.047900199890137
2019-01-17,5.285345049612034,5.426052931351268,5.285345049612034,5.382081508636475,2252200,0.0,0,0.014925197321586037,0.6408533815717453,5.200480794906616,5.637873868647338,4.763087721165894,5.382082104689086,5.162225851625705,5.261723747676001,5.760157056414666,5.065489768981934
2019-01-18,5.390876475836786,5.522790337238617,5.346905048921975,5.4524359703063965,2682200,0.0,0,0.013071979968535707,0.6492306041384196,5.216310429573059,5.6660769718445145,4.766543887301603,5.382082104689086,5.162225851625705,4.9967728167990035,5.760157056414666,5.171019554138184
2019-01-22,5.38208271482735,5.461231125715083,5.258963290712945,5.417259693145752,3519800,0.0,0,-0.006451479183288367,0.6450421064106668,5.23389892578125,5.686231028137825,4.781566823424675,5.382082104689086,5.162225851625705,5.044449032546668,5.760157056414666,5.135843276977539
2019-01-23,5.426053201284809,5.601938062208714,5.373287743007637,5.540378570556641,3018400,0.0,0,0.0227271506969966,0.6597020755689702,5.2659979343414305,5.709473829140774,4.822522039542087,5.342508165326546,5.162225851625705,5.122464565830343,5.760157056414666,5.109459400177002
2019-01-24,5.522790876072125,5.557967853298989,5.1886091730742665,5.232580184936523,2907700,0.0,0,-0.05555547905261515,0.6230520107287315,5.282267308235168,5.694330639557381,4.870203976912955,5.351302562556397,5.162225851625705,5.202647354854228,5.6691387838730645,5.153431415557861
2019-01-25,5.276550682715148,5.390876048149528,5.214990773786812,5.329316139221191,2427600,0.0,0,0.018487237818762825,0.634570521424532,5.2954586267471315,5.695507000810271,4.895410252683992,5.351302254845008,5.162225851625705,5.208549139326013,5.573786310381619,5.302934169769287
2019-01-28,5.3117275097208525,5.408464387030728,5.294139024695654,5.338110446929932,2322800,0.0,0,0.001650175647118779,0.6356176742453662,5.318763375282288,5.66798664262477,4.969540107939805,5.351302254845008,5.162225851625705,5.1999439007236194,5.573786310381619,4.757689952850342
2019-01-29,5.311727174887805,5.320521626517313,5.065488400057065,5.109459400177002,2226200,0.0,0,-0.042833704739929535,0.6083918144592595,5.3218413352966305,5.662344082835315,4.981338587757946,5.33371323113289,5.162225851625705,5.1999439007236194,5.573786310381619,4.669747829437256
2019-01-30,5.127049063743429,5.171020493323004,5.012723682310636,5.074283599853516,2209700,0.0,0,-0.006884446585928017,0.6042033735092989,5.328437042236328,5.64314688990386,5.013727194568797,5.307330872259675,5.162225851625705,5.1999439007236194,5.573786310381619,4.388331413269043
2019-01-31,5.083077559887298,5.162225538364767,5.056694620833081,5.100666046142578,2719800,0.0,0,0.005199245523018092,0.6073447751940095,5.3253590822219845,5.64770630653013,5.003011857913839,5.307330872259675,5.162225851625705,5.1999439007236194,5.573786310381619,4.485068321228027
2019-02-01,5.100666283447364,5.144637291459991,4.93357544657712,5.039106369018555,1656000,0.0,0,-0.012068948754364817,0.6000147622259618,5.319642829895019,5.657824122345004,4.981461537445035,5.267756754392917,5.162225851625705,5.1327636396521505,5.573786310381619,4.441097259521484
2019-02-04,5.03031125664522,5.223785008444587,4.977545802338817,5.171019554138184,1953800,0.0,0,0.026177892558620686,0.6157218842050994,5.313486814498901,5.657794780306109,4.969178848691694,5.267756754392917,5.162225851625705,5.106758191735706,5.573786310381619,4.405920505523682
2019-02-05,5.188608827145379,5.276551264349345,5.135843364823,5.250168323516846,1166600,0.0,0,0.0153062212490227,0.6251462595926078,5.300295448303222,5.632750178536886,4.967840718069558,5.245771649938055,5.258962307896697,5.050287876883289,5.573786310381619,4.256417274475098
2019-02-06,5.258962836234158,5.285345777364278,5.07428350635118,5.127048969268799,912900,0.0,0,-0.02345055370826188,0.6104862336565123,5.281387829780579,5.6079760597045105,4.954799599856647,5.171019916803925,5.258962307896697,5.050287876883289,5.573786310381619,4.129227161407471
2019-02-07,5.127048969268799,5.188608885677333,5.083077959842095,5.127048969268799,1252200,0.0,0,0.0,0.6104862336565123,5.255005097389221,5.538701023410936,4.971309171367506,5.171019916803925,5.258962307896697,5.050287876883289,5.573786310381619,4.13818359375
2019-02-08,5.109460225190293,5.2061971120221004,5.083077704726911,5.091871738433838,1082500,0.0,0,-0.006861106856168364,0.6062976223731752,5.2488491296768185,5.54105996354817,4.956638295805467,5.127048536547217,5.3073310014668476,5.041493478639909,5.573786310381619,4.1113128662109375
2019-02-11,5.10066674632131,5.18860918966975,5.039106826306078,5.065489768981934,1723400,0.0,0,-0.00518119285149532,0.6031562774662567,5.2303812265396115,5.519882307403254,4.940880145675969,5.109460611970699,5.3073310014668476,5.041493478639909,5.573786310381619,4.057569980621338
2019-02-12,5.065489420103948,5.206197319770407,5.039106479245178,5.083077907562256,1690300,0.0,0,0.0034721496602405644,0.6052505263301331,5.218069314956665,5.510654366754486,4.925484263158844,5.109460611970699,5.3073310014668476,5.057103845947017,5.573786310381619,4.0038275718688965
2019-02-13,5.109459228078181,5.1446361947263,4.951162878161649,4.995133876800537,1902500,0.0,0,-0.017301334420013803,0.5947788845662061,5.211473560333252,5.517747736546971,4.905199384119532,5.109460611970699,5.3073310014668476,4.910875165106553,5.573786310381619,3.7888567447662354
2019-02-14,4.959957986686529,5.003929414211716,4.819250089554109,4.845633029937744,1622800,0.0,0,-0.02992929730214766,0.5769775705009843,5.1886085033416744,5.530747812351057,4.8464691943322915,5.052297933459194,5.250168322955343,4.962948467880092,5.573786310381619,3.7888567447662354
2019-02-15,4.863220461541353,5.047899326772715,4.854426010208063,4.995133876800537,1799200,0.0,0,0.030852696838397087,0.5947788845662061,5.169261121749878,5.509181344133593,4.829340899366164,5.052297933459194,5.210594383592801,5.0849353963161334,5.573786310381619,3.824685573577881
2019-02-19,5.003928496678113,5.127047884093483,4.924780109382679,5.109459400177002,2299900,0.0,0,0.022887379236708805,0.6083918144592595,5.152112293243408,5.466542669320892,4.837681917165924,5.052297933459194,5.210594383592801,5.210594079761201,5.573786310381619,3.887385368347168
2019-02-20,5.074282261430064,5.162224678050359,4.977545393476477,4.995133876800537,2361600,0.0,0,-0.022375267992638226,0.5947788845662061,5.1310060024261475,5.427372152215294,4.834639852637001,5.012723704662259,5.210594075881412,5.210594079761201,5.573786310381619,3.770942449569702
2019-02-21,4.959957984846728,5.047900420521869,4.704924711717511,4.722513198852539,3113300,0.0,0,-0.05457725151555215,0.5623174877870967,5.090112733840942,5.374586192244094,4.80563927543779,4.9555610157439585,5.1534313869631125,5.210594079761201,5.573786310381619,3.824685573577881
2019-02-22,4.72251250268655,4.977545738220215,4.6873355336020825,4.977545738220215,1842300,0.0,0,0.05400356306672527,0.5926846357023297,5.077361011505127,5.357942153103868,4.796779869906387,4.946766426686245,5.144636797905399,5.2633595850303205,5.573786310381619,4.0038275718688965
2019-02-25,5.021517680012017,5.127048598209681,4.995134740791304,5.047900199890137,1884900,0.0,0,0.014134367692435923,0.6010618582690038,5.063290214538574,5.318761109288292,4.807819319788856,4.946766426686245,5.144636797905399,5.272153978157396,5.53044449777642,3.842599391937256
2019-02-26,5.012723883630222,5.1358437236606855,4.986341360297014,5.065489768981934,2623000,0.0,0,0.0034845318637994893,0.6031562774662567,5.049659180641174,5.271569984909906,4.827748376372442,4.924780105826221,5.144636797905399,5.272153978157396,5.430757771357078,3.7798995971679688
2019-02-27,5.0742826782385,5.23257904115771,5.056694193469699,5.171019554138184,2487700,0.0,0,0.020833086230368503,0.6157218842050992,5.052737188339234,5.279587284368771,4.825887092309697,4.959957287379897,5.144636797905399,5.272153978157396,5.430757771357078,3.7888567447662354
2019-02-28,5.188608738397398,5.250168233715926,5.047900421935164,5.135843276977539,2764400,0.0,0,-0.006802580572818462,0.6115333864773465,5.055815172195435,5.28543493506844,4.8261954093224295,4.968751883659005,5.144636797905399,5.272153978157396,5.430757771357078,3.6813714504241934
2019-03-01,5.24137323922188,5.373287078266758,5.056693948427557,5.109459400177002,2872100,0.0,0,-0.005137204423430908,0.6083918144592594,5.056254839897155,5.286253906362309,4.826255773432002,5.03031130593442,5.1226516934505355,5.252367008476126,5.430757771357078,3.6186716556549072
2019-03-04,5.135842929607531,5.285345269856632,5.056694533159751,5.153431415557861,3411200,0.0,0,0.008606001523240536,0.6136276353412229,5.0619710922241214,5.295674564379772,4.828267620068471,5.03031130593442,5.047899960316405,5.2567642070910505,5.430757771357078,3.5291006565093994
2019-03-05,5.214991313809978,5.311728203759649,5.179814339163301,5.302934169769287,5058900,0.0,0,0.029010331593836147,0.6314291765176133,5.068566823005677,5.32110753727051,4.816026108740843,5.03031130593442,5.047899960316405,5.256764053235356,5.430757771357078,3.582843065261841
2019-03-06,4.968752208041501,5.206196983042435,4.7049244938882,4.757689952850342,8646400,0.0,0,-0.10281934481239596,0.5665060422926416,5.043942904472351,5.316334846246971,4.771550962697731,5.03031130593442,5.03031130593442,5.256764053235356,5.404752889993514,3.4574437141418457
2019-03-07,4.757690266844784,4.810455729289301,4.660953795367813,4.669747829437256,4554200,0.0,0,-0.018484206470915532,0.5560346276398832,5.021077847480774,5.335716930825703,4.706438764135844,5.017120436817285,5.017120436817285,5.247969541379298,5.404752889993514,3.323086977005005
2019-03-08,4.555422246509026,4.555422246509026,4.194858059663201,4.388331413269043,6112400,0.0,0,-0.06026372867378704,0.522525907706563,4.9841419696807865,5.3990643941925995,4.569219545168973,4.784072568964979,4.784072568964979,5.2347783619426895,5.404752889993514,3.305172681808472
2019-03-11,4.370742947514714,4.529039747838564,4.32677194024678,4.485068321228027,4210900,0.0,0,0.02204412083975238,0.5340445319579478,4.953801798820495,5.419045710699805,4.4885578869411855,4.784072568964979,4.784072568964979,5.2347783619426895,5.404752889993514,3.367872714996338
2019-03-12,4.485068266250425,4.511451205761868,4.30038894769812,4.441097259521484,5549400,0.0,0,-0.009803877791209059,0.5288088246315686,4.9225821733474735,5.435551111911574,4.409613234783373,4.784072568964979,4.784072568964979,5.214991303009311,5.270392367850576,3.3947439193725586
2019-03-13,4.41471453956979,4.48506848930913,4.370743111311393,4.405920505523682,5105000,0.0,0,-0.007920734886493586,0.5246202701260237,4.888724303245544,5.4430397819728675,4.334408824518221,4.784072568964979,4.784072568964979,5.214991303009311,5.218381472017686,3.305172681808472
2019-03-14,4.353153725736781,4.405919596497285,4.247622822900836,4.256417274475098,3574700,0.0,0,-0.03393234872511941,0.5068186721718412,4.851788473129273,5.468470977206981,4.235105969051564,4.753293131711425,4.784072568964979,5.252366978917376,5.123029078685046,3.1439449787139893
2019-03-15,4.281498075104638,4.299412275121469,4.093398761373811,4.129227161407471,6365800,0.088,0,-0.029881965245832753,0.49167393422406314,4.815968179702759,5.509266941481202,4.122669417924317,4.702563482566729,4.733342919820284,5.214991112350311,5.123029078685046,3.2245588302612305
2019-03-18,4.147140906329576,4.200883500482517,4.030698405444118,4.13818359375,5714500,0.0,0,0.0021690335727320154,0.4927403914942324,4.773120665550232,5.5212068938654175,4.025034437235047,4.618447694243277,4.701992741855438,5.214991112350311,5.123029078685046,3.3768296241760254
2019-03-19,4.13818395205999,4.245669149672616,4.1113128662109375,4.1113128662109375,3092600,0.0,0,-0.006493362831858418,0.48954084935034836,4.723213338851929,5.507589154801062,3.938837522902796,4.420577067366709,4.701992741855438,5.217189769007032,5.123029078685046,3.3499584197998047
2019-03-20,4.102355262907135,4.129226773965155,3.950084363497434,4.057569980621338,3243300,0.0,0,-0.013071952278623344,0.48314159472920387,4.676335144042969,5.501559485107743,3.851110802978195,4.25275330500323,4.661685720882096,5.208395806718773,5.123029078685046,3.27830171585083
2019-03-21,4.03069908704348,4.102355891364712,3.959042282722249,4.0038275718688965,3538600,0.0,0,-0.013244973964493867,0.4767423968858515,4.640400862693786,5.516064005464658,3.764737719922915,4.2395620556679985,4.661685720882096,5.208395806718773,5.092689723994925,3.179773330688477
2019-03-22,4.003827134232707,4.030698646470115,3.7440710334066223,3.7888567447662354,4307500,0.0,0,-0.0536913299196643,0.4511454635679617,4.580966413021088,5.516985836307633,3.6449469897345423,4.127761119584245,4.55867905583669,5.208395806718773,4.756261442943883,3.1349878311157227
2019-03-25,3.788856744766236,3.833642456125849,3.7351141473996177,3.7888567447662354,4444800,0.0,0,0.0,0.4511454635679617,4.518014240264892,5.489037116729865,3.54699136379992,4.110091318354374,4.5542006128331876,5.151233128207268,4.851613874439209,3.072288274765014
2019-03-26,3.806771372438969,3.851557088840373,3.753028769022232,3.824685573577881,3312400,0.0,0,0.009456369354987615,0.45541166170428743,4.45597403049469,5.437764338284442,3.474183722704938,4.070516871948452,4.5542006128331876,5.131446158525997,5.007644941006562,3.099159240722656
2019-03-27,3.806771252213887,3.914256455652774,3.788857051640739,3.887385368347168,3706900,0.0,0,0.01639345079826615,0.4628774303733933,4.3917923212051395,5.345334998923038,3.4382496434872407,4.017263211260543,4.5542006128331876,5.131446158525997,5.162225851625705,3.17081618309021
2019-03-28,3.905299153117268,3.994870146446249,3.7530282509039057,3.770942449569702,5521400,0.0,0,-0.029954045648675875,0.44901237869424687,4.323547279834747,5.248971789365956,3.398122770303538,3.990391648536117,4.5542006128331876,5.111658890271835,5.162225851625705,3.081245183944702
2019-03-29,3.788857171300057,3.851557088840373,3.770942970161144,3.824685573577881,5462200,0.0,0,0.014251907772899308,0.45541166170428743,4.259308588504791,5.134041087332096,3.384576089677487,3.990391648536117,4.5542006128331876,5.054496201353535,5.162225851625705,3.0275025367736816
2019-04-01,3.860513963226433,4.111313205458988,3.8425997621461248,4.0038275718688965,5182000,0.0,0,0.04683835961015581,0.47674239688585146,4.201828396320343,4.978585681707911,3.4250711109327745,3.9321704606823866,4.5542006128331876,5.045701612295822,5.162225851625705,3.152902126312256
2019-04-02,4.003827186126802,4.039656011943793,3.8067709932284672,3.842599391937256,3225300,0.0,0,-0.040268512326664174,0.4575446898002101,4.1288116574287415,4.731093072379549,3.526530242477934,3.9232136764293024,4.5542006128331876,5.045701612295822,5.162225851625705,3.3141300678253174
2019-04-03,3.851556823902768,3.9052994236227048,3.7709427107687534,3.7798995971679688,2637500,0.0,0,-0.016317026151840608,0.4500789211311043,4.079922139644623,4.625567149207456,3.5342771300817892,3.9232136764293024,4.5542006128331876,5.03470845186581,5.162225851625705,3.5738861560821533
2019-04-04,3.79781363077324,3.905299252614673,3.7440710334066223,3.7888567447662354,6973900,0.0,0,0.0023696787091851412,0.4511454635679617,4.035877585411072,4.522367632415739,3.5493875384064038,3.9232136764293024,4.5542006128331876,5.052297042642648,5.162225851625705,3.5291006565093994
2019-04-05,3.806770840886639,3.806770840886639,3.6097146558742255,3.6813714504241934,5097300,0.0,0,-0.02836879343367038,0.43834701110346475,4.000529587268829,4.48210334520132,3.5189558293363388,3.8605139306666065,4.491500867070492,5.056694340782202,5.162225851625705,3.5918004512786865
2019-04-08,3.681371566415753,3.7171999648196072,3.5649290580491253,3.6186716556549072,3576100,0.0,0,-0.017031640412722093,0.43088124243435905,3.957209753990173,4.4114535599514095,3.502965948028937,3.8381211317540567,4.438328630904387,5.076481499692478,5.162225851625705,3.538057804107666
2019-04-09,3.60971476640054,3.663457363958568,3.5201435569163952,3.5291006565093994,3198100,0.0,0,-0.0247524527420262,0.42021587484357703,3.911609923839569,4.344788503839058,3.4784313438400805,3.815728381187691,4.415935880338022,5.039105633125413,5.162225851625705,3.403701066970825
2019-04-10,3.547014668777876,3.6007572635038225,3.538057569656885,3.582843065261841,2280200,0.0,0,0.015228358152186372,0.42661507268692933,3.8704560518264772,4.261921970665443,3.4789901329875113,3.815728381187691,4.363170269979415,5.039105633125413,5.162225851625705,3.466400623321533
2019-04-11,3.573886224692824,3.591800637784909,3.4395295146038647,3.4574437141418457,3754400,0.0,0,-0.034999956413338085,0.4116835637376137,3.8305073738098145,4.219303002817268,3.441711744802361,3.775421360031426,4.124992621946583,5.03031130593442,5.162225851625705,3.3768296241760254
2019-04-12,3.4574434638120275,3.4574434638120275,3.314129877884537,3.323086977005005,2078600,0.0,0,-0.038860137212729406,0.3956854839625446,3.7902003645896913,4.212821979292796,3.367578749886586,3.676892944914165,3.9347760621967813,5.017120436817285,5.162225851625705,3.3320443630218506
2019-04-15,3.33204397838162,3.3857865715279165,3.260387187519891,3.305172681808472,2366200,0.0,0,-0.005390859559348149,0.39355239908882983,3.7485498189926147,4.189770678855991,3.3073289591292383,3.5828433055712976,3.894713467679227,4.784072568964979,4.937972308009888,3.17081618309021
2019-04-16,3.314130116405623,3.403701114056814,3.296215916875385,3.367872714996338,2205600,0.0,0,0.018970274543585575,0.4010181961468317,3.711377811431885,4.1493059715476726,3.2734496513160973,3.582843220067282,3.8859191966408795,4.784072568964979,4.937972308009888,3.179773330688477
2019-04-17,3.3678726208285394,3.4395294169459243,3.3678726208285394,3.3947439193725586,1839200,0.0,0,0.00797868763168208,0.4042177950685079,3.6782365083694457,4.106463431990277,3.250009584748614,3.533579014203265,3.8727278384145105,4.784072568964979,4.937972308009888,3.323086977005005
2019-04-18,3.3857865715279165,3.439529164674213,3.2872584840930394,3.305172681808472,2062100,0.0,0,-0.026385270786681847,0.3935523990888299,3.6433037638664247,4.073594025745878,3.213013501986971,3.488793576169749,3.833153392008588,4.784072568964979,4.937972308009888,3.341001510620117
2019-04-22,3.296215886889919,3.314130086257193,3.0722881812448937,3.1439449787139893,4826200,0.0,0,-0.04878041742928385,0.37435474878098063,3.6110581755638123,4.087586612722914,3.1345297384047104,3.367872772601731,3.685850228183181,4.768682850338202,4.937972308009888,3.108116388320923
2019-04-23,3.1618591333625443,3.251430342486194,3.1170736355777686,3.2245588302612305,2801600,0.0,0,0.025640986751688022,0.38395357393490526,3.582843279838562,4.080509740121684,3.0851768195554405,3.336522722374358,3.658978665458755,4.717953201193507,4.887242658865193,3.018545150756836
2019-04-24,3.206644524689763,3.4932721281047603,3.1708161276514115,3.3768296241760254,4482500,0.0,0,0.047222209899162815,0.4020847101947931,3.560450482368469,4.052791677382828,3.06810928735411,3.3320444095149013,3.658978665458755,4.660220218049357,4.855892480900347,3.018545150756836
2019-04-25,3.3499584197998047,3.376829718327786,3.2603874247065336,3.3499584197998047,2480100,0.0,0,-0.00795752447320397,0.3988851112731169,3.533579134941101,4.009842756873931,3.057315513008271,3.282780154674827,3.6007574776050246,4.561284904611074,4.855892480900347,3.1349878311157227
2019-04-26,3.341001414178084,3.367872713461193,3.188730504686364,3.27830171585083,3905400,0.0,0,-0.021390326377023205,0.3903528285560497,3.5089470982551574,3.9845077001159193,3.0333864963943955,3.282780154674827,3.5918006933519404,4.457219512942663,4.8155854599270045,3.341001510620117
2019-04-29,3.296215838417517,3.3320442366251912,3.16185913158464,3.179773330688477,3909300,0.0,0,-0.03005470322818704,0.3786208901395142,3.476701486110687,3.949676246965174,3.0037267252562003,3.282780154674827,3.5918006933519404,4.450623888275047,4.8155854599270045,3.1976873874664307
2019-04-30,3.170816229302676,3.224558826583104,3.134987831115723,3.1349878311157227,2791900,0.0,0,-0.014084494369621448,0.3732882063441232,3.4332594990730287,3.8616310803431184,3.004887917802939,3.282780154674827,3.5918006933519404,4.343220087710467,4.712578794881599,3.018545150756836
2019-05-01,3.126030874502755,3.1618592743279152,3.045416974896144,3.072288274765014,2994200,0.0,0,-0.01999993611726203,0.3658224660639134,3.3947439432144164,3.807018242685557,2.9824696437432756,3.2693445515004522,3.5783650901775657,4.332145965593781,4.708100351878096,3.045417070388794
2019-05-02,3.0902021417314263,3.179773131643723,3.0364595477840486,3.099159240722656,2444000,0.0,0,0.008746238488866132,0.3690220365966935,3.360706925392151,3.751803944396168,2.9696099063881336,3.2648658379444044,3.573886376621518,4.31235874239082,4.668526412515555,3.054373979568481
2019-05-03,3.1170735865930426,3.251430291390056,3.108116487176848,3.17081618309021,2064100,0.0,0,0.02312141351950836,0.37755434770265683,3.3298048973083496,3.6752352922837312,2.984374502332968,3.2648658379444044,3.573886376621518,4.285731912046865,4.668526412515555,3.305172681808472
2019-05-06,3.12603068095324,3.1618590785600693,3.045416786337872,3.081245183944702,2486700,0.0,0,-0.02824856250677199,0.3668889801118748,3.299798583984375,3.621018829815452,2.978578338153298,3.2648658379444044,3.573886376621518,4.272296130684652,4.668526104804166,3.179773330688477
2019-05-07,3.063330933779793,3.1439448270435437,2.955845529207368,3.0275025367736816,3634300,0.0,0,-0.017441860015247945,0.3604897538796264,3.2702401280403137,3.57696820216828,2.9635120539123476,3.166337623767577,3.5335793673331777,4.272296130684652,4.668526104804166,3.126030683517456
2019-05-08,3.0364598286554028,3.2066447252308032,2.9827170161827503,3.152902126312256,3506100,0.0,0,0.04142014350620782,0.37542129121783807,3.2514302015304564,3.5375886937824763,2.9652717092784364,3.1618591213342806,3.497750770575581,4.243185536757787,4.668526104804166,3.0966265201568604
2019-05-09,3.1170736623271527,3.3230871674591387,3.081245263791868,3.3141300678253174,3730800,0.0,0,0.051136361058450985,0.39461896991458334,3.2379945516586304,3.482420811104477,2.9935682922127835,3.14394488291628,3.4305724764150365,4.238707144631245,4.668526104804166,2.9128506183624268
2019-05-10,3.323087153811102,3.708242650037663,3.233515944286663,3.5738861560821533,8996300,0.0,0,0.07837836262934728,0.425548558638968,3.2438166737556458,3.513412210401332,2.9742211371099594,3.3320440896225154,3.4305723909110206,4.238707144631245,4.668526104804166,2.857717752456665
2019-05-13,3.51118645732339,3.806770957446641,3.457443646211264,3.5291006565093994,7286100,0.0,0,-0.012531316784262003,0.42021587484357703,3.2541173577308653,3.549816125325953,2.9584185901357776,3.3813082433270045,3.3813082433270045,4.238707144631245,4.668526104804166,2.949605703353882
2019-05-14,3.5380576419012657,3.663457245709791,3.4395293360044046,3.5918004512786865,4598800,0.0,0,0.017766507921398667,0.4276816435126829,3.2684487462043763,3.598805849718864,2.9380916426898884,3.3813082433270045,3.3813082433270045,4.176007398868549,4.60582635904147,3.078248977661133
2019-05-15,3.5738862029658134,3.654500100396645,3.4932723055349824,3.538057804107666,3145500,0.0,0,-0.014962592688546494,0.4212824172804345,3.276958000659943,3.6255857487638634,2.928330252556022,3.3813082433270045,3.3813082433270045,4.138224881329222,4.561448455674057,3.1058156490325928
2019-05-16,3.547014874784266,3.627628985109245,3.4037010669708256,3.403701066970825,5546700,0.0,0,-0.03797471510523465,0.4052843375053654,3.277405858039856,3.6266670034130506,2.9281447126666613,3.3813082433270045,3.3813082433270045,4.115832130762857,4.464303971973561,3.050682544708252
2019-05-17,3.3678725312799007,3.502229233981673,3.251430240685244,3.466400623321533,4656400,0.0,0,0.018420993829081578,0.41275007778557515,3.285467255115509,3.644335866460926,2.9265986437700917,3.3813082433270045,3.3813082433270045,4.089449325583553,4.464303971973561,2.9312281608581543
2019-05-20,3.457443517512317,3.457443517512317,3.3499583263972617,3.3768296241760254,1449200,0.0,0,-0.02583977124365966,0.40208471019479314,3.297111487388611,3.6519022983899503,2.9423206763872716,3.394743986814696,3.3813082433270045,3.9502069909890043,4.406408296435311,2.9128506183624268
2019-05-21,3.3768298624803217,3.385786962372016,3.2962159634550736,3.3320443630218506,1415000,0.0,0,-0.013262517253917694,0.3967520547882982,3.302485764026642,3.6559573380470973,2.9490141900061864,3.4440081106192544,3.3813082433270045,3.8058345035554733,4.343708478075648,3.023116111755371
2019-05-22,3.305172887887224,3.305172887887224,3.1439448848416265,3.17081618309021,2872500,0.0,0,-0.048387164865182575,0.3775543477026569,3.292185091972351,3.6484166504111126,2.9359535335335893,3.4753579211441337,3.3813082433270045,3.7387783866252624,4.316837132893324,3.0966265201568604
2019-05-23,3.152902032032721,3.251430340657924,3.1081165342731283,3.179773330688477,1834500,0.0,0,0.0028248712889871186,0.3786208901395144,3.2836758375167845,3.642128360698348,2.925223314335221,3.4574437458598846,3.3813082433270045,3.7343812083540806,4.316837132893324,3.087437629699707
2019-05-24,3.206644474884831,3.3320440761254733,3.1529018801620223,3.323086977005005,2717500,0.0,0,0.04507039697873627,0.39568548396254477,3.2859151005744933,3.644769031151981,2.9270611699970055,3.3857868899914596,3.3813082433270045,3.7031534263088877,4.316837132893324,2.986361026763916
2019-05-28,3.332044410600524,3.39474411073768,3.2783018104829607,3.341001510620117,2143700,0.0,0,0.005390931305462976,0.3978185972251557,3.2939765095710754,3.650135206187864,2.937817812954287,3.3813083173348866,3.3813082433270045,3.6609734840891686,4.316837132893324,3.050682544708252
2019-05-29,3.32308698102639,3.32308698102639,3.054373793533078,3.108116388320923,4167200,0.0,0,-0.06970518317903096,0.3700885790335511,3.2926329374313354,3.651402115714002,2.933863759148669,3.3410013893211614,3.3813082433270045,3.5268615003924557,4.2227876297558256,3.179325819015503
2019-05-30,3.134987651756614,3.152901849825182,3.0006309526882675,3.018545150756836,2833600,0.0,0,-0.028818495311391912,0.359423183053873,3.2899457812309265,3.6560861534831974,2.9238054089786556,3.25143009333497,3.3813082433270045,3.4977506939165566,4.2227876297558256,3.1609482765197754
2019-05-31,2.9916738536539835,3.03645956237949,2.902102863311143,3.018545150756836,2627300,0.0,0,0.0,0.359423183053873,3.2859150767326355,3.6621150385129893,2.9097151149522817,3.17977319041173,3.354436910378892,3.495511537486828,4.2227876297558256,3.1333818435668945
2019-06-03,3.045416835648341,3.1887304283961515,2.982716925267076,3.1349878311157227,3308100,0.0,0,0.0385757623435552,0.37328820634412335,3.284123659133911,3.662859131621458,2.9053881866463644,3.1484234870244117,3.354436910378892,3.441768816139926,4.2227876297558256,3.087437629699707
2019-06-04,3.1529021966545385,3.358915710659305,3.1529021966545385,3.341001510620117,2861200,0.0,0,0.0657143474241415,0.3978185972251557,3.297111475467682,3.664658052173664,2.9295648987617,3.1484234870244117,3.354436910378892,3.4372904240133835,4.2227876297558256,3.087437629699707
2019-06-05,3.37682958408546,3.403700881545201,3.170816090006689,3.1976873874664307,2530500,0.0,0,-0.042895557723673816,0.3807539466243331,3.305620718002319,3.655047982388859,2.9561934536157795,3.1529018724281723,3.354436910378892,3.4372904240133835,4.2227876297558256,3.1977035999298096
2019-06-06,3.188730245962318,3.2245586420994545,2.9916738536539835,3.018545150756836,3431000,0.0,0,-0.056022435905321966,0.359423183053873,3.2989028692245483,3.6647774054502396,2.933028332998857,3.1529018724281723,3.354436910378892,3.4372904240133835,4.2227876297558256,3.179325819015503
2019-06-07,3.027502869914493,3.1349880727602994,2.991674255411776,3.045417070388794,2945400,0.0,0,0.008902275198772625,0.3626228671422374,3.2854672193527223,3.6676700691303106,2.903264369575134,3.1529018724281723,3.354436910378892,3.4238548208390087,4.209352026581451,3.206892251968384
2019-06-10,3.072288178922212,3.233515973105787,3.036459780214751,3.054373979568481,4394500,0.0,0,0.0029411108471075753,0.36368938119019867,3.2594916105270384,3.630070965170611,2.888912255883466,3.1529018724281723,3.354436910378892,3.419376107282961,4.204873313025403,3.142570734024048
2019-06-11,3.0991591945269192,3.618671355382617,3.0991591945269192,3.305172681808472,7302700,0.0,0,0.08211132753148442,0.39355239908882994,3.248295211791992,3.598362482442866,2.8982279411411183,3.26038710934688,3.354436910378892,3.419376107282961,4.204873313025403,2.9679832458496094
2019-06-12,3.233515927999988,3.2872587388655985,3.0812452356173723,3.179773330688477,4603900,0.0,0,-0.03794033268221897,0.37862089013951433,3.2276938557624817,3.5406198160059446,2.914767895519019,3.26038710934688,3.354436910378892,3.419376107282961,4.204873313025403,2.9955496788024902
2019-06-13,3.197687478789894,3.260387388207373,3.126030683517456,3.126030683517456,3487100,0.0,0,-0.01690140823949382,0.37222166390726585,3.2070924997329713,3.487841602177914,2.9263433972880284,3.300694140324847,3.354436910378892,3.3499584955503776,4.164566303737063,2.986361026763916
2019-06-14,3.2620250362633043,3.2712138305426546,3.07824893159816,3.0966265201568604,2881000,0.088,0,-0.009406229924624365,0.36872046135362785,3.1917387723922728,3.4610312385944653,2.9224463061900803,3.3051726045183,3.354436910378892,3.3298049459549306,4.164566303737063,2.9312281608581543
2019-06-17,3.087437708698663,3.0966265029268856,2.8944730299059813,2.9128506183624268,4481800,0.0,0,-0.05934713166027017,0.34683795958783853,3.1640612721443175,3.4284354914577566,2.8996870528308785,3.256572192644299,3.3506219936763113,3.2872586796656584,4.164566303737063,3.004738569259644
2019-06-18,3.00473868528498,3.105815645066366,2.84852895784728,2.857717752456665,3701700,0.0,0,-0.01892746080358798,0.3402731977025433,3.1381056785583494,3.415578213677911,2.860633143438788,3.2336001566149486,3.3276499576469605,3.381308240266768,4.164566303737063,2.9404168128967285
2019-06-19,2.8577175448571177,3.0323048488306545,2.738263223612891,2.949605703353882,6899000,0.0,0,0.0321543129366868,0.35121444858543793,3.118983745574951,3.3930126753118452,2.844954815838057,3.178467289497754,3.200860234661341,3.3813082433270045,4.164566303737063,2.903661727905273
2019-06-20,2.9771722390757644,3.1425707576572344,2.8852842949072475,3.078248977661133,3295700,0.0,0,0.043613719000128004,0.3665322168548281,3.1143553853034973,3.3878467455990133,2.8408640250079813,3.178467289497754,3.196381662004768,3.3813082433270045,4.164566303737063,2.9404168128967285
2019-06-21,3.050682662227728,3.1517596221381927,2.9863610998798875,3.1058156490325928,5108800,0.0,0,0.008955309194126793,0.36981462618637184,3.110657501220703,3.382487782247777,2.838827220193629,3.178467289497754,3.182946104361068,3.3813082433270045,4.133786866483509,2.903661727905273
2019-06-24,3.096626516043982,3.133381912190702,3.0231161619068136,3.050682544708252,2183100,0.0,0,-0.01775157013633888,0.3632498359121805,3.0970372796058654,3.351487180168512,2.8425873790432186,3.0127609812392446,3.178467289497754,3.3813082433270045,4.133786866483509,2.9312281608581543
2019-06-25,3.041493689867901,3.078248866204483,2.931228160858154,2.9312281608581543,2140900,0.0,0,-0.039156609086482774,0.34902620408663826,3.0765486121177674,3.3143971594574575,2.8387000647780773,3.004738527077773,3.178467289497754,3.3813082433270045,4.0810212561249015,2.701507806777954
2019-06-26,2.940417001047096,3.050682531785771,2.912850618362427,2.9128506183624268,2147400,0.0,0,-0.006269570803504876,0.34683795958783853,3.0667853236198424,3.3145817348905844,2.8189889123491003,3.004738527077773,3.178467289497754,3.38802611507085,3.883150629248335,2.6831305027008057
2019-06-27,2.9312281706082697,3.0414936999847915,2.894472994149429,3.023116111755371,1866500,0.0,0,0.037854839756573,0.3599674549695329,3.0670138716697695,3.3146384010340757,2.8193893423054632,2.9450114228755417,3.178467289497754,3.4126581769731295,3.755633887858197,2.6831305027008057
2019-06-28,3.0231161659220573,3.142570710631749,3.013927371642707,3.0966265201568604,4096900,0.0,0,0.024316104867968757,0.3687204613536279,3.0709179401397706,3.3178158703484963,2.824020009931045,2.9450114228755417,3.178467289497754,3.428333082235569,3.7424426385229657,2.885284185409546
2019-07-01,3.115004230757158,3.20689217068823,3.032304865741064,3.087437629699707,2117500,0.0,0,-0.0029673873802152917,0.36762632490978,3.06854043006897,3.313817681094782,2.8232631790431575,2.9725776971505606,3.178467289497754,3.4193759945934445,3.7336483674846184,2.949605703353882
2019-07-02,3.0966265595176923,3.133381956180424,2.949605849179324,2.986361026763916,1724100,0.0,0,-0.032738022612499584,0.35559096597193346,3.0508084058761598,3.2635180584007597,2.83809875335156,3.0460882327977385,3.178467289497754,3.383547566659232,3.720457009258249,2.9679832458496094
2019-07-03,3.0047385733725216,3.0598713389753978,2.967983396303937,3.050682544708252,1064600,0.0,0,0.02153842665634964,0.36324983591218046,3.0434581637382507,3.245113830541974,2.8418024969345272,3.0506825824188297,3.178467289497754,3.3813082803309458,3.680882562852327,2.830151319503784
2019-07-05,3.023116100565498,3.1977034071769,2.9955497183234026,3.179325819015503,1389400,0.0,0,0.04216868599795709,0.37856760418157065,3.051497197151184,3.261284243700033,2.8417101506023354,3.0506825824188297,3.178467289497754,3.361154816324083,3.6276289021644184,2.8025848865509038
2019-07-08,3.1701370707332224,3.206892247587012,3.0782489095206143,3.1609482765197754,2105900,0.0,0,-0.005780326881193454,0.3763793596827709,3.0572737574577333,3.2724256368812537,2.842121878034213,3.0506826208682205,3.178467289497754,3.3163691683309873,3.6007573394399923,2.9679832458496094
2019-07-09,3.160948225764604,3.216080990160025,3.069060066027439,3.1333818435668945,2011400,0.0,0,-0.0087209376874815,0.37309697874012326,3.0612241506576536,3.278931972819158,2.843516328496149,3.055276992154727,3.178467289497754,3.267105050395311,3.57388600649188,2.7382633686065674
2019-07-10,3.1333818187433726,3.151759406729587,3.050682453727278,3.087437629699707,2341100,0.0,0,-0.014662819969265772,0.36762632490977987,3.0503373980522155,3.237484076915097,2.8631907191893338,3.055276992154727,3.178467289497754,3.2514301987016516,3.5156648186381494,2.600431203842163
2019-07-11,3.115004230757158,3.1609482007226943,3.004738483761742,3.087437629699707,1832100,0.0,0,0.0,0.36762632490977987,3.045720613002777,3.224126253303518,2.867314972702036,3.0828434196696746,3.178467289497754,3.2514301987016516,3.506708034385065,2.820962190628052
2019-07-12,3.0874378452366376,3.225269983833566,3.050682666698296,3.1977035999298096,2227700,0.0,0,0.03571439603164617,0.3807558770692664,3.049304258823395,3.2367687009036463,2.8618398167431436,3.087437916506445,3.178467289497754,3.253669391403532,3.506708034385065,2.92203950881958
2019-07-15,3.1977034071769,3.2712137598224875,3.0966264532110856,3.179325819015503,1605600,0.0,0,-0.005747180856509049,0.3785676041815706,3.053439223766327,3.2484754506939364,2.8584029968387172,3.1104098045009057,3.178467289497754,3.253669391403532,3.506708034385065,2.949605703353882
2019-07-16,3.1701370750643783,3.234458634646388,3.1517594866123755,3.206892251968384,1746600,0.0,0,0.008670527816937224,0.3818499851242182,3.0681413054466247,3.2628972478258103,2.873385363067439,3.1195985780632123,3.178467289497754,3.253669391403532,3.506708034385065,3.0323050022125244
2019-07-17,3.197703500110541,3.2436474718492856,3.133381939676299,3.142570734024048,1563500,0.0,0,-0.020057274423503135,0.37419111518397113,3.082383954524994,3.253489474983914,2.9112784340660736,3.133381739072945,3.178467289497754,3.253669391403532,3.506708034385065,3.013927459716797
2019-07-18,3.124192959550576,3.1333817533519195,2.958794452048266,2.9679832458496094,2034500,0.0,0,-0.05555562720807239,0.35340269308423755,3.0833028316497804,3.25169294618832,2.914912717111241,3.115004105935377,3.0127609812392446,3.307412009862886,3.506708034385065,2.701507806777954
2019-07-19,2.977172090883553,3.078248824437709,2.9128505331672714,2.9955496788024902,2789700,0.0,0,0.009287934152401034,0.35668507402688515,3.079167866706848,3.2519043986759697,2.9064313347377264,3.0920321464948795,3.004738527077773,3.307412009862886,3.506708034385065,2.79339599609375
2019-07-22,2.9955498211600644,3.0874377651215443,2.949605849179324,2.986361026763916,1481900,0.0,0,-0.0030674343689227612,0.35559096597193335,3.0731951355934144,3.250089334915583,2.896300936271246,3.0920321464948795,3.004738527077773,3.3275655253518694,3.506708034385065,2.31557846069336
2019-07-23,2.995549719447173,3.059871278036192,2.931228160858154,2.9312281608581543,1846600,0.0,0,-0.01846155418305362,0.34902620408663815,3.0672224164009094,3.2546254087012345,2.8798194241005843,3.0920321464948795,3.0047384917176894,3.329804757448596,3.4708794376274685,2.8025848865509038
2019-07-24,2.9404170094776645,3.069060129041622,2.9404170094776645,3.004738569259644,1654300,0.0,0,0.02507836455145429,0.35777921047073313,3.070897936820984,3.2501052636790613,2.8916906099629065,3.0920321464948795,3.0047384917176894,3.303597093160305,3.399886226764343,2.903661727905273
2019-07-25,2.99554957473825,3.0506823365797717,2.912850431975968,2.9404168128967285,1416600,0.0,0,-0.021406772962202836,0.35012031214158995,3.072276246547699,3.2469171448500953,2.897635348245303,3.092032095899228,3.0047384917176894,3.2806250571309548,3.3769141052309766,2.8669064044952397
2019-07-26,2.94960569752378,2.958794491447481,2.820962363513833,2.903661727905273,1411600,0.0,0,-0.012499957431288955,0.3457438231439905,3.066303527355194,3.2550228226608997,2.8775842320494887,3.032304917681559,3.0460880616681605,3.1896637620795474,3.272517090529766,2.8485286235809326
2019-07-29,2.89447284469546,2.9587944001772355,2.8393398637758174,2.9404168128967285,1507600,0.0,0,0.012658184194882516,0.35012031214159,3.0584930419921874,3.254417943404984,2.862568140579391,3.032304917681559,3.0460880616681605,3.187424475751261,3.272517090529766,2.9679832458496094
2019-07-30,2.9128505218289744,2.9404169036000782,2.86690633313234,2.903661727905273,1357700,0.0,0,-0.012499957431288955,0.34574382314399055,3.049304246902466,3.2559991344641195,2.842609359340812,2.9771720584328762,3.0460880616681605,3.180706696929411,3.272517090529766,3.1701371669769287
2019-07-31,2.8852841904374262,2.9863609253630274,2.866906383191003,2.9312281608581543,2364300,0.0,0,0.009493679200974992,0.3490262040866382,3.046547603607178,3.25799481043948,2.835100396774876,2.9542000643176887,3.0460880616681605,3.0956141353684994,3.272517090529766,3.2344586849212646
2019-08-01,2.931227853903737,3.0047381988789925,2.646375048046512,2.701507806777954,2996500,0.0,0,-0.07837000106226688,0.32167302010160936,3.029088866710663,3.288983155738315,2.769194577683011,2.866906406584028,2.9587944039344998,3.0916029082877636,3.272517090529766,3.4917449951171875
2019-08-02,2.692319296789036,2.784207237671338,2.6188087250050622,2.6831305027008057,2132600,0.0,0,-0.006802610020611666,0.31948480399170576,3.004279100894928,3.295297713093381,2.713260488696475,2.843934427023342,2.945011242413775,3.0916029082877636,3.272517090529766,3.6755211353302
2019-08-05,2.664752914524345,2.701508090877266,2.5728647545639114,2.6831305027008057,2024800,0.0,0,0.0,0.31948480399170576,2.9803882122039793,3.293875137179085,2.6669012872288738,2.8209624418027666,2.9220392571931995,3.061739356186648,3.272517090529766,3.6755211353302
2019-08-06,2.6923192909006164,2.9128505676139453,2.6923192909006164,2.885284185409546,1969700,0.0,0,0.07534247123099491,0.3435555786451909,2.967983329296112,3.275794778706911,2.660171879885313,2.8117735455718416,2.9220392571931995,3.061739356186648,3.272517090529766,3.794975519180298
2019-08-07,2.848528750915254,2.9679832912376094,2.8117735751478,2.949605703353882,1552800,0.0,0,0.02229295757748928,0.3512144485854379,2.961091732978821,3.2639762172990157,2.658207248658626,2.788801476721452,2.9220392571931995,3.0755224933241574,3.272517090529766,3.9527087211608887
2019-08-08,2.96798324584961,3.004738421054984,2.8944728954388608,2.9679832458496094,1439700,0.0,0,0.006230508191257922,0.3534026930842376,2.955119013786316,3.252401286184928,2.6578367413877038,2.7888015878094476,2.9220392571931995,3.1122777611477463,3.272517090529766,3.905764102935791
2019-08-09,2.958794660880384,2.958794660880384,2.8209625250538943,2.830151319503784,1354400,0.0,0,-0.04643959043184209,0.3369908167598956,2.9367413997650145,3.216509679398664,2.656973120131365,2.7888015878094476,2.9220392571931995,3.114574935958292,3.272517090529766,3.830653190612793
2019-08-12,2.8209624751254165,2.848528857987186,2.7290745322528505,2.8025848865509038,1519000,0.0,0,-0.009740268219196713,0.3337084358172481,2.9179043531417848,3.179774799314644,2.6560339069689256,2.7888015878094476,2.9220392571931995,3.114574935958292,3.272517090529766,3.5771541595458984
2019-08-13,2.775018356943269,3.1150041657492324,2.729074387936551,2.9679832458496094,2043800,0.0,0,0.05901636025100343,0.35340269308423766,2.905958902835846,3.1331604085084823,2.67875739716321,2.843934460156572,2.9220392571931995,3.114574955182987,3.272517090529766,3.2954883575439453
2019-08-14,2.8760955041109937,2.903661887396251,2.7106969853213103,2.7382633686065674,1968500,0.0,0,-0.07739931738640349,0.326049565877001,2.885743534564972,3.0963006652167886,2.6751864039131554,2.843934460156572,2.9220392571931995,3.1168721408262403,3.272517090529766,3.3142662048339844
2019-08-15,2.765829720770787,2.7933961037458683,2.563676026542055,2.600431203842163,2249700,0.0,0,-0.05033561283571619,0.30963766116376296,2.8673659324645997,3.108322243672621,2.6264096212565784,2.8393400961456434,2.917444893182271,3.1168721408262403,3.272517090529766,3.417543649673462
2019-08-16,2.6279973109782624,2.84852857070972,2.5636757574543707,2.820962190628052,2190400,0.0,0,0.0848055455033967,0.3358966519271518,2.8586365580558777,3.092869316760713,2.6244037993510423,2.8393399616018016,2.917444758638429,3.1306553545837144,3.272517090529766,3.4832658767700195
2019-08-19,2.8209625499023145,2.9955498650662147,2.811773755371485,2.92203950881958,1770700,0.0,0,0.035830795083795275,0.34793209603168646,2.855420482158661,3.084194436267157,2.626646528050165,2.8393399616018016,2.917444758638429,3.1329526030020993,3.272517090529766,3.717987060546875
2019-08-20,2.8944729397027005,2.949605703353882,2.8393399569733906,2.949605703353882,1326800,0.0,0,0.009433888368414856,0.351214448585438,2.856339359283447,3.0864822673692616,2.626196451197633,2.8393399616018016,2.903661614651828,3.14443854699933,3.272517090529766,3.708598136901856
2019-08-21,2.986361030179241,3.059871385432494,2.9128506749259877,3.0323050022125244,1889500,0.0,0,0.02803740810665256,0.36106159141338084,2.857717680931091,3.0917389825734416,2.6236963792887407,2.8393399616018016,2.903661614651828,3.149032933780483,3.272517090529766,3.755542516708374
2019-08-22,3.0231162542646657,3.1058156242736272,2.99554987062106,3.013927459716797,1915600,0.0,0,-0.00606058509362295,0.3588733469145811,2.8613932132720947,3.1027689823686417,2.6200174441755477,2.8393399616018016,2.8485287554031453,3.1559245142853496,3.272517090529766,3.7837092876434326
2019-08-23,2.9863606126351785,2.9955494057570857,2.673941427412233,2.701507806777954,2183100,0.0,0,-0.10365865042027234,0.3216730201016094,2.8512855172157288,3.101598376901697,2.6009726575297605,2.8393399616018016,2.8393399616018016,3.0638825435873107,3.272517090529766,3.7273759841918954
2019-08-26,2.756640820210116,2.8025847900646585,2.7198856443264816,2.79339599609375,3468900,0.0,0,0.03401366788030469,0.33261429937340015,2.84393447637558,3.0919451925098884,2.5959237602412712,2.8347456908639987,2.8393399616018016,3.0483853367863265,3.272517090529766,3.530210018157959
2019-08-27,2.8209626085526454,2.8209626085526454,2.242068102918379,2.31557846069336,6031600,0.0,0,-0.17105255970459043,0.2757197720712311,2.814530313014984,3.1517764922702676,2.4772841337597007,2.673941863596003,2.6785361343338057,3.0483853367863265,3.272517090529766,3.4832658767700195
2019-08-28,2.31557835117003,2.8669064465617,2.140991040634018,2.8025848865509038,8454400,0.0,0,0.2103173933098852,0.33370843581724813,2.8080981492996218,3.1410291319941877,2.475167166605056,2.6234033324538224,2.6279976031916252,3.048385319106284,3.272517090529766,3.229766607284546
2019-08-29,2.7933959817427296,2.958794491447481,2.5728647084957705,2.903661727905273,5729500,0.0,0,0.036065577117545544,0.3457438231439906,2.8182058453559877,3.149836968909223,2.4865747218027523,2.6234033324538224,2.6279976031916252,3.048385319106284,3.272517090529766,3.2016000747680664
2019-08-30,2.894473006030658,2.9955497417073693,2.848528816190383,2.8669064044952397,2553900,0.0,0,-0.01265826630450817,0.3413673057574952,2.8273946404457093,3.1536281356384652,2.5011611452529534,2.6234033324538224,2.6279976031916252,3.0483852938084586,3.272517090529766,3.0889337062835693
2019-09-03,2.820962242987608,2.995549539156781,2.6555639594276625,2.8485286235809326,4928300,0.0,0,-0.006410317715810687,0.33917903286979934,2.8356645464897157,3.155092228795926,2.5162368641835053,2.6234033324538224,2.6279976031916252,3.03919648967486,3.200860234661341,3.0607669353485107
2019-09-04,2.848528707354017,3.004738421054984,2.8025847383473,2.9679832458496094,3676700,0.0,0,0.04193555272002447,0.3534026930842377,2.839799499511719,3.1638474484388994,2.5157515505845383,2.6234033324538224,2.6279976031916252,3.03919648967486,3.196381662004768,3.0983223915100098
2019-09-05,3.023116236020158,3.2068923449465863,2.9587946745732574,3.1701371669769287,3430800,0.0,0,0.06811154389432916,0.3774734961266189,2.850826072692871,3.2031626230635513,2.4984895223221906,2.673941692790302,2.673941692790302,3.0116300600505186,3.182946104361068,3.2954883575439453
2019-09-06,3.170137124339471,3.25283627365892,3.160948329970644,3.2344586849212646,3889200,0.0,0,0.02028982171950422,0.38513236606686596,2.864149844646454,3.2519706748747175,2.4763290144181904,2.696913657146469,2.696913657146469,3.0001440629929244,3.178467289497754,3.1452667713165283
2019-09-09,3.2436473388245277,3.5836331539044024,3.22526975088271,3.4917449951171875,3250200,0.0,0,0.07954540009905431,0.41576787421675027,2.897229528427124,3.3719755883144837,2.4224834685397645,2.86231209726921,2.86231209726921,2.912850405259264,3.1325232017145646,3.286099672317505
2019-09-10,3.5101226228984648,3.703087736633933,3.464178652522464,3.6755211353302,4064800,0.0,0,0.05263160410339318,0.43765040437143565,2.940876340866089,3.522548844564223,2.359203837167955,2.9220393886339755,2.9220393886339755,2.8944728347185587,3.1187400401938397,3.248544454574585
2019-09-11,3.6755211353302006,3.7949756773859353,3.4917450347480643,3.6755211353302,3620200,0.0,0,0.0,0.43765040437143565,2.9762532353401183,3.6412763130726145,2.311230157607622,3.183920192940853,2.9679833590099767,2.8715008494979832,3.0957680549732642,3.2579331398010254
2019-09-12,3.675520982104406,3.8776744433314,3.5285000639521056,3.794975519180298,4476700,0.0,0,0.03249998556718037,0.45187403619697797,3.0290888428688048,3.774101630340387,2.2840760553972226,3.266619201379531,3.0093327419827087,2.8669064013825203,3.0957680549732642,3.173433303833008
2019-09-13,3.8400425477903855,3.980875040655726,3.7837094611051336,3.9527087211608887,3953800,0.088,0,0.0415636942012898,0.47065559045497174,3.096702718734741,3.9163904965306413,2.277014940938841,3.3182195000416943,3.060933040644872,2.8554203669573255,3.0957680549732642,3.192211151123047
2019-09-16,3.924541797750076,3.9996530247027753,3.8494310184929352,3.905764102935791,2550400,0.0,0,-0.01187656909141288,0.4650658168166735,3.1509428143501284,4.032400405206934,2.269485223493323,3.4011188815250377,3.070322032668397,2.8554204225013233,3.0957680549732642,3.1452667713165283
2019-09-17,3.8494308847747942,3.8494308847747942,3.5959317897399936,3.830653190612793,3612600,0.0,0,-0.019230785665355632,0.45612223577318856,3.196373498439789,4.119108585406806,2.273638411472772,3.479223849638016,3.070322032668397,2.8554204225013233,3.0957680549732642,3.229766607284546
2019-09-18,3.830653259113858,3.896375413703903,3.5020433815547323,3.5771541595458984,4316500,0.0,0,-0.06617645045187248,0.4259376852375468,3.2277509212493896,4.15751584029705,2.2979860022017298,3.5803006773367096,3.070322032668397,2.8554204225013233,3.0957680549732642,3.342432737350464
2019-09-19,3.56776513833354,3.577153985124637,3.2297664300062627,3.2954883575439453,4983200,0.0,0,-0.0787401910678932,0.39239927051892626,3.240910089015961,4.166635117258588,2.3151850607733335,3.6124613877927425,3.070322032668397,2.8829868586748857,3.0957680549732642,3.3330438137054443
2019-09-20,3.2860996631543937,3.464487984306241,3.276710815927864,3.3142662048339844,6491500,0.0,0,0.005698046921347233,0.3946351799742455,3.25592702627182,4.176104127836454,2.335749924707186,3.6147097273545192,3.070322032668397,2.8829868586748857,3.0957680549732642,3.408154964447021
2019-09-23,3.276710721486809,3.4832655783649416,3.276710721486809,3.417543649673462,1941500,0.0,0,0.031161481443115147,0.4069325968118134,3.2917288184165954,4.177547499874327,2.4059101369588634,3.6147097273545192,3.070322032668397,2.878392494663957,3.0911736909623357,3.417543649673462
2019-09-24,3.4644881812495174,3.586543202132783,3.417543942448261,3.4832658767700195,2021200,0.0,0,0.01923083765231115,0.4147582515165347,3.326222312450409,4.184750238295303,2.4676943866055154,3.6147097273545192,3.070322032668397,2.8783923601201153,3.091173556418494,3.379988193511963
2019-09-25,3.483265657470408,3.840042297593569,3.483265657470408,3.717987060546875,2423100,0.0,0,0.06738537685056323,0.4427068925968571,3.3963427424430845,4.132347380218294,2.660338104667875,3.6147097273545192,3.070322032668397,2.8783923601201153,3.091173556418494,3.229766607284546
2019-09-26,3.708598136901856,3.755542371779546,3.605320596323167,3.708598136901856,1380400,0.0,0,-0.0025252706618182907,0.4415889378691975,3.441643404960632,4.13578817222293,2.7474986376983344,3.6147097273545192,3.070322032668397,2.8715007881268146,3.091173556418494,3.2767107486724854
2019-09-27,3.7085982800190735,3.868208684762692,3.699209432681215,3.755542516708374,2372200,0.0,0,0.012658254702607064,0.44717868311859954,3.4842374444007875,4.14446787787185,2.8240070109297255,3.5630709218550827,3.070322032668397,2.8715007881268146,3.091173556418494,3.248544454574585
2019-09-30,3.793097911146104,3.8682086899497015,3.717987132342507,3.7837092876434326,1500800,0.0,0,0.007500053803077611,0.45053254730157843,3.530077588558197,4.1371081026186225,2.9230470744977723,3.5630709218550827,3.070322032668397,2.8439343585024734,3.091173556418494,3.530210018157959
2019-10-01,3.830653305171496,3.905764084065752,3.727375984191895,3.7273759841918954,1517200,0.0,0,-0.01488838046715335,0.44382484732451677,3.574019956588745,4.0980709993450155,3.0499689138324744,3.567765257036007,3.070322032668397,2.8393399616018016,2.9254672481599844,3.5583765506744385
2019-10-02,3.680431802024516,3.774320277036251,3.502043475654438,3.530210018157959,1997300,0.0,0,-0.05289672060724038,0.4203479683770407,3.6021312952041624,4.04661044651909,3.1576521438892344,3.5912374027762803,3.070322032668397,2.8370428262329,2.917444793998513,3.473876953125
2019-10-03,3.502043572290522,3.5489878110917785,3.351821784278715,3.4832658767700195,1541400,0.0,0,-0.013297832465059556,0.41475825151653467,3.6177877306938173,4.019900695179891,3.2156747662077434,3.5912374027762803,3.070322032668397,2.6762389989649042,2.756640966730517,3.4644880294799805
2019-10-04,3.4926545557126683,3.5395987922448726,3.2109889126716644,3.229766607284546,2816700,0.0,0,-0.07277631925144334,0.38457367259199693,3.6175531268119814,4.02057469551151,3.2145315581124527,3.558376498368708,3.286258866599273,2.625700467822724,2.7061024002282528,3.5395987033843994
2019-10-07,3.2485443114381427,3.323655090110264,3.1546556142502133,3.2016000747680664,2909100,0.0,0,-0.008720918859261073,0.3812198367979141,3.603045880794525,4.042770045456142,3.1633217161329084,3.5302098491579827,3.327608492065219,2.625700467822724,2.7061024002282528,3.5583765506744385
2019-10-08,3.1546556381189403,3.210988946397038,3.0138229270431456,3.0889337062835693,3089600,0.0,0,-0.035190644007171645,0.3678044652326866,3.5737165093421934,4.065913380379518,3.081519638304869,3.459793505554449,3.327608492065219,2.625700467822724,2.7061024002282528,3.680431842803955
2019-10-09,3.117100015569264,3.164044249086558,3.023211548534675,3.0607669353485107,3201600,0.0,0,-0.009118606487980352,0.3644506010497077,3.542978799343109,4.081069101192575,3.004888497493644,3.459793505554449,3.4011188815250377,2.625700467822724,2.7061024002282528,3.7273759841918954
2019-10-10,3.060767003855597,3.1734333906666023,3.0138227692875814,3.0983223915100098,2027000,0.0,0,0.012269949641632083,0.3689223915714502,3.508146142959595,4.066511655987489,2.9497806299317,3.459793426676667,3.479223849638016,2.625700467822724,2.7061024002282528,3.896375417709351
2019-10-11,3.14526658503862,3.408154742884881,3.14526658503862,3.2954883575439453,2152300,0.0,0,0.0636363622372571,0.3923992705189262,3.4752851247787477,4.001202571194725,2.94936767836277,3.459793426676667,3.5067378969951783,2.673941692790302,2.7061024002282528,3.840042352676392
2019-10-14,3.257933163330112,3.2767108580244133,3.1358779239693777,3.1452667713165283,1598300,0.0,0,-0.04558401363595588,0.3745121368208523,3.4372602581977842,3.9425275146814145,2.931993001714154,3.3940715231619163,3.5067378969951783,2.696913657146469,2.7061024002282528,3.708598136901856
2019-10-15,3.126489045173652,3.4175437577032266,3.0889336561628107,3.286099672317505,1894500,0.0,0,0.0447761386364145,0.39128134418016264,3.41003258228302,3.8850343154562266,2.935030849109814,3.2814052901896797,3.5067378969951783,2.86231209726921,2.86231209726921,3.426932573318481
2019-10-16,3.2579333023222885,3.370599475294736,3.239155606826881,3.248544454574585,1320600,0.0,0,-0.01142850841052978,0.38680958204731625,3.3936020970344543,3.867058206178415,2.9201459878904936,3.2767107807662272,3.5067378969951783,2.9220393886339755,2.9220393886339755,3.426932573318481
2019-10-17,3.257933139801025,3.304877376197742,3.182822361566278,3.2579331398010254,1320200,0.0,0,0.0028901205933073992,0.3879275083860798,3.391724336147308,3.86703644835414,2.916412223940476,3.215683263495404,3.5067378969951783,3.075951775975415,2.9679833590099767,3.5208210945129395
2019-10-18,3.182822150489707,3.210988690459805,3.051378073448156,3.173433303833008,2383800,0.0,0,-0.025936639072089207,0.3778659726149352,3.3846826910972596,3.8685654562690077,2.9007999259255115,3.215683263495404,3.5067378969951783,3.13797597168112,3.0093327419827087,3.92454195022583
2019-10-21,3.229766539561332,3.3142661635474737,3.192211151123047,3.192211151123047,1211100,0.0,0,0.005917202440447911,0.3801018820702545,3.3734160661697388,3.8642327938929917,2.882599338446486,3.215683263495404,3.5067378969951783,3.189576270343283,3.060933040644872,4.478484153747559
2019-10-22,3.182822384552908,3.2391554686358117,3.1358779239693777,3.1452667713165283,2033300,0.0,0,-0.014705913106657476,0.3745121368208524,3.356516110897064,3.8543420744154515,2.8586901473786765,3.215683263495404,3.459793426676667,3.2357204570967175,3.070322032668397,4.750761032104492
2019-10-23,3.1358779103723604,3.257933149203869,3.0232117426950693,3.229766607284546,3582200,0.0,0,0.026865713502784327,0.384573672591997,3.3321050882339476,3.8035400647845123,2.860670111683383,3.220377750199148,3.459793426676667,3.2747729411532065,3.070322032668397,4.478484153747559
2019-10-24,3.2203777237401803,3.3799881261536284,3.145266722286077,3.342432737350464,2209700,0.0,0,0.03488367543704429,0.39798901576832835,3.313796818256378,3.7522683672768196,2.875325269235937,3.220377750199148,3.459793426676667,3.3253113550025533,3.070322032668397,4.41276216506958
2019-10-25,3.2954884257636223,3.389376895618177,3.2954884257636223,3.3330438137054443,1387000,0.0,0,-0.002809009001169094,0.39687106104066866,3.2926718831062316,3.681352345561186,2.9039914206512774,3.220377750199148,3.459793426676667,3.3413917102305697,3.070322032668397,4.131096839904785
2019-10-28,3.351821656190477,3.4175438118484824,3.304877419183172,3.408154964447021,2031100,0.0,0,0.02253530254619518,0.40581467047304964,3.273894166946411,3.595750736924398,2.9520375969684243,3.220377777271776,3.459793426676667,3.342515880011458,3.070322032668397,3.94331955909729
2019-10-29,3.370599191046065,3.4644878844530904,3.323654956266437,3.417543649673462,1275400,0.0,0,0.0027547706381843007,0.40693259681181326,3.2584025502204894,3.513772848210368,3.0030322522306108,3.24384981357408,3.459793426676667,3.342515880011458,3.070322032668397,3.886986494064331
2019-10-30,3.3987658882877576,3.455099196462921,3.314266261796681,3.379988193511963,1172600,0.0,0,-0.010989020188546084,0.40246080629007075,3.25089145898819,3.4811895632878707,3.020593354688509,3.24384981357408,3.459793426676667,3.342515880011458,3.070322032668397,3.865882635116577
2019-10-31,3.342432774961837,3.342432774961837,3.2203777599781054,3.229766607284546,1375400,0.0,0,-0.044444411526576966,0.3845736725919969,3.238216495513916,3.4420791725411135,3.0343538184867187,3.24384981357408,3.459793426676667,3.342515880011458,3.070322032668397,3.971402645111084
2019-11-01,3.2767107486724854,3.361210371976879,3.2203776664695565,3.2767107486724854,1291100,0.0,0,0.014534840159056595,0.3901633894525029,3.240563702583313,3.4450701370531047,3.0360572681135216,3.24384981357408,3.459793426676667,3.342515880011458,3.070322032668397,3.9809956550598153
2019-11-04,3.2860998455654005,3.342432932051624,3.220377911331473,3.248544454574585,1087900,0.0,0,-0.008595904935860377,0.38680958204731614,3.242910921573639,3.4466424209307163,3.0391794222165616,3.24384981357408,3.459793426676667,3.3166964772617398,3.070322032668397,3.789140224456787
2019-11-05,3.2767109117784927,3.548987713160306,3.2391555217737986,3.530210018157959,3684200,0.0,0,0.08670515904030007,0.4203479683770407,3.2649747371673583,3.491763464890598,3.0381860094441184,3.3471272177231914,3.459793426676667,3.3166964772617398,3.070322032668397,3.9330315589904794
2019-11-06,3.539598855724794,3.755542571493492,3.464488075926214,3.5583765506744385,2960200,0.0,0,0.007978712986366876,0.4237018041711235,3.289855217933655,3.5304873086734627,3.049223127193847,3.4879601189815244,3.3940715231619163,3.319043644852202,3.070322032668397,3.913846015930176
2019-11-07,3.6147096664523617,3.661654128075932,3.473876953125,3.473876953125,1324100,0.0,0,-0.02374667108612294,0.413640296788875,3.3086329460144044,3.5450808461260324,3.0721850459027764,3.4879601189815244,3.3846826703905366,3.3307797177223386,3.070322032668397,3.779547691345215
2019-11-08,3.455099182131028,3.5114322662247406,3.408154945386268,3.4644880294799805,1359300,0.0,0,-0.0027027219938154934,0.4125223420612153,3.317082929611206,3.563040822476163,3.0711250367462486,3.4879601189815244,3.3846826703905366,3.3307797177223386,3.070322032668397,3.904253482818604
2019-11-11,3.4081548443940823,3.558376397525873,3.389376926404837,3.5395987033843994,1415600,0.0,0,0.02168016551516061,0.42146589471580415,3.3367995262145995,3.5877289065217064,3.0858701459074926,3.4879601189815244,3.3846826703905366,3.4223176824839907,3.070322032668397,4.172850608825684
2019-11-12,3.520821160775149,3.6428764017956223,3.5114323133003262,3.5583765506744385,1088600,0.0,0,0.005305078022569187,0.4237018041711234,3.350413370132446,3.6180383668608065,3.0827883734040857,3.4879601189815244,3.3846826703905366,3.428909170611601,3.070322032668397,4.06732988357544
2019-11-13,3.4926546668521192,3.69920953801436,3.4644881240365115,3.680431842803955,1774600,0.0,0,0.034300836460487316,0.4382351304640105,3.372007739543915,3.671440828600114,3.072574650487716,3.4879601189815244,3.3846826703905366,3.393700998809834,3.070322032668397,3.971402645111084
2019-11-14,3.746153678915459,3.905764084065752,3.680431747382985,3.7273759841918954,2198300,0.0,0,0.012755063371089559,0.44382484732451666,3.395479881763458,3.7276470204975087,3.0633127430294076,3.5630709976986124,3.459793426676667,3.4304561935397433,3.070322032668397,3.971402645111084
2019-11-15,3.755542484983364,3.905764041120122,3.755542484983364,3.896375417709351,1911900,0.0,0,0.045340055372518284,0.46394789047790974,3.4316269874572756,3.81347911826707,3.049774856647481,3.5724598029197754,3.4644879133804105,3.4695086381573415,3.070322032668397,3.952217102050781
2019-11-18,3.8963754364993375,3.8963754364993375,3.8118755869171417,3.840042352676392,1843200,0.0,0,-0.014457812452291052,0.45724021888974403,3.4640185475349425,3.8686227945979823,3.0594143004719028,3.6475705052352945,3.4644879133804105,3.4832656618359223,3.070322032668397,3.817918539047241
2019-11-19,3.746153524804008,3.830653147583851,3.680431595975241,3.708598136901856,1999800,0.0,0,-0.03422988699146079,0.4415889378691973,3.492185115814209,3.882118758972463,3.102251472655955,3.6475705052352945,3.4644879133804105,3.4504047100785473,3.070322032668397,3.654841661453247
2019-11-20,3.642876281985003,3.661653976317068,3.408154878986416,3.426932573318481,2312700,0.0,0,-0.07594933535146431,0.4080505515394727,3.5020434141159056,3.8743237897471565,3.1297630384846546,3.6475705052352945,3.4644879133804105,3.394071593592429,3.070322032668397,3.6164705753326416
2019-11-21,3.436321420484514,3.455099114816579,3.333043877810382,3.426932573318481,1557800,0.0,0,0.0,0.4080505515394727,3.5062684059143066,3.873024840591697,3.139511971236916,3.619403980938067,3.4644879133804105,3.391724338880703,3.070322032668397,3.654841661453247
2019-11-22,3.483265705320446,3.54898763640731,3.3893770084914348,3.5208210945129395,1944300,0.0,0,0.027397247884437093,0.4192300136493809,3.5156572699546813,3.873609205538214,3.1577053343711485,3.619403980938067,3.4644879133804105,3.361210580245291,3.070322032668397,3.5397286415100098
2019-11-25,3.5489878155013703,3.990264108477036,3.5489878155013703,3.92454195022583,5730400,0.0,0,0.11466667714019141,0.4673017262719925,3.541476619243622,3.937583392852437,3.145369845634807,3.661653993143709,3.5067379255860525,3.361210580245291,3.070322032668397,3.645248889923096
2019-11-26,3.9245415238441774,4.647483395281145,3.9057638303404456,4.478484153747559,9083900,0.0,0,0.14114824367971224,0.5332605442037819,3.5945236444473267,4.160151477294963,3.028895811599691,3.9902636365457633,3.835347568988107,3.361210580245291,3.070322032668397,3.769954919815064
2019-11-27,4.553595022371088,4.825871807679972,4.4221511651139975,4.750761032104492,4141700,0.0,0,0.06079665998797701,0.5656810041947428,3.6630622863769533,4.412686959562223,2.9134376131916833,4.079457842745177,3.924541775187521,3.337738345086035,3.070322032668397,3.789140224456787
2019-11-29,4.694427852888238,4.703816923487868,4.440928766740095,4.478484153747559,2093000,0.0,0,-0.057312265659533845,0.5332605442037818,3.7254981637001037,4.527153809871615,2.923842517528592,4.079457842745177,3.9855692649830248,3.3400855884379075,3.070322032668397,3.60687780380249
2019-12-02,4.506651083739798,4.506651083739798,4.393984470874646,4.41276216506958,2776400,0.0,0,-0.014675052187687831,0.5254349178879565,3.7823007345199584,4.60957449046939,2.9550269785705265,4.079457842745177,4.023124737074764,3.3400855884379075,3.070322032668397,3.9905881881713863
2019-12-03,4.318873785843185,4.393984564218545,4.102930074166248,4.131096839904785,3270900,0.0,0,-0.06382970906394947,0.49189655994712805,3.8264283537864685,4.628614616061038,3.024242091511898,4.079457842745177,4.023124737074764,3.3400855884379075,3.070322032668397,4.0097737312316895
2019-12-04,4.15926327695282,4.224985433759482,3.9057641688350735,3.94331955909729,3511700,0.0,0,-0.04545458218109044,0.46953760733841565,3.847083830833435,4.63879019811551,3.0553774635513595,4.079457842745177,4.023124737074764,3.3400856019742213,3.070322032668397,3.9905881881713863
2019-12-05,3.9433195797527336,4.046597127362589,3.821264784608979,3.886986494064331,3151800,0.0,0,-0.014285696147297466,0.46282993575025,3.8635143280029296,4.644011836468198,3.0830168195376615,4.107624408085703,4.023124737074764,3.3518216201253734,3.070322032668397,4.01936674118042
2019-12-06,3.9330316650411374,4.028959177375125,3.827511401473753,3.865882635116577,3766600,0.088,0,-0.005429362561454987,0.460317064224767,3.8831146121025086,4.642672464309575,3.123556759895443,4.187429811590671,4.023124737074764,3.3518216201253734,3.070322032668397,4.000181198120117
2019-12-09,3.8562896310309847,4.0673301568445,3.846697108566872,3.971402645111084,2667300,0.0,0,0.027295192315460737,0.4728815070188703,3.9084603428840636,4.643629067240182,3.173291618527945,4.323568296144476,4.023124737074764,3.3518216201253734,3.070322032668397,4.0097737312316895
2019-12-10,3.8754751626468926,3.9905881775963743,3.865882640110333,3.9809956550598153,1706500,0.0,0,0.0024155218712311743,0.4740237626415751,3.9305301904678345,4.646112139934294,3.214948241001375,4.323568296144476,4.023124859505723,3.3518216201253734,3.070322032668397,4.000181198120117
2019-12-11,3.952216988018452,3.980995469120906,3.683619736972372,3.789140224456787,3519000,0.0,0,-0.04819282592262597,0.4511792179654015,3.942068374156952,4.640322101502363,3.2438146468115403,4.19371833023012,4.032513664726885,3.3518216201253734,3.070322032668397,4.038552284240723
2019-12-12,3.789140294369397,3.980995542573397,3.7315837885209646,3.9330315589904794,3179800,0.0,0,0.03797466602184696,0.46831259808363573,3.954698359966278,4.64251309928234,3.2668836206502165,4.095135410356085,4.079457842745177,3.403460322199929,3.070322032668397,4.134479522705078
2019-12-13,3.942624497261328,3.961809999009282,3.789140254568474,3.913846015930176,2531600,0.0,0,-0.004878054694589906,0.46602814361601824,3.964021861553192,4.6441886062935644,3.28385511681282,4.038802150595458,4.079457842745177,3.44101582107172,3.070322032668397,4.0865159034729
2019-12-16,3.913846210248679,3.9330317129491736,3.76036218864472,3.779547691345215,3597200,0.0,0,-0.03431364546237603,0.45003701912048893,3.958180475234985,4.642610343931022,3.2737506065389486,3.954302585365927,4.079457842745177,3.4363213946860305,3.070322032668397,3.923439025878906
2019-12-17,3.779547493097333,3.9234389845127646,3.760361991403172,3.904253482818604,1732500,0.0,0,0.03299489824111834,0.4648859447711057,3.961391031742096,4.644156491922316,3.278625571561876,3.875474946908436,4.079457842745177,3.4363213946860305,3.070322032668397,3.635656118392944
2019-12-18,3.9426245828522304,4.211221613154592,3.9426245828522304,4.172850608825684,1684200,0.0,0,0.06879602648472782,0.49686825053995637,3.9846036553382875,4.662917699221538,3.3062896114550373,3.947420675063482,4.079457842745177,3.4363213946860305,3.286258866599273,3.8275113105773926
2019-12-19,4.172850368101889,4.172850368101889,4.019366359640454,4.06732988357544,2079900,0.0,0,-0.02528744379850656,0.48430372257916493,4.016623520851136,4.644689872131437,3.3885571695708347,3.947420675063482,4.079457842745177,3.4363213946860305,3.327608492065219,3.913846015930176
2019-12-20,4.0673301568445,4.086516116609641,3.961810122646971,3.971402645111084,3445300,0.0,0,-0.023584818839437305,0.4728815070188702,4.043847024440765,4.610923240112453,3.4767708087690776,3.947420675063482,4.079457842745177,3.4363213946860305,3.327608492065219,3.894660472869873
2019-12-23,4.000181127340338,4.038552132033704,3.923439117953605,3.971402645111084,1396600,0.0,0,0.0,0.4728815070188702,4.066376101970673,4.5814236056704445,3.5513285982709006,3.947420675063482,4.079457842745177,3.5114322121876396,3.4011188815250377,3.731583833694458
2019-12-24,3.9809955839835744,4.057737592579753,3.942624579685485,3.952217102050781,576100,0.0,0,-0.004830923674767895,0.47059705255125284,4.06775985956192,4.581407352068862,3.5541123670549783,3.9714027008377784,4.079457842745177,3.518473858150093,3.479223849638016,3.80832576751709
2019-12-26,3.9618100320667535,3.971402554311549,3.8083257880932218,3.817918539047241,1426400,0.0,0,-0.0339805631967568,0.4546058996668275,4.0347315788269045,4.522517467366125,3.546945690287684,3.9857918022788823,4.079457842745177,3.5560292093078525,3.5067378969951783,3.971402645111084
2019-12-27,3.84669714411133,3.894660671712004,3.6164706564053226,3.654841661453247,2582000,0.0,0,-0.04271355607149485,0.4351880650809761,3.979935610294342,4.3689218184657514,3.5909494021229325,3.9138461347799574,4.079457842745177,3.5560292093078525,3.5067378969951783,4.105701446533203
2019-12-30,3.654841579520379,3.721991065558145,3.5685068200979697,3.6164705753326416,1710800,0.0,0,-0.010498699991656646,0.4306191561457414,3.936834931373596,4.2836122883948375,3.590057574352355,3.8898642166262807,4.079457842745177,3.5560292093078525,3.5067378969951783,3.9905881881713863
2019-12-31,3.578099651357398,3.712398169025133,3.539728646309474,3.654841661453247,1628100,0.0,0,0.010610092166193352,0.4351880650809761,3.8989389061927797,4.190019797642076,3.607858014743483,3.875475129732033,4.107624408085703,3.5419459471592387,3.5067378969951783,3.769954919815064
2020-01-02,3.674027158995651,3.7123981639915486,3.4725791540579585,3.5397286415100098,1958400,0.0,0,-0.03149603474134244,0.42148136666416813,3.869370496273041,4.179828358549157,3.5589126339969246,3.822714761079924,4.1492254808689655,3.5419459471592387,3.5067378969951783,3.856289625167847
2020-01-03,3.4821721193761506,3.6644343923403833,3.453393637040989,3.645248889923096,2012900,0.0,0,0.029810264881793946,0.4340458378471675,3.854466962814331,4.177787713918115,3.531146211710546,3.769954876825315,4.1396327223604805,3.5841959593648807,3.5067378969951783,4.124886989593506
2020-01-06,3.5972851677256474,3.80832592501066,3.5972851677256474,3.769954919815064,1770800,0.0,0,0.034210566591681646,0.44889479188668024,3.8486153841018678,4.1736201845897565,3.523610583613979,3.755565614810371,4.1396327223604805,3.912805602766935,3.830653082284363,4.163258075714111
2020-01-07,3.789140224456786,3.846696957952477,3.693212487770117,3.789140224456787,1885700,0.0,0,0.005089001075552435,0.45117921796540145,3.844778263568878,4.170697733631796,3.5188587935059608,3.755565614810371,4.078605280264428,4.0019998089663495,3.9198472884837767,3.8466970920562735
2020-01-08,3.808325803353328,3.913846064270364,3.5972850528100326,3.60687780380249,2222900,0.0,0,-0.048101260406752666,0.4294769289119327,3.8265520215034483,4.162828040608318,3.4902760023985784,3.712398095676269,3.9800223603903935,4.032513553864101,3.9198472884837767,3.952217102050781
2020-01-09,4.259185681183751,4.278371183726172,3.9330316805441217,3.9905881881713863,6524800,0.0,0,0.106382973097779,0.47516596148648754,3.827031648159027,4.164223470856398,3.4898398254616563,3.8658824103835805,3.923689100629767,4.051291289909971,3.9198472884837767,3.856289625167847
2020-01-10,4.028959233967976,4.192036235935648,3.942624700363919,4.0097737312316895,2601600,0.0,0,0.004807698052425424,0.477450415954105,3.838063323497772,4.183993894194819,3.4921327528007255,3.8658824103835805,3.8658824103835805,4.051291289909971,3.9198472884837767,3.971402645111084
2020-01-13,4.028959193256229,4.067330198341073,3.9138461780017,3.9905881881713863,2379800,0.0,0,-0.004784694685106339,0.47516596148648754,3.8409411549568175,4.190962057060738,3.490920252852897,3.8658824103835805,3.8658824103835805,4.051291289909971,3.9198472884837767,4.057737350463867
2020-01-14,4.00977376103175,4.086516229965703,3.952217252395137,4.01936674118042,1857600,0.0,0,0.00721160682386035,0.4785926715768097,3.84621719121933,4.20365844098269,3.48877594145597,3.8658824103835805,3.8658824103835805,4.065374572580234,3.9198472884837767,3.952217102050781
2020-01-15,4.009773720753961,4.04814472612627,3.952217212695498,4.000181198120117,1845400,0.0,0,-0.00477327506936287,0.4763082171091923,3.857248866558075,4.219417769989512,3.495079963126637,3.8658824103835805,3.8658824103835805,4.1052772743327175,3.9198472884837767,4.0097737312316895
2020-01-16,4.05773771678164,4.086516199595303,3.9522172230228287,4.0097737312316895,1586800,0.0,0,0.0023980246485035828,0.4774504159541049,3.8625248789787294,4.230370945400027,3.4946788125574315,3.9378281182681025,3.8658824103835805,4.1733465166096195,3.9198472884837767,3.9330315589904794
2020-01-17,4.000181198120117,4.028959223440116,3.952217212695498,4.000181198120117,1555200,0.0,0,-0.0023922878831932337,0.47630821710919236,3.853891408443451,4.199390172850257,3.5083926440366455,3.9378281182681025,3.8658824103835805,4.173346577825099,3.9198472884837767,3.7507693767547607
2020-01-21,3.9618102719616974,4.038552284240723,3.8275115217641664,4.038552284240723,2317800,0.0,0,0.009592337001793405,0.4808771260444271,3.8524525284767153,4.194570449605648,3.5103346073477826,3.9378281182681025,3.8658824103835805,4.113115997478502,3.9198472884837767,3.5013575553894043
2020-01-22,4.019366511995613,4.249592533414544,4.000181010210702,4.134479522705078,2390000,0.0,0,0.023752877693000052,0.4922993416047218,3.860606372356415,4.2211573519208265,3.500055392792003,4.052941352745169,3.8658824103835805,4.087296626550631,3.9198472884837767,3.8466970920562735
2020-01-23,4.096108425436705,4.124886906164985,3.9714024379782136,4.0865159034729,2090400,0.0,0,-0.011600884456865468,0.48658823382457445,3.8663620352745056,4.2374412323611965,3.4952828381878147,4.038552027589356,3.8658824103835805,4.059129996670318,3.9198472884837767,3.645248889923096
2020-01-24,4.096108542946872,4.096108542946872,3.875475042428581,3.923439025878906,1770900,0.0,0,-0.03990609150827107,0.467170399238723,3.864923131465912,4.2348687087607635,3.494977554171061,4.038552027589356,3.8658824103835805,4.016880214055552,3.9198472884837767,3.33828067779541
2020-01-27,3.721991107497399,3.89466062828785,3.616470616082894,3.635656118392944,2606200,0.0,0,-0.07334965717263686,0.4329036106133588,3.855810010433197,4.238830809492938,3.472789211373456,3.9330315747487194,3.8658824103835805,3.9774663948268065,3.9198472884837767,3.472579002380371
2020-01-28,3.6932125677899297,3.8466970412977934,3.683619816784341,3.8275113105773926,2513300,0.0,0,0.05277044526126784,0.45574812690063626,3.8644434928894045,4.23646412755739,3.4924228582214187,3.9330315747487194,3.8658824103835805,4.01343925890433,3.9198472884837767,3.165610790252685
2020-01-29,3.8466969885215576,4.009773524669946,3.8466969885215576,3.913846015930176,1934700,0.0,0,0.022556355382725046,0.4660281436160183,3.879312264919281,4.233665295182075,3.524959234656487,3.9330315747487194,3.8658824103835805,4.01343925890433,3.9198472884837767,3.1080543994903564
2020-01-30,3.865882449262424,3.9330314759587632,3.827511217464315,3.894660472869873,1990700,0.0,0,-0.004901966756539089,0.463743689148401,3.891303205490112,4.230190415406206,3.5524159955740187,3.9330315747487194,3.8658824103835805,4.01343925890433,3.9198472884837767,2.9737555980682373
2020-01-31,3.8850680798575383,3.9042535820392703,3.693212600621768,3.731583833694458,1888200,0.0,0,-0.04187185001398808,0.4443258829514456,3.900895965099335,4.208530119547057,3.5932618106516125,3.9330315747487194,3.8658824103835805,4.01343925890433,3.9198472884837767,2.666787385940552
2020-02-03,3.7411765112017576,3.82751126932147,3.654841524372823,3.80832576751709,1413300,0.0,0,0.020565512458728064,0.4534636724330189,3.9090498089790344,4.196953181623451,3.6211464363346177,3.9330315747487194,3.8658824103835805,4.025430271791478,3.924541775187521,2.455746650695801
2020-02-04,3.875475133377668,4.000181127340338,3.8179186263376175,3.971402645111084,2256600,0.0,0,0.04282114702081152,0.47288150701887033,3.9191221952438355,4.200817681451044,3.6374267090366277,3.8706787611239397,3.8658824103835805,4.03262482251203,3.924541775187521,2.120000123977661
2020-02-05,4.038551962430595,4.105701446533203,3.923438953184784,4.105701446533203,1877300,0.0,0,0.03381646572337482,0.48887268829219177,3.934950256347656,4.221239960981195,3.6486605517141175,3.861086031308049,3.8658824103835805,3.9966519887625673,3.924541775187521,2.130000114440918
2020-02-06,4.144072665929221,4.153665188491201,3.9618101630669846,3.9905881881713863,1253400,0.0,0,-0.028037415740254756,0.4751659614864876,3.954135775566101,4.1977282026308,3.7105433485014023,3.885067902287047,3.8658824103835805,3.984661029685729,3.924541775187521,1.7999999523162842
2020-02-07,3.961810174502278,3.961810174502278,3.750769417217265,3.769954919815064,1227900,0.0,0,-0.055288408112445064,0.4488947918866803,3.943104112148285,4.198907310318577,3.6873009139779924,3.9042533564320117,3.8658824103835805,3.991549768908868,3.924541775187521,1.7999999523162842
2020-02-10,3.779547615897793,3.865882605035832,3.721991108945253,3.856289625167847,2590800,0.0,0,0.022900726186141807,0.4591748086020623,3.935429906845093,4.1919884316557505,3.678871382034435,3.9042533564320117,3.8658824103835805,3.9859701209744447,3.924541775187521,1.5
2020-02-11,3.913846013100167,4.1344795117513256,3.8371040061638406,4.124886989593506,2437300,0.0,0,0.0696517612869827,0.4911571427598091,3.942144846916199,4.210998297948933,3.6732913958834645,3.9042533564320117,3.9378281182681025,3.9547937995928977,3.924541775187521,1.7400000095367432
2020-02-12,4.211221602292305,4.249592606522241,4.096108589602498,4.163258075714111,2122100,0.0,0,0.00930233633488875,0.4957260516950438,3.949339413642883,4.233509119139529,3.6651697081462373,3.952217065447532,3.9378281182681025,3.947599168585426,3.924541775187521,1.850000023841858
2020-02-13,4.124887103598377,4.124887103598377,3.827511361082711,3.8466970920562735,1770900,0.0,0,-0.07603683891336455,0.45803260975714954,3.9416652083396913,4.228234202245352,3.655096214434031,3.952217065447532,3.9378281182681025,3.9170854475373993,3.924541775187521,1.7300000190734863
2020-02-14,3.856289591305559,3.9905881063488704,3.7987330848584255,3.952217102050781,1942100,0.0,0,0.027431328089860374,0.4705970525512529,3.938787376880646,4.223695957973763,3.653878795787529,3.985791857733747,3.9474208999045333,3.846210228033331,3.9855692649830248,1.840000033378601
2020-02-18,3.942624614305885,4.038552125893452,3.7411766112627673,3.856289625167847,2497100,0.0,0,-0.024271813619033633,0.4591748086020623,3.9315927982330323,4.217210671238275,3.6459749252277893,3.985791857733747,3.9330316113025674,3.894785755506674,4.023124737074764,1.899999976158142
2020-02-19,3.875475133377668,4.0193666296870205,3.8179186263376175,3.971402645111084,2721800,0.0,0,0.02985071950819207,0.4728815070188702,3.92823531627655,4.210262451659277,3.646208180893823,3.985791857733747,3.9330316113025674,3.8658824103835805,4.023124737074764,1.8799999952316284
2020-02-20,3.942624344438129,4.115293853476736,3.942624344438129,4.057737350463867,2245200,0.0,0,0.02173909650260808,0.4831615237342522,3.9243982076644897,4.196923754789782,3.6518726605391976,3.985791857733747,3.9330316113025674,3.8658824103835805,4.023124737074764,1.7300000190734863
2020-02-21,4.057737592579753,4.057737592579753,3.885068073238352,3.952217102050781,2064000,0.0,0,-0.026004701462755797,0.4705970525512528,3.9176832675933837,4.180229143073329,3.6551373921134385,3.985791857733747,3.9330316113025674,3.8658824103835805,4.023124737074764,1.4199999570846558
2020-02-24,3.769954947028104,4.0193667113090665,3.674027204637436,4.0097737312316895,3427400,0.0,0,0.01456312436658469,0.47745041595410487,3.922000002861023,4.18763694403664,3.6563630616854064,3.9618099055798384,3.9330316113025674,3.8658824103835805,4.023124737074764,1.2899999618530271
2020-02-25,4.038552048421829,4.038552048421829,3.827511298268352,3.9330315589904794,4158900,0.0,0,-0.019138778740424578,0.46831259808363557,3.9368687748908995,4.1673367820740905,3.706400767707709,3.9618099055798384,3.9330316113025674,3.9018552643258415,4.023124737074764,1.1399999856948853
2020-02-26,3.98099563415394,3.98099563415394,3.664434387286801,3.7507693767547607,5627200,0.0,0,-0.04634139835951412,0.4466103374190628,3.933031678199768,4.173115818736382,3.6929475376631546,3.894660745442589,3.9330316113025674,3.9018552643258415,4.023124859505723,1.0099999904632568
2020-02-27,3.8275113190069447,3.83710407003366,3.309502306145877,3.5013575553894043,5132200,0.0,0,-0.0664961762008286,0.4169124577289333,3.9124072551727296,4.218221542876361,3.6065929674690977,3.7123980798113063,3.779547456334059,3.9018552643258415,4.032513664726885,0.959999978542328
2020-02-28,3.501357593879768,3.942624603377956,3.4917648427476,3.8466970920562735,6222200,0.0,0,0.09863018306579718,0.45803260975714943,3.9100090861320496,4.217105913708256,3.6029122585558433,3.7123980798113063,3.779547456334059,3.9594118815643746,4.079457842745177,1.149999976158142
2020-03-02,3.856289645222489,3.865882625140362,3.501357621793438,3.645248889923096,4060600,0.0,0,-0.0523691357318421,0.43404583784716744,3.9056923389434814,4.225018756502867,3.586365921384096,3.7123980798113063,3.779547456334059,3.952217218986468,4.079457842745177,1.25
2020-03-03,3.6356561988950182,3.808325952218018,3.309502423693116,3.33828067779541,3849600,0.0,0,-0.08421049464585728,0.3974946231430819,3.8821900844573975,4.285817457072352,3.4785627118424425,3.7123980798113063,3.779547456334059,3.952217218986468,4.079457842745177,1.3200000524520874
2020-03-04,3.472579002380371,3.539728486899423,3.328687739930732,3.472579002380371,3280200,0.0,0,0.04022978818954526,0.41348574763861123,3.857248902320862,4.296240888840735,3.418256915800989,3.683619949362815,3.779547456334059,3.89945699256615,4.079457842745177,1.649999976158142
2020-03-05,3.347873287215312,3.443800796822366,3.117647035449159,3.165610790252685,3198600,0.0,0,-0.08839776198533322,0.3769345329345257,3.8102443695068358,4.3279495394515815,3.29253919956209,3.578099541935494,3.6836198209857,3.89945699256615,4.079457842745177,1.559999942779541
2020-03-06,3.1176471508060053,3.1560181560686025,3.002534135018215,3.1080543994903564,3561600,0.0,0,-0.01818176477650124,0.3700811979205698,3.7661176800727842,4.360476533151034,3.1717588269945347,3.520543091720022,3.626063370770228,3.89945699256615,4.079457842745177,1.6200000047683716
2020-03-09,2.705158337424784,3.0313123336205137,2.647601830581735,2.9737555980682373,3298300,0.0,0,-0.04320992626259723,0.3540900166472483,3.726307713985443,4.4146338752970795,3.037981552673807,3.3142987323678375,3.448597218551988,3.89945699256615,4.079457842745177,1.409999966621399
2020-03-10,3.0504978966164256,3.098461653273602,2.522896115969023,2.666787385940552,3661700,0.0,0,-0.1032257702438939,0.3175388019431629,3.6668326020240785,4.493299378764528,2.840365825283629,3.2327603596734895,3.386244361245632,3.89945699256615,4.079457842745177,1.350000023841858
2020-03-11,2.561267145028621,2.666787410652207,2.3885973907535187,2.455746650695801,3805800,0.0,0,-0.0791366932202281,0.2924098311882681,3.5833755850791933,4.536799465861245,2.6299517042971416,3.1656109970657376,3.3190949986378797,3.89945699256615,4.079457842745177,1.2999999523162842
2020-03-12,2.167963881117809,2.177556632545839,1.976108623847982,2.120000123977661,4596500,0.0,0,-0.13671871510972466,0.25243193478275655,3.481212687492371,4.59107947140349,2.3713459035812514,2.920995624494172,3.1128506151851116,3.86828058575376,4.079457842745177,1.1799999475479126
2020-03-13,2.309999942779541,2.3299999237060547,1.9800000190734863,2.130000114440918,3320100,0.09,0,0.004716976357762803,0.2536226502510711,3.3953778386116027,4.63801837473348,2.1527373024897254,2.892217288033,3.1128506151851116,3.8634842208458147,4.079457842745177,1.0800000429153442
2020-03-16,1.9600000381469729,2.0299999713897705,1.7899999618530271,1.7999999523162842,2230200,0.0,0,-0.15492964525556008,0.2143289830188977,3.2877669811248778,4.68392384244958,1.8916101198001747,2.6648642243762253,3.0197962841876342,3.875475156335314,4.079457842745177,1.0299999713897705
2020-03-17,1.8200000524520876,1.899999976158142,1.6299999952316284,1.7999999523162842,3613100,0.0,0,0.0,0.2143289830188977,3.1849524974823,4.697795179506276,1.6721098154583236,2.536900396026997,2.9397963008769348,3.885067883407796,4.107624408085703,0.9800000190734864
2020-03-18,1.6299999952316284,1.7100000381469729,1.2899999618530271,1.5,2824700,0.0,0,-0.16666664459087177,0.17860749058056408,3.061382365226746,4.697206347296972,1.4255583831565195,2.2230090589608147,2.7697962841876342,3.885067883407796,4.1396327223604805,0.9800000190734864
2020-03-19,1.4500000476837158,1.919999957084656,1.4199999570846558,1.7400000095367432,3159000,0.0,0,0.16000000635782885,0.20718469020901017,2.9454954981803896,4.611006819299082,1.2799841770616978,2.1942308075633146,2.7697962841876342,3.921040737350057,4.1396327223604805,1.2599999904632568
2020-03-20,1.7400000095367432,1.909999966621399,1.659999966621399,1.850000023841858,8408900,0.0,0,0.06321839867943502,0.22028257455491862,2.8403846442699434,4.5038100224041875,1.1769592661356996,2.1942308075633146,2.7074435327257023,3.9450225918578172,4.1396327223604805,1.4199999570846558
2020-03-23,1.840000033378601,1.909999966621399,1.5399999618530271,1.7300000190734863,2287800,0.0,0,-0.06486486660641766,0.20599397474069556,2.726395958662033,4.365677339812346,1.0871145775117201,1.978393686252617,2.7026469076648816,3.9450225918578172,4.078605280264428,1.5700000524520874
2020-03-24,1.830000042915344,1.9700000286102293,1.7599999904632568,1.840000033378601,1669300,0.0,0,0.06358382259673379,0.219091859086604,2.621744382381439,4.205232357464057,1.0382564072988207,1.809999942779541,2.7026469076648816,3.96660637881914,3.9800223603903935,1.5
2020-03-25,1.840000033378601,2.0899999141693115,1.7799999713897705,1.899999976158142,1784400,0.0,0,0.03260866396255957,0.22623615189649152,2.529205912351608,4.052491450671247,1.0059203740319695,1.809999942779541,2.7026469076648816,3.959411734518157,3.923689100629767,1.3700000047683716
2020-03-26,1.899999976158142,2.0799999237060547,1.7999999523162842,1.8799999952316284,1773400,0.0,0,-0.01052630588288439,0.22385472095986236,2.4481380343437196,3.927311625634312,0.968964443053127,1.6899999380111694,2.7026469076648816,3.959411734518157,3.8658824103835805,1.2699999809265137
2020-03-27,1.8200000524520876,1.850000023841858,1.6299999952316284,1.7300000190734863,984300,0.0,0,-0.0797872215630836,0.20599397474069558,2.34230318069458,3.7029859272462287,0.9816204341429313,1.6899999380111694,2.67386877721639,3.959411734518157,3.8658824103835805,1.1699999570846558
2020-03-30,1.7599999904632568,1.7599999904632568,1.4199999570846558,1.4199999570846558,1969400,0.0,0,-0.17919078530117782,0.16908175263959935,2.231040734052658,3.5078095971728542,0.9542718709324614,1.6899999380111694,2.6642760051374283,3.959411734518157,3.8658824103835805,1.1200000047683716
2020-03-31,1.4299999475479126,1.590000033378601,1.2799999713897705,1.2899999618530271,2525900,0.0,0,-0.09154929518344945,0.1536024373570617,2.128626698255539,3.36106129744445,0.8961920990666279,1.684999942779541,2.6592760099058,3.947420758441203,3.8658824103835805,1.2300000190734863
2020-04-01,1.25,1.25,1.1299999952316284,1.1399999856948853,1673200,0.0,0,-0.11627905472390376,0.13574169113789492,2.0119977474212645,3.1505540526313136,0.8734414422112153,1.60999995470047,2.5554978146927843,3.947420758441203,3.8658824103835805,1.3700000047683716
2020-04-02,1.100000023841858,1.1299999952316284,1.0,1.0099999904632568,1772300,0.0,0,-0.11403508496746784,0.12026237585535729,1.9042172074317931,2.991992420003207,0.8164419948603794,1.5449999570846558,2.471312301688978,3.9138461783725784,3.8658824103835805,1.2799999713897705
2020-04-03,1.0299999713897705,1.1200000047683716,0.9300000071525574,0.959999978542328,2520300,0.0,0,-0.04950496276539107,0.11430879141656036,1.7968144863843918,2.8086701211705503,0.7849588515982333,1.5099999606609344,2.4363123052652567,3.745972768072683,3.7939367449360244,1.25
2020-04-06,1.0,1.159999966621399,1.0,1.149999976158142,1663200,0.0,0,0.19791666860692203,0.1369324066062095,1.705626705288887,2.597111846690295,0.8141415638874788,1.5099999606609344,2.3979413161464596,3.745972768072683,3.7939367449360244,1.1299999952316284
2020-04-07,1.2300000190734863,1.4500000476837158,1.1799999475479126,1.25,2843900,0.0,0,0.08695654427396815,0.14883957548380336,1.6347873359918594,2.4282847459348735,0.8412899260488456,1.504999965429306,2.3691629796852878,3.745972768072683,3.7939367449360244,1.0800000429153442
2020-04-08,1.2799999713897705,1.3799999952316284,1.2400000095367432,1.3200000524520874,1670200,0.0,0,0.056000041961669966,0.1571745979564535,1.5780000060796737,2.285362996234379,0.8706370159249683,1.3900000154972076,2.2348642470259903,3.745972768072683,3.7939367449360244,1.1299999952316284
2020-04-09,1.3300000429153442,1.7999999523162842,1.3300000429153442,1.649999976158142,4331400,0.0,0,0.24999993226745176,0.19646823679973083,1.5544999986886978,2.217660123147328,0.8913398742300679,1.3649999797344208,2.1869004019874616,3.731583702848437,3.7939367449360244,1.2300000190734863
2020-04-13,1.659999966621399,1.690000057220459,1.4199999570846558,1.559999942779541,2707000,0.0,0,-0.054545475563070656,0.18575178339045154,1.525999990105629,2.1338960878323805,0.9181038923788772,1.3649999797344208,2.04300908161058,3.6308596814605973,3.6980091095876655,1.1799999475479126
2020-04-14,1.6399999856948853,1.75,1.5800000429153442,1.6200000047683716,1458100,0.0,0,0.038461579608730645,0.19289609039478708,1.5169999927282334,2.1135040521297648,0.9204959333267021,1.3649999797344208,2.0142308302130796,3.5733032312451254,3.6404526593721935,1.2100000381469729
2020-04-15,1.5399999618530271,1.5700000524520874,1.3600000143051147,1.409999966621399,885400,0.0,0,-0.12962965279558658,0.16789103717128476,1.4974999934434892,2.080939075377992,0.9140609115089863,1.3649999797344208,2.0142308302130796,3.3814479754599125,3.4629865071539534,1.2599999904632568
2020-04-16,1.4700000286102295,1.4700000286102295,1.3200000524520874,1.350000023841858,1560500,0.0,0,-0.04255315191482678,0.16074674436139724,1.489999994635582,2.0770019694839266,0.9029980197872375,1.3649999797344208,1.7983937089023823,3.309502360459561,3.4006336498475975,1.2999999523162842
2020-04-17,1.4700000286102295,1.5299999713897705,1.2899999618530271,1.2999999523162842,2336400,0.0,0,-0.037037089364844955,0.15479315282537628,1.467999991774559,2.0487549517200847,0.887245031829033,1.399999976158142,1.629999965429306,3.2423529978518086,3.3334842872398456,1.399999976158142
2020-04-20,1.25,1.2799999713897705,1.149999976158142,1.1799999475479126,2577900,0.0,0,-0.09230769936149663,0.14050455301115325,1.4344999879598617,2.0001892019948238,0.8688107739248997,1.4749999642372131,1.629999965429306,3.0169231198396416,3.127239903787077,1.5099999904632568
2020-04-21,1.149999976158142,1.190000057220459,0.9900000095367432,1.0800000429153442,3878900,0.0,0,-0.08474568565903096,0.1285973983280074,1.4019999891519546,1.9707591554755926,0.8332408228283166,1.3949999809265137,1.5099999606609344,3.002533951609056,3.127239903787077,1.5199999809265137
2020-04-22,1.1100000143051147,1.2200000286102295,0.9900000095367432,1.0299999713897705,3857800,0.0,0,-0.046296360684027316,0.12264380679198644,1.3614999860525132,1.9147134242056358,0.8082865478993905,1.3949999809265137,1.5099999606609344,2.8423302542819298,3.0341855727895997,1.350000023841858
2020-04-23,1.0399999618530271,1.0800000429153442,0.9700000286102296,0.9800000190734864,4073400,0.0,0,-0.048543644373911565,0.11669022945041353,1.3154999881982803,1.8334615696950611,0.7975384067014996,1.3600000143051147,1.5099999606609344,2.738348348451966,2.9541855894789,1.3899999856948853
2020-04-24,1.0299999713897705,1.0299999713897705,0.9399999976158142,0.9800000190734864,2294800,0.0,0,0.0,0.11669022945041353,1.2704999893903732,1.737858813352917,0.8031411654278295,1.344999998807907,1.5099999606609344,2.4964026715742245,2.7841855727895997,1.4600000381469729
2020-04-27,1.0199999809265137,1.2999999523162842,0.9900000095367432,1.2599999904632568,5804300,0.0,0,0.2857142509593913,0.15003029095211795,1.2469999879598617,1.663560952496047,0.8304390234236763,1.2550000250339508,1.5099999606609344,2.4820135458754744,2.7841855727895997,1.559999942779541
2020-04-28,1.409999966621399,1.7000000476837158,1.3899999856948853,1.4199999570846558,7519700,0.0,0,0.1269841014542965,0.16908175263959932,1.2469999879598617,1.663560952496047,0.8304390234236763,1.320000022649765,1.5099999606609344,2.450837170144508,2.7841855727895997,1.830000042915344
2020-04-29,1.5399999618530271,1.6299999952316284,1.4299999475479126,1.5700000524520874,3231800,0.0,0,0.1056338731695392,0.18694251305321416,1.2609999924898148,1.7008304599045774,0.8211695250750521,1.320000022649765,1.5099999606609344,2.3405202969587493,2.7841855727895997,2.1700000762939453
2020-04-30,1.600000023841858,1.6799999475479126,1.4299999475479126,1.5,3963200,0.0,0,-0.04458601918054628,0.17860749058056402,1.2789999932050704,1.7270286322541284,0.8309713541560124,1.320000022649765,1.5099999606609344,2.2563234252222113,2.7841855727895997,2.400000095367432
2020-05-01,1.4500000476837158,1.4800000190734863,1.2999999523162842,1.3700000047683716,2085000,0.0,0,-0.08666666348775232,0.1631281752980264,1.2969999939203263,1.7288138104757123,0.8651861773649403,1.320000022649765,1.504999965429306,2.2563234252222113,2.7697962841876342,2.0999999046325684
2020-05-04,1.3300000429153442,1.409999966621399,1.2699999809265137,1.2699999809265137,1404000,0.0,0,-0.07299271787868722,0.1512210064204325,1.3124999940395354,1.7158318543826339,0.909168133696437,1.320000022649765,1.3900000154972076,2.1963234228380255,2.7697962841876342,1.5199999809265137
2020-05-05,1.3200000524520874,1.3700000047683716,1.1699999570846558,1.1699999570846558,2418900,0.0,0,-0.07874017743599027,0.13931383754283863,1.3134999930858613,1.7152949544169656,0.911705031754757,1.320000022649765,1.3649999797344208,2.1819343576137795,2.7697962841876342,1.309999942779541
2020-05-06,1.2400000095367432,1.2400000095367432,1.100000023841858,1.1200000047683716,4441400,0.0,0,-0.04273500354724069,0.1333602602012657,1.3069999933242797,1.7169066783606928,0.8970933082878666,1.320000022649765,1.3649999797344208,2.177137971574299,2.7697962841876342,1.4900000095367432
2020-05-07,1.1699999570846558,1.25,1.1299999952316284,1.2300000190734863,2135800,0.0,0,0.09821429806856474,0.14645814454717418,1.3024999916553497,1.7137252509668286,0.8912747323438708,1.3450000286102295,1.3649999797344208,2.1721379763426705,2.764796288956006,1.399999976158142
2020-05-08,1.2300000190734863,1.3899999856948853,1.2100000381469729,1.3700000047683716,2404800,0.0,0,0.11382112481619489,0.1631281752980264,1.2884999930858612,1.6690511946533255,0.9079487915183969,1.4000000357627869,1.3649999797344208,2.082748884696627,2.6897963008769348,1.5199999809265137
2020-05-11,1.340000033378601,1.350000023841858,1.2300000190734863,1.2799999713897705,2088400,0.0,0,-0.06569345479222644,0.1524117218887471,1.2744999945163726,1.6338569301599135,0.9151430588728318,1.3899999856948853,1.3649999797344208,2.008156129386817,2.6247963032611206,1.3700000047683716
2020-05-12,1.2799999713897705,1.340000033378601,1.2400000095367432,1.25,1285700,0.0,0,-0.023437478172126713,0.14883957548380333,1.255999994277954,1.578085968725679,0.9339140198302291,1.3899999856948853,1.3699999749660492,1.9731561329630956,2.5897963068373993,1.3899999856948853
2020-05-13,1.2599999904632568,1.2999999523162842,1.059999942779541,1.1299999952316284,2161300,0.0,0,-0.09600000381469731,0.1345509756695803,1.2419999957084655,1.5603734062833607,0.9236265851335703,1.2699999809265137,1.3699999749660492,1.953970638403697,2.5897963068373993,1.3899999856948853
2020-05-14,1.090000033378601,1.159999966621399,1.0199999809265137,1.0800000429153442,2112900,0.0,0,-0.0442477455993574,0.12859739832800737,1.22849999666214,1.5503269163546878,0.9066730769695922,1.2149999737739563,1.3699999749660492,1.937081472557297,2.5897963068373993,1.409999966621399
2020-05-15,1.090000033378601,1.1699999570846558,1.0399999618530271,1.1299999952316284,1697300,0.0,0,0.046296250305059905,0.1345509756695803,1.219999998807907,1.5428133405709084,0.8971866570449059,1.2049999833106995,1.3699999749660492,1.812432131261599,2.5897963068373993,1.3300000429153442
2020-05-18,1.2599999904632568,1.2699999809265137,1.1699999570846558,1.2300000190734863,2219900,0.0,0,0.0884955966936618,0.14645814454717418,1.2225000023841859,1.5448040434788657,0.9001959612895061,1.2049999833106995,1.344999998807907,1.7759501908609412,2.5897963068373993,1.25
2020-05-19,1.2200000286102295,1.2599999904632568,1.159999966621399,1.1799999475479126,1600900,0.0,0,-0.040650464024575284,0.14050455301115322,1.2274999976158143,1.5437883128865062,0.9112116823451224,1.2049999833106995,1.344999998807907,1.7040045306725005,2.5897963068373993,1.2699999809265137
2020-05-20,1.2100000381469729,1.2300000190734863,1.159999966621399,1.2100000381469729,1498100,0.0,0,0.025423806722535636,0.14407671361054505,1.2365000009536744,1.5396270637070746,0.9333729382002742,1.2049999833106995,1.320000022649765,1.6896154049737502,2.5897963068373993,1.2799999713897705
2020-05-21,1.2000000476837158,1.2899999618530271,1.190000057220459,1.2599999904632568,1800800,0.0,0,0.04132227333881344,0.15003029095211795,1.250499999523163,1.5296103614147054,0.9713896376316205,1.1850000023841858,1.320000022649765,1.6896154049737502,2.5897963068373993,1.3300000429153442
2020-05-22,1.2599999904632568,1.2999999523162842,1.2200000286102295,1.2999999523162842,1435800,0.0,0,0.03174600171093722,0.15479315282537628,1.2664999961853027,1.5166370507304294,1.016362941640176,1.1800000071525574,1.320000022649765,1.5816968443184014,2.5897963068373993,1.3799999952316284
2020-05-26,1.3600000143051147,1.5,1.3600000143051147,1.399999976158142,2427300,0.0,0,0.07692309808448994,0.16670032170297014,1.273499995470047,1.53033715819908,1.016662832741014,1.2599999904632568,1.320000022649765,1.514999970793724,2.5897963068373993,1.3300000429153442
2020-05-27,1.5,1.5399999618530271,1.3799999952316284,1.5099999904632568,2918400,0.0,0,0.07857144012743134,0.1797982060488786,1.277999997138977,1.54791278734017,1.0080872069377842,1.2799999713897705,1.320000022649765,1.5524999648332596,2.5897963068373993,1.3300000429153442
2020-05-28,1.5700000524520874,1.6399999856948853,1.4900000095367432,1.5199999809265137,2401500,0.0,0,0.006622510282393357,0.1809889215171932,1.2754999935626983,1.535171273246188,1.0158287138792086,1.3399999737739563,1.320000022649765,1.452499970793724,2.5897963068373993,1.3700000047683716
2020-05-29,1.4800000190734863,1.5199999809265137,1.350000023841858,1.350000023841858,2800600,0.0,0,-0.11184207843281191,0.16074674436139724,1.2679999947547913,1.5091089179408457,1.026891071568737,1.399999976158142,1.320000022649765,1.452499970793724,2.5897963068373993,1.3300000429153442
2020-06-01,1.3600000143051147,1.4600000381469729,1.2999999523162842,1.3899999856948853,1495300,0.0,0,0.029629600849335302,0.16550960623465558,1.268999993801117,1.511971755617779,1.026028231984455,1.399999976158142,1.320000022649765,1.4349999874830246,2.5897963068373993,1.350000023841858
2020-06-02,1.4500000476837158,1.5,1.409999966621399,1.4600000381469729,2587600,0.0,0,0.05035975048380559,0.17384462870730574,1.27849999666214,1.535494549621522,1.021505443702758,1.399999976158142,1.3450000286102295,1.4274999797344208,2.5897963068373993,1.3799999952316284
2020-06-03,1.5,1.659999966621399,1.4900000095367432,1.559999942779541,3735200,0.0,0,0.06849308357518114,0.18575178339045156,1.2979999959468842,1.5775536854872456,1.0184463064065228,1.425000011920929,1.3600000143051147,1.3824999928474426,2.5897963068373993,1.2899999618530271
2020-06-04,1.5800000429153442,1.909999966621399,1.5700000524520874,1.830000042915344,4212200,0.0,0,0.17307699361496676,0.21790114361828944,1.3334999978542328,1.6854550974889104,0.981544898219555,1.5649999976158142,1.4649999737739563,1.4149999916553497,2.5274435553754673,1.4199999570846558
2020-06-05,2.0199999809265137,2.25,1.9600000381469729,2.1700000762939453,4855300,0.0,0,0.18579236360943074,0.2583855121243295,1.3805000007152557,1.8847343497070699,0.8762656517234414,1.774999976158142,1.6349999904632568,1.4149999916553497,2.5226469303146466,1.3899999856948853
2020-06-08,2.259999990463257,2.4800000190734863,2.140000104904175,2.400000095367432,5557700,0.0,0,0.10599078847328625,0.28577199628446104,1.4320000052452087,2.1055403748887476,0.7584596356016698,1.8899999856948853,1.75,1.4149999916553497,2.5226469303146466,1.5199999809265137
2020-06-09,2.200000047683716,2.3299999237060547,2.039999961853028,2.0999999046325684,5562300,0.0,0,-0.1250000745058032,0.2500504754572313,1.4730000019073486,2.202663898086544,0.7433361057281529,1.8899999856948853,1.75,1.4124999940395355,2.5226469303146466,1.5700000524520874
2020-06-10,1.9299999475479128,1.950000047683716,1.5,1.5199999809265137,5821800,0.0,0,-0.27619045240268036,0.18098892151719326,1.4865000009536744,2.2090402257852872,0.7639597761220617,1.8899999856948853,1.75,1.3550000190734863,2.5226469303146466,1.4500000476837158
2020-06-11,1.350000023841858,1.4700000286102295,1.309999942779541,1.309999942779541,5193500,0.0,0,-0.1381579215671881,0.1559838682936909,1.49549999833107,2.2042586137743947,0.7867413828877452,1.8899999856948853,1.75,1.342500001192093,2.493868799866155,1.3600000143051147
2020-06-12,1.440000057220459,1.5,1.350000023841858,1.4900000095367432,2947300,0.0,0,0.13740463711416684,0.1774167751122495,1.5159999966621398,2.1984510609363417,0.8335489323879379,1.8949999809265137,1.75,1.342500001192093,2.4842760277871934,1.4299999475479126
2020-06-15,1.4199999570846558,1.4199999570846558,1.3200000524520874,1.399999976158142,2914900,0.0,0,-0.06040270657889668,0.1667003217029702,1.5294999957084656,2.191011684249861,0.8679883071670706,1.8949999809265137,1.75,1.3550000041723251,2.4842760277871934,1.409999966621399
2020-06-16,1.600000023841858,1.6200000047683716,1.440000057220459,1.5199999809265137,3035900,0.0,0,0.08571429057997104,0.18098892151719323,1.5439999938011169,2.1910156904526232,0.8969842971496106,1.8949999809265137,1.75,1.3825000077486038,2.4554978206532487,1.4199999570846558
2020-06-17,1.5099999904632568,1.5199999809265137,1.3700000047683716,1.3700000047683716,2901000,0.0,0,-0.09868419607920642,0.16312817529802642,1.55349999666214,2.184052566963574,0.9229474263607058,1.8949999809265137,1.75,1.377499982714653,2.4363123052652567,1.3200000524520874
2020-06-18,1.3700000047683716,1.4600000381469729,1.350000023841858,1.3899999856948853,2529900,0.0,0,0.014598526172921567,0.1655096062346556,1.5624999940395354,2.1779812628661137,0.9470187252129569,1.8949999809265137,1.75,1.3799999803304672,2.4363123052652567,1.3899999856948853
2020-06-19,1.4299999475479126,1.5099999904632568,1.3700000047683716,1.3899999856948853,6637900,0.0,0,0.0,0.1655096062346556,1.568999993801117,2.1741124976615653,0.9638874899406686,1.8199999332427979,1.75,1.3199999779462814,2.3979413161464596,1.340000033378601
2020-06-22,1.3899999856948853,1.440000057220459,1.3600000143051147,1.409999966621399,2590800,0.0,0,0.014388475634778741,0.16789103717128476,1.5744999945163727,2.171592729758338,0.9774072592744071,1.6299999952316284,1.7599999904632568,1.2924999743700027,2.3691629796852878,1.4299999475479126
2020-06-23,1.409999966621399,1.4199999570846558,1.3200000524520874,1.3300000429153442,3535500,0.0,0,-0.0567375358864356,0.1583653134247681,1.5709999978542328,2.1729970155666556,0.96900298014181,1.4649999737739563,1.8199999928474426,1.2874999791383743,2.2348642470259903,1.3600000143051147
2020-06-24,1.3300000429153442,1.3700000047683716,1.2300000190734863,1.25,2774700,0.0,0,-0.06015040626614199,0.1488395754838034,1.55799999833107,2.175898426091818,0.9401015705703221,1.425000011920929,1.8199999928474426,1.2749999910593033,2.1869004019874616,1.2699999809265137
2020-06-25,1.2100000381469729,1.3200000524520874,1.2000000476837158,1.2699999809265137,2860800,0.0,0,0.015999984741210893,0.15122100642043254,1.54549999833107,2.1760910455151508,0.9149089511469892,1.4100000262260437,1.8199999928474426,1.2749999910593033,2.04300908161058,1.2300000190734863
2020-06-26,1.3300000429153442,1.3300000429153442,1.2100000381469729,1.2799999713897705,9896000,0.0,0,0.007874008357040552,0.1524117218887471,1.5419999957084656,2.177704480133806,0.9062955112831255,1.4100000262260437,1.8350000381469727,1.2625000029802322,2.0142308302130796,1.309999942779541
2020-06-29,1.2699999809265137,1.350000023841858,1.2599999904632568,1.3300000429153442,1828300,0.0,0,0.03906255675247072,0.15836531342476806,1.5389999985694884,2.178139741446934,0.8998602556920432,1.3600000143051147,1.840000033378601,1.2525000125169754,2.0142308302130796,1.350000023841858
2020-06-30,1.3700000047683716,1.399999976158142,1.309999942779541,1.3799999952316284,2451500,0.0,0,0.037593947896937596,0.16431889076634099,1.5349999964237213,2.177093914228859,0.8929060786185835,1.3550000190734863,1.840000033378601,1.2500000149011612,1.7983937089023823,1.3300000429153442
2020-07-01,1.3899999856948853,1.4500000476837158,1.2999999523162842,1.3300000429153442,2326800,0.0,0,-0.036231849629747126,0.1583653134247681,1.5235000014305116,2.1716669934078245,0.8753330094531984,1.3550000190734863,1.840000033378601,1.290000006556511,1.629999965429306,1.3899999856948853
2020-07-02,1.3600000143051147,1.3799999952316284,1.2999999523162842,1.3300000429153442,1444500,0.0,0,0.0,0.1583653134247681,1.4985000014305114,2.1358141840884186,0.8611858187726043,1.3250000476837158,1.840000033378601,1.2999999970197678,1.629999965429306,1.4800000190734863
2020-07-06,1.3700000047683716,1.3799999952316284,1.2999999523162842,1.3700000047683716,1429800,0.0,0,0.030075158317550033,0.16312817529802642,1.4584999978542328,2.0169515850413173,0.9000484106671481,1.3250000476837158,1.840000033378601,1.3299999982118607,1.5099999606609344,1.5299999713897705
2020-07-07,1.3200000524520874,1.3600000143051147,1.2300000190734863,1.3300000429153442,2791800,0.0,0,-0.029197052345843022,0.1583653134247681,1.4049999952316283,1.757713977313914,1.0522860131493426,1.3250000476837158,1.840000033378601,1.3599999994039536,1.5099999606609344,1.5199999809265137
2020-07-08,1.3200000524520874,1.3799999952316284,1.2799999713897705,1.350000023841858,2052100,0.0,0,0.015037579158775127,0.16074674436139727,1.3675000011920928,1.5147061609620676,1.220293841422118,1.3250000476837158,1.840000033378601,1.3599999994039536,1.5099999606609344,1.5399999618530271
2020-07-09,1.3200000524520874,1.409999966621399,1.2400000095367432,1.3799999952316284,4303200,0.0,0,0.02222220063700142,0.164318890766341,1.3605000019073485,1.4901184118960786,1.2308815919186185,1.3300000429153442,1.840000033378601,1.3725000023841858,1.5099999606609344,1.5299999713897705
2020-07-10,1.3700000047683716,1.4500000476837158,1.2799999713897705,1.2899999618530271,9159200,0.0,0,-0.0652174157170885,0.1536024373570617,1.359500002861023,1.4909769471782741,1.2280230585437717,1.340000033378601,1.840000033378601,1.3925000131130219,1.5099999606609344,1.5399999618530271
2020-07-13,1.340000033378601,1.4500000476837158,1.309999942779541,1.4199999570846558,3579900,0.0,0,0.10077519308209082,0.16908175263959935,1.3560000002384185,1.4765544512402475,1.2354455492365894,1.340000033378601,1.840000033378601,1.5149999856948853,1.5099999606609344,1.4199999570846558
2020-07-14,1.409999966621399,1.4199999570846558,1.340000033378601,1.3899999856948853,2409000,0.0,0,-0.021126741053825282,0.1655096062346556,1.3555000007152558,1.4753943590059349,1.2356056424245767,1.340000033378601,1.840000033378601,1.7049999833106995,1.5900000035762787,1.440000057220459
2020-07-15,1.440000057220459,1.5299999713897705,1.4199999570846558,1.5199999809265137,3702500,0.0,0,0.09352517738814159,0.18098892151719323,1.3555000007152558,1.4753943590059349,1.2356056424245767,1.3799999952316284,1.7649999856948853,1.8199999928474426,1.7050000131130219,1.409999966621399
2020-07-16,1.5099999904632568,1.600000023841858,1.4700000286102295,1.5700000524520874,2346000,0.0,0,0.03289478431117887,0.1869425130532142,1.3655000030994415,1.5179157515256725,1.2130842546732106,1.4150000214576721,1.5750000476837158,1.8199999928474426,1.7050000131130219,1.3300000429153442
2020-07-17,1.5499999523162842,1.5700000524520874,1.4500000476837158,1.4500000476837158,1412800,0.0,0,-0.07643312150273551,0.17265391323899115,1.368500006198883,1.5250774216892273,1.2119225907085387,1.4150000214576721,1.4100000262260437,1.8199999928474426,1.7050000131130219,1.3300000429153442
2020-07-20,1.4500000476837158,1.4500000476837158,1.350000023841858,1.3600000143051147,1490200,0.0,0,-0.06206898649580772,0.16193745982971186,1.3670000076293944,1.5232963120909506,1.2107037031678383,1.4200000166893005,1.4100000262260437,1.8199999928474426,1.7050000131130219,1.2799999713897705
2020-07-21,1.3700000047683716,1.4600000381469729,1.3600000143051147,1.4299999475479126,1295500,0.0,0,0.05147053860772499,0.17027246810791397,1.3680000066757203,1.5256487677657469,1.2103512455856937,1.4200000166893005,1.4100000262260437,1.8224999904632568,1.7050000131130219,1.5700000524520874
2020-07-22,1.399999976158142,1.440000057220459,1.399999976158142,1.409999966621399,548800,0.0,0,-0.013986001160915085,0.1678910371712848,1.3720000028610229,1.5296487639510468,1.214351241770999,1.4399999976158142,1.4100000262260437,1.8224999904632568,1.7050000131130219,1.3799999952316284
2020-07-23,1.4199999570846558,1.4500000476837158,1.3700000047683716,1.4199999570846558,1273500,0.0,0,0.0070921919858044635,0.1690817526395994,1.3805000007152557,1.5288826938524014,1.23211730757811,1.4549999833106995,1.4000000357627869,1.8224999904632568,1.7050000131130219,1.3899999856948853
2020-07-24,1.3899999856948853,1.440000057220459,1.3200000524520874,1.3200000524520874,913600,0.0,0,-0.0704224701794175,0.15717459795645358,1.3830000042915345,1.525349671365742,1.240650337217327,1.4600000381469727,1.4000000357627869,1.8224999904632568,1.7050000131130219,1.2799999713897705
2020-07-27,1.340000033378601,1.399999976158142,1.309999942779541,1.3899999856948853,1229700,0.0,0,0.053030250349432206,0.16550960623465566,1.3885000050067902,1.5226863708850098,1.2543136391285705,1.4549999833106995,1.4000000357627869,1.8224999904632568,1.7100000083446503,1.2999999523162842
2020-07-28,1.3799999952316284,1.399999976158142,1.340000033378601,1.340000033378601,714500,0.0,0,-0.03597118908694685,0.15955602889308274,1.389000004529953,1.5223740179120708,1.2556259911478354,1.4549999833106995,1.4000000357627869,1.784999966621399,1.7100000083446503,1.2699999809265137
2020-07-29,1.350000023841858,1.440000057220459,1.350000023841858,1.4299999475479126,1042600,0.0,0,0.06716411337870709,0.17027246810791402,1.3915000021457673,1.525987384412533,1.2570126198790017,1.4399999976158142,1.4000000357627869,1.6949999928474426,1.7100000083446503,1.2599999904632568
2020-07-30,1.3799999952316284,1.409999966621399,1.350000023841858,1.3600000143051147,706100,0.0,0,-0.04895100406320296,0.16193745982971192,1.3930000007152556,1.5253391472572064,1.2606608541733049,1.3849999904632568,1.4000000357627869,1.6424999833106995,1.7100000083446503,1.2200000286102295
2020-07-31,1.350000023841858,1.3700000047683716,1.25,1.2699999809265137,1824200,0.0,0,-0.06617649443524909,0.15122100642043262,1.3899999976158142,1.5304766579998528,1.2495233372317756,1.3550000190734863,1.4000000357627869,1.6225000023841858,1.7100000083446503,1.1100000143051147
2020-08-03,1.2699999809265137,1.2899999618530271,1.2200000286102295,1.2300000190734863,1407900,0.0,0,-0.03149603342816265,0.1464581445471743,1.38299999833107,1.5399417705757479,1.226058226086392,1.3350000381469727,1.4050000309944153,1.6150000095367432,1.7100000083446503,1.1200000047683716
2020-08-04,1.2699999809265137,1.309999942779541,1.25,1.309999942779541,1419200,0.0,0,0.06504058737032836,0.15598386829369096,1.3819999933242797,1.5405439812721509,1.2234560053764085,1.3350000381469727,1.4100000262260437,1.6225000321865082,1.7100000083446503,1.149999976158142
2020-08-05,1.3200000524520874,1.350000023841858,1.2899999618530271,1.350000023841858,1009900,0.0,0,0.03053441435840476,0.16074674436139735,1.3819999933242797,1.5405439812721509,1.2234560053764085,1.3300000429153442,1.4100000262260437,1.600000023841858,1.7100000083446503,1.1399999856948853
2020-08-06,1.350000023841858,1.3700000047683716,1.309999942779541,1.3300000429153442,610200,0.0,0,-0.014814800424667651,0.15836531342476817,1.3794999957084655,1.5396775004215635,1.2193224909953675,1.3300000429153442,1.4100000262260437,1.5975000262260437,1.7100000083446503,1.159999966621399
2020-08-07,1.3200000524520874,1.399999976158142,1.2899999618530271,1.3899999856948853,896500,0.0,0,0.04511273747632516,0.1655096062346557,1.3844999969005585,1.5392851386976625,1.2297148551034545,1.3300000429153442,1.4100000262260437,1.5975000262260437,1.7100000083446503,1.159999966621399
2020-08-10,1.399999976158142,1.4800000190734863,1.3899999856948853,1.4800000190734863,2961100,0.0,0,0.0647482261185841,0.17622605964393498,1.3875,1.5472224362188862,1.2277775637811137,1.350000023841858,1.4100000262260437,1.5825000405311584,1.7100000083446503,1.1699999570846558
2020-08-11,1.4900000095367432,1.5700000524520874,1.399999976158142,1.5299999713897705,2671200,0.0,0,0.033783751129669026,0.18217963698550788,1.3944999992847442,1.5660154670116886,1.2229845315577998,1.3950000405311584,1.4100000262260437,1.5825000405311584,1.7100000083446503,1.1399999856948853
2020-08-12,1.559999942779541,1.5700000524520874,1.4800000190734863,1.5199999809265137,977600,0.0,0,-0.00653594160147164,0.18098892151719329,1.3944999992847442,1.5660154670116886,1.2229845315577998,1.3950000405311584,1.4100000262260437,1.5825000405311584,1.7100000083446503,1.159999966621399
2020-08-13,1.5099999904632568,1.559999942779541,1.4600000381469729,1.5399999618530271,851000,0.0,0,0.013157882353605377,0.18337035245382244,1.3929999947547913,1.5587147088907463,1.2272852806188363,1.3950000405311584,1.4100000262260437,1.5825000405311584,1.7100000083446503,1.100000023841858
2020-08-14,1.5299999713897705,1.600000023841858,1.4900000095367432,1.5299999713897705,991900,0.0,0,-0.006493500461664969,0.18217963698550788,1.396999990940094,1.5717416404978222,1.222258341382366,1.425000011920929,1.4100000262260437,1.5850000381469727,1.7350000143051147,1.059999942779541
2020-08-17,1.5199999809265137,1.559999942779541,1.5,1.5399999618530271,792300,0.0,0,0.006535941601471418,0.1833703524538224,1.4059999883174896,1.590566700265145,1.2214332763698343,1.4449999928474426,1.4100000262260437,1.590000033378601,1.75,1.0099999904632568
2020-08-18,1.5299999713897705,1.5499999523162842,1.409999966621399,1.4199999570846558,1361000,0.0,0,-0.07792208294861225,0.1690817526395994,1.4054999887943267,1.5898557004839367,1.2211442771047167,1.4449999928474426,1.4100000262260437,1.590000033378601,1.75,0.9900000095367432
2020-08-19,1.4199999570846558,1.4600000381469729,1.3899999856948853,1.440000057220459,1102900,0.0,0,0.014084577986089863,0.1714631977706766,1.4069999933242798,1.5919715925780287,1.222028394070531,1.4449999928474426,1.4100000262260437,1.590000033378601,1.75,0.9900000095367432
2020-08-20,1.399999976158142,1.440000057220459,1.3799999952316284,1.409999966621399,658400,0.0,0,-0.020833395421502532,0.16789103717128478,1.406499993801117,1.5913813920741031,1.2216185955281307,1.4900000095367432,1.4100000262260437,1.5724999904632568,1.75,1.0099999904632568
2020-08-21,1.409999966621399,1.4299999475479126,1.3300000429153442,1.3300000429153442,1324400,0.0,0,-0.0567375358864356,0.15836531342476812,1.4069999933242798,1.590985188848322,1.2230147978002377,1.465000033378601,1.4100000262260437,1.495000034570694,1.75,0.9800000190734864
2020-08-24,1.3700000047683716,1.3799999952316284,1.2899999618530271,1.3300000429153442,1770800,0.0,0,0.0,0.15836531342476812,1.4039999961853027,1.5909612359415137,1.2170387564290917,1.4449999928474426,1.4100000262260437,1.412500023841858,1.75,0.9700000286102296
2020-08-25,1.350000023841858,1.3700000047683716,1.2799999713897705,1.2799999713897705,1493800,0.0,0,-0.03759403752797941,0.15241172188874716,1.4009999930858612,1.5938699245416683,1.208130061630054,1.4399999976158142,1.4100000262260437,1.4150000214576721,1.75,0.9700000286102296
2020-08-26,1.3200000524520874,1.6200000047683716,1.3200000524520874,1.5700000524520874,9134100,0.0,0,0.22656256839400313,0.18694251305321422,1.40799999833107,1.6144106600718058,1.2015893365903343,1.449999988079071,1.4200000166893005,1.4150000214576721,1.75,1.0
2020-08-27,1.5199999809265137,1.5399999618530271,1.3700000047683716,1.3799999952316284,2208800,0.0,0,-0.12101914068328179,0.16431889076634104,1.4089999973773957,1.614655023680281,1.2033449710745103,1.449999988079071,1.4200000166893005,1.425000011920929,1.75,0.9900000095367432
2020-08-28,1.3899999856948853,1.4299999475479126,1.3700000047683716,1.3899999856948853,819000,0.0,0,0.007246369925949514,0.16550960623465563,1.4149999976158143,1.6107419199396777,1.2192580752919508,1.449999988079071,1.4200000166893005,1.4275000095367432,1.75,0.9200000166893004
2020-08-31,1.3799999952316284,1.409999966621399,1.2799999713897705,1.2799999713897705,2499800,0.0,0,-0.07913670175336285,0.15241172188874716,1.4174999952316285,1.6047287269397976,1.2302712635234594,1.449999988079071,1.4200000166893005,1.4300000369548798,1.75,0.9800000190734864
2020-09-01,1.2999999523162842,1.340000033378601,1.2699999809265137,1.2999999523162842,1812400,0.0,0,0.01562498544808455,0.15479315282537634,1.4169999957084656,1.6054370226070296,1.2285629688099016,1.4449999928474426,1.4200000166893005,1.4275000095367432,1.75,1.0399999618530271
2020-09-02,1.340000033378601,1.340000033378601,1.2699999809265137,1.2699999809265137,1026900,0.0,0,-0.02307690191550993,0.1512210064204326,1.4129999935626985,1.610244252885428,1.215755734239969,1.4449999928474426,1.4200000166893005,1.4275000095367432,1.75,1.1699999570846558
2020-09-03,1.2699999809265137,1.309999942779541,1.25,1.2599999904632568,1042500,0.0,0,-0.007874008357040663,0.150030290952118,1.409499990940094,1.614916478335711,1.204083503544477,1.4350000023841858,1.4200000166893005,1.4200000166893005,1.7599999904632568,1.159999966621399
2020-09-04,1.2899999618530271,1.2999999523162842,1.2100000381469729,1.2200000286102295,2182100,0.0,0,-0.03174600171093711,0.14526742907885967,1.4009999930858612,1.6225571160225332,1.1794428701491892,1.4150000214576721,1.4150000214576721,1.3925000131130219,1.8199999928474426,1.1200000047683716
2020-09-08,1.2100000381469729,1.2400000095367432,1.1100000143051147,1.1100000143051147,2304700,0.0,0,-0.090163944037298,0.1321695447329512,1.3824999928474426,1.6346176454018972,1.130382340292988,1.3650000095367432,1.3650000095367432,1.3775000274181366,1.8199999928474426,1.1799999475479126
2020-09-09,1.159999966621399,1.2100000381469729,1.100000023841858,1.1200000047683716,2094100,0.0,0,0.009009000301245074,0.1333602602012658,1.3619999945163728,1.6292024312167703,1.0947975578159752,1.3199999928474426,1.3600000143051147,1.370000034570694,1.8199999928474426,1.2200000286102295
2020-09-10,1.1399999856948853,1.2699999809265137,1.1299999952316284,1.149999976158142,1504100,0.0,0,0.026785688626827175,0.13693240660620956,1.3434999942779542,1.6156266253192868,1.0713733632366216,1.2649999856948853,1.3600000143051147,1.3725000321865082,1.8350000381469727,1.2100000381469729
2020-09-11,1.2000000476837158,1.2000000476837158,1.0800000429153442,1.1399999856948853,1506700,0.0,0,-0.008695644061371466,0.13574169113789497,1.323499995470047,1.5936879329032054,1.0533120580368887,1.2450000047683716,1.350000023841858,1.370000034570694,1.840000033378601,1.190000057220459
2020-09-14,1.149999976158142,1.190000057220459,1.1399999856948853,1.159999966621399,1129200,0.0,0,0.017543843138140724,0.13812312207452415,1.3049999952316285,1.5665352776376418,1.0434647128256151,1.2100000381469727,1.350000023841858,1.370000034570694,1.840000033378601,1.1699999570846558
2020-09-15,1.1699999570846558,1.1799999475479126,1.1299999952316284,1.159999966621399,696200,0.0,0,0.0,0.13812312207452415,1.285999995470047,1.5310020787863512,1.0409979121537427,1.2100000381469727,1.350000023841858,1.370000034570694,1.840000033378601,1.1299999952316284
2020-09-16,1.1699999570846558,1.2100000381469729,1.159999966621399,1.1699999570846558,1633200,0.0,0,0.008620681681899223,0.13931383754283874,1.273499995470047,1.515335331955538,1.031664658984556,1.1949999928474426,1.350000023841858,1.3800000250339508,1.840000033378601,1.1699999570846558
2020-09-17,1.1699999570846558,1.190000057220459,1.1299999952316284,1.1399999856948853,1558400,0.0,0,-0.025641002128344415,0.135741691137895,1.2584999918937683,1.4942388251144691,1.0227611586730674,1.1899999976158142,1.350000023841858,1.402500033378601,1.840000033378601,1.2000000476837158
2020-09-18,1.159999966621399,1.1699999570846558,1.1299999952316284,1.159999966621399,2671400,0.0,0,0.017543843138140724,0.13812312207452418,1.2459999918937683,1.4746087131000785,1.0173912706874582,1.175000011920929,1.350000023841858,1.402500033378601,1.840000033378601,1.190000057220459
2020-09-21,1.1299999952316284,1.159999966621399,1.100000023841858,1.100000023841858,1722900,0.0,0,-0.05172409009139556,0.13097882926463666,1.234499990940094,1.4681886180498531,1.0008113638303349,1.175000011920929,1.350000023841858,1.402500033378601,1.840000033378601,1.090000033378601
2020-09-22,1.1100000143051147,1.1200000047683716,1.059999942779541,1.059999942779541,1830000,0.0,0,-0.03636370926848953,0.1262159531969303,1.2209999859333038,1.4622179291446582,0.9797820427219495,1.1649999618530273,1.3399999737739563,1.4175000190734863,1.840000033378601,1.0700000524520874
2020-09-23,1.059999942779541,1.090000033378601,1.0099999904632568,1.0099999904632568,2044700,0.0,0,-0.047169768882415086,0.12026237585535737,1.2074999868869782,1.463911709630178,0.9510882641437786,1.1100000143051147,1.3149999976158142,1.4275000095367432,1.840000033378601,1.0499999523162842
2020-09-24,1.0099999904632568,1.0199999809265137,0.949999988079071,0.9900000095367432,2687500,0.0,0,-0.01980196150035629,0.1178809449187282,1.178499984741211,1.3914365897896237,0.9655633796927984,1.0800000131130219,1.2849999964237213,1.4275000095367432,1.840000033378601,1.0700000524520874
2020-09-25,1.0399999618530271,1.0399999618530271,0.9700000286102296,0.9900000095367432,1233400,0.0,0,0.0,0.1178809449187282,1.1589999854564668,1.3658314230054225,0.952168547907511,1.0800000131130219,1.2849999964237213,1.4275000095367432,1.840000033378601,1.1100000143051147
2020-09-28,1.0199999809265137,1.0700000524520874,0.9900000095367432,1.0099999904632568,1251200,0.0,0,0.020202000741265103,0.12026237585535739,1.1399999856948853,1.3271341922720505,0.9528657791177199,1.0800000131130219,1.2849999964237213,1.4500000178813934,1.7649999856948853,1.2300000190734863
2020-09-29,1.0099999904632568,1.0199999809265137,0.9700000286102296,0.9800000190734864,1959300,0.0,0,-0.02970294225053438,0.11669022945041364,1.124999988079071,1.3129427836879175,0.9370571924702247,1.070000022649765,1.2849999964237213,1.4375000298023224,1.5750000476837158,1.2200000286102295
2020-09-30,1.0499999523162842,1.0499999523162842,0.959999978542328,0.9700000286102296,1458100,0.0,0,-0.010204071702683226,0.11549951398209907,1.1084999918937684,1.2898480624932565,0.9271519212942803,1.0599999725818634,1.2849999964237213,1.4275000095367432,1.4100000262260437,1.2699999809265137
2020-10-01,0.9700000286102296,1.0,0.9399999976158142,0.9700000286102296,1098200,0.0,0,0.0,0.11549951398209907,1.0934999942779542,1.268377556187066,0.9186224323688423,1.0499999821186066,1.280000001192093,1.425000011920929,1.4100000262260437,1.409999966621399
2020-10-02,0.9300000071525574,1.0800000429153442,0.9100000262260436,1.0,3251800,0.0,0,0.03092780464424627,0.11907166038704282,1.0804999947547913,1.2419348271743336,0.9190651623352492,1.0150000154972076,1.2249999940395353,1.4350000023841858,1.4100000262260437,1.5099999904632568
2020-10-05,1.0,1.0800000429153442,0.9800000190734864,0.9900000095367432,1307100,0.0,0,-0.009999990463256836,0.11788094491872823,1.068999993801117,1.221472076663962,0.916527910938272,1.0000000298023224,1.1699999868869781,1.4350000023841858,1.4100000262260437,1.409999966621399
2020-10-06,1.0,1.0399999618530271,0.9200000166893004,0.9200000166893004,3280700,0.0,0,-0.07070706280113903,0.10954592954330211,1.0594999939203262,1.223913224357171,0.8950867634834814,0.995000034570694,1.1599999964237213,1.4350000023841858,1.4100000262260437,1.3700000047683716
2020-10-07,0.959999978542328,1.0,0.9399999976158142,0.9800000190734864,1666800,0.0,0,0.06521739271277549,0.11669022945041368,1.052499994635582,1.21794299879393,0.8870569904772339,0.995000034570694,1.1250000298023224,1.4350000023841858,1.4100000262260437,1.309999942779541
2020-10-08,0.9900000095367432,1.0399999618530271,0.9700000286102296,1.0399999618530271,1402700,0.0,0,0.06122443021609936,0.12383452226030116,1.0469999939203263,1.2062438078561102,0.8877561799845424,0.995000034570694,1.1250000298023224,1.4325000047683716,1.4100000262260437,1.3700000047683716
2020-10-09,1.0399999618530271,1.1699999570846558,1.0399999618530271,1.1699999570846558,2860000,0.0,0,0.12500000000000022,0.13931383754283883,1.0484999924898148,1.2117779151692376,0.8852220698103921,1.0399999916553497,1.1099999845027924,1.4325000047683716,1.4100000262260437,1.4500000476837158
2020-10-12,1.1299999952316284,1.2599999904632568,1.100000023841858,1.159999966621399,1947900,0.0,0,-0.008547000709448138,0.13812312207452423,1.0484999924898148,1.2117779151692376,0.8852220698103921,1.0850000083446503,1.104999989271164,1.4275000095367432,1.4100000262260437,1.5
2020-10-13,1.1399999856948853,1.159999966621399,1.100000023841858,1.1200000047683716,1136100,0.0,0,-0.034482726727597,0.1333602602012659,1.0464999943971633,1.205130002533925,0.8878699862604016,1.0850000083446503,1.0900000035762787,1.4150000214576721,1.4100000262260437,1.7699999809265137
2020-10-14,1.1299999952316284,1.2400000095367432,1.100000023841858,1.1799999475479126,1998700,0.0,0,0.05357137725365435,0.14050455301115342,1.0469999939203263,1.2072563348796665,0.8867436529609861,1.0850000083446503,1.0900000035762787,1.3650000095367432,1.3650000095367432,1.7999999523162842
2020-10-15,1.159999966621399,1.2300000190734863,1.1200000047683716,1.2200000286102295,1680200,0.0,0,0.03389837528843853,0.1452674290788598,1.0509999960660934,1.2239739503275302,0.8780260418046567,1.0900000035762787,1.0900000035762787,1.3400000035762787,1.3600000143051147,1.7000000476837158
2020-10-16,1.2000000476837158,1.2899999618530271,1.2000000476837158,1.2100000381469729,1104000,0.0,0,-0.008196713302251468,0.14407671361054525,1.0534999996423722,1.2340659378676426,0.8729340614171017,1.1049999892711637,1.0999999940395353,1.3125,1.3600000143051147,1.7699999809265137
2020-10-19,1.2300000190734863,1.2699999809265137,1.190000057220459,1.190000057220459,804500,0.0,0,-0.016528909335525643,0.14169528267391604,1.0580000013113022,1.2473468645129697,0.8686531381096347,1.1149999797344208,1.0999999940395353,1.2975000143051147,1.350000023841858,1.600000023841858
2020-10-20,1.190000057220459,1.2300000190734863,1.1699999570846558,1.1699999570846558,981200,0.0,0,-0.016806806028663912,0.13931383754283883,1.063500002026558,1.259115349034937,0.8678846550181789,1.1299999952316284,1.0999999940395353,1.2800000309944153,1.350000023841858,1.6200000047683716
2020-10-21,1.190000057220459,1.2000000476837158,1.1299999952316284,1.1299999952316284,471500,0.0,0,-0.03418800283779255,0.1345509756695805,1.0695000022649765,1.2655489826210224,0.8734510219089306,1.1649999618530271,1.0999999940395353,1.2800000309944153,1.350000023841858,1.6200000047683716
2020-10-22,1.1399999856948853,1.2000000476837158,1.1399999856948853,1.1699999570846558,1380700,0.0,0,0.03539819647948583,0.13931383754283883,1.078499999642372,1.2756596571545977,0.8813403421301464,1.1949999928474426,1.0999999940395353,1.2725000083446503,1.350000023841858,1.5099999904632568
2020-10-23,1.2000000476837158,1.2100000381469729,1.1299999952316284,1.2000000476837158,563100,0.0,0,0.02564110401662978,0.14288599814223063,1.0890000015497208,1.2885677303186467,0.8894322727807948,1.1949999928474426,1.0999999940395353,1.270000010728836,1.350000023841858,1.5800000429153442
2020-10-26,1.1799999475479126,1.2200000286102295,1.149999976158142,1.190000057220459,801500,0.0,0,-0.0083333250549108,0.14169528267391604,1.0980000048875809,1.2987496086505836,0.897250401124578,1.1949999928474426,1.0999999940395353,1.2625000178813934,1.350000023841858,1.7000000476837158
2020-10-27,1.2100000381469729,1.2100000381469729,1.0700000524520874,1.090000033378601,1379900,0.0,0,-0.0840336294398446,0.12978811379632216,1.1035000056028366,1.2968280512327433,0.9101719599729299,1.1800000071525574,1.0999999940395353,1.2625000178813934,1.350000023841858,1.649999976158142
2020-10-28,1.0499999523162842,1.2400000095367432,1.0,1.0700000524520874,3337200,0.0,0,-0.018348605792718242,0.12740668285969298,1.1085000067949295,1.292614305096003,0.9243857084938562,1.1449999809265137,1.0999999940395353,1.2524999678134918,1.3399999737739563,1.6299999952316284
2020-10-29,1.0499999523162842,1.1399999856948853,1.0499999523162842,1.0499999523162842,1294300,0.0,0,-0.018691681453631315,0.12502523772861576,1.1125000029802323,1.2875624796450365,0.9374375263154281,1.1349999904632568,1.0999999940395353,1.2125000059604645,1.3149999976158142,1.600000023841858
2020-10-30,1.0499999523162842,1.1399999856948853,1.0199999809265137,1.0700000524520874,1962800,0.0,0,0.01904771528006588,0.12740668285969298,1.1160000056028365,1.2845336149080568,0.9474663962976162,1.1200000047683716,1.0999999940395353,1.1825000047683716,1.2849999964237213,1.6200000047683716
2020-11-02,1.090000033378601,1.1200000047683716,1.059999942779541,1.1100000143051147,1056300,0.0,0,0.037383140086171496,0.1321695447329513,1.1220000058412551,1.2802887292203666,0.9637112824621437,1.1200000047683716,1.0999999940395353,1.1825000047683716,1.2849999964237213,1.600000023841858
2020-11-03,1.1200000047683716,1.2300000190734863,1.1200000047683716,1.2300000190734863,1512600,0.0,0,0.10810811101069606,0.14645814454717437,1.1375000059604645,1.2723777273003485,1.0026222846205806,1.1200000047683716,1.0999999940395353,1.1825000047683716,1.2849999964237213,1.5499999523162842
2020-11-04,1.2300000190734863,1.2899999618530271,1.1699999570846558,1.2200000286102295,1154400,0.0,0,-0.008130073421291018,0.14526742907885978,1.1495000064373015,1.2676959668074526,1.0313040460671505,1.1449999809265137,1.0999999940395353,1.1775000095367432,1.2849999964237213,1.4800000190734863
2020-11-05,1.2300000190734863,1.2899999618530271,1.2200000286102295,1.2699999809265137,1065000,0.0,0,0.04098356651125812,0.1512210064204327,1.1610000073909759,1.2790975516177603,1.0429024631641914,1.1449999809265137,1.0999999940395353,1.1724999845027924,1.2849999964237213,1.4600000381469729
2020-11-06,1.2699999809265137,1.440000057220459,1.2200000286102295,1.409999966621399,2691800,0.0,0,0.1102362108641528,0.16789103717128492,1.173000007867813,1.3338859690652247,1.0121140466704015,1.2200000286102295,1.1750000417232513,1.1649999916553497,1.280000001192093,1.5099999904632568
2020-11-09,1.5399999618530271,1.649999976158142,1.350000023841858,1.5099999904632568,4840900,0.0,0,0.07092200440364205,0.17979820604887883,1.190500009059906,1.4086150372961956,0.9723849808236165,1.324999988079071,1.2849999964237213,1.1200000047683716,1.2650000154972076,1.590000033378601
2020-11-10,1.4700000286102295,1.5099999904632568,1.409999966621399,1.409999966621399,2369200,0.0,0,-0.06622518177048375,0.16789103717128495,1.2050000071525573,1.440500670204711,0.9694993441004036,1.3349999785423279,1.2849999964237213,1.0850000083446503,1.2650000154972076,1.600000023841858
2020-11-11,1.399999976158142,1.4299999475479126,1.309999942779541,1.3700000047683716,908900,0.0,0,-0.028368767943217854,0.16312817529802662,1.2145000100135803,1.4604143229693998,0.9685856970577608,1.3349999785423279,1.2949999868869781,1.0775000154972076,1.2650000154972076,1.5099999904632568
2020-11-12,1.340000033378601,1.3600000143051147,1.2899999618530271,1.309999942779541,1055300,0.0,0,-0.0437956655328442,0.15598386829369107,1.2190000057220458,1.4684591454901632,0.9695408659539283,1.3549999594688416,1.3100000023841858,1.0600000321865082,1.2650000154972076,1.4900000095367432
2020-11-13,1.3200000524520874,1.4500000476837158,1.2899999618530271,1.3700000047683716,1397000,0.0,0,0.04580157603787627,0.16312817529802665,1.227000004053116,1.4850015639270686,0.9689984441791633,1.3849999904632568,1.324999988079071,1.0600000321865082,1.2650000154972076,1.4900000095367432
2020-11-16,1.409999966621399,1.4900000095367432,1.399999976158142,1.4500000476837158,927800,0.0,0,0.05839419170576576,0.17265391323899137,1.2400000035762786,1.5150623459712087,0.9649376611813485,1.409999966621399,1.324999988079071,1.074999988079071,1.2650000154972076,1.5499999523162842
2020-11-17,1.3700000047683716,1.5199999809265137,1.3700000047683716,1.5,1667800,0.0,0,0.03448272460139301,0.17860749058056433,1.256500005722046,1.5518568213556256,0.9611431900884662,1.4350000023841858,1.324999988079071,1.094999998807907,1.2650000154972076,1.4900000095367432
2020-11-18,1.5399999618530271,1.8600000143051147,1.5299999713897705,1.7699999809265137,3543500,0.0,0,0.17999998728434252,0.21075683661395422,1.28850000500679,1.6534288904926904,0.9235711195208898,1.5400000214576721,1.4300000071525574,1.0875000059604645,1.2650000154972076,1.899999976158142
2020-11-19,1.7699999809265137,1.840000033378601,1.6799999475479126,1.7999999523162842,1262300,0.0,0,0.01694913656104502,0.214328983018898,1.3200000047683715,1.7433446870451816,0.8966553224915614,1.574999988079071,1.4300000071525574,1.0875000059604645,1.2650000154972076,1.7000000476837158
2020-11-20,1.7899999618530271,1.7999999523162842,1.6699999570846558,1.7000000476837158,1540700,0.0,0,-0.055555504045367354,0.20242182833575215,1.3450000047683717,1.7955307937794824,0.894469215757261,1.574999988079071,1.4300000071525574,1.0900000035762787,1.2650000154972076,1.6799999475479126
2020-11-23,1.75,1.840000033378601,1.7100000381469729,1.7699999809265137,2752200,0.0,0,0.04117643016432515,0.21075683661395425,1.3740000009536744,1.8548742428957736,0.8931257590115751,1.574999988079071,1.4300000071525574,1.1024999916553495,1.2650000154972076,1.590000033378601
2020-11-24,1.75,1.7999999523162842,1.5700000524520874,1.600000023841858,4936100,0.0,0,-0.09604517452913675,0.19051465945815826,1.3995000004768372,1.8713366287078594,0.927663372245815,1.574999988079071,1.4300000071525574,1.1074999868869781,1.2650000154972076,1.6799999475479126
2020-11-25,1.6399999856948853,1.690000057220459,1.590000033378601,1.6200000047683716,1290200,0.0,0,0.012499987892806708,0.19289609039478745,1.4269999980926513,1.8824672711670434,0.9715327250182593,1.574999988079071,1.4300000071525574,1.114999994635582,1.2650000154972076,1.7899999618530271
2020-11-27,1.6200000047683716,1.659999966621399,1.5499999523162842,1.6200000047683716,1164900,0.0,0,0.0,0.19289609039478745,1.4555000007152556,1.8832385070245166,1.0277614944059947,1.6150000095367432,1.4300000071525574,1.1324999779462812,1.2650000154972076,1.7999999523162842
2020-11-30,1.6299999952316284,1.659999966621399,1.5,1.5099999904632568,1413400,0.0,0,-0.06790124319835578,0.17979820604887897,1.4774999976158143,1.8668021541956743,1.0881978410359543,1.6150000095367432,1.4300000071525574,1.147499993443489,1.2650000154972076,1.7599999904632568
2020-12-01,1.5399999618530271,1.6200000047683716,1.5199999809265137,1.5800000429153442,2521100,0.0,0,0.046357650923303684,0.18813322852152914,1.5009999990463256,1.8533354805400752,1.148664517552576,1.6800000071525574,1.4300000071525574,1.147499993443489,1.2650000154972076,1.7100000381469729
2020-12-02,1.5800000429153442,1.7000000476837158,1.5499999523162842,1.7000000476837158,1744800,0.0,0,0.07594936804365715,0.2024218283357522,1.5245000004768372,1.8637123570174883,1.1852876439361861,1.6700000166893005,1.4300000071525574,1.147499993443489,1.2650000154972076,1.7400000095367432
2020-12-03,1.7000000476837158,1.7100000381469729,1.6100000143051147,1.649999976158142,1258600,0.0,0,-0.02941180595477033,0.19646823679973122,1.5459999978542327,1.8584632117565993,1.233536783951866,1.6700000166893005,1.4300000071525574,1.1400000005960464,1.2650000154972076,1.7899999618530271
2020-12-04,1.659999966621399,1.659999966621399,1.600000023841858,1.6299999952316284,939400,0.0,0,-0.012121200736670112,0.19408680586310204,1.5639999985694886,1.8509629469603546,1.2770370501786226,1.6700000166893005,1.4399999976158142,1.1224999874830246,1.2650000154972076,1.7300000190734863
2020-12-07,1.6399999856948853,1.649999976158142,1.559999942779541,1.600000023841858,1169900,0.0,0,-0.018404890477013436,0.19051465945815826,1.5735000014305114,1.8517978489028157,1.295202153958207,1.649999976158142,1.4399999976158142,1.1174999922513962,1.2650000154972076,1.899999976158142
2020-12-08,1.5800000429153442,1.6799999475479126,1.5800000429153442,1.6200000047683716,1496400,0.0,0,0.012499987892806708,0.19289609039478745,1.5790000021457673,1.8563973213643905,1.301602682927144,1.6050000190734863,1.4599999785423279,1.1099999994039536,1.2650000154972076,1.940000057220459
2020-12-09,1.649999976158142,1.6699999570846558,1.5800000429153442,1.600000023841858,1087800,0.0,0,-0.012345667202249944,0.19051465945815826,1.5885000050067901,1.8547681973361856,1.3222318126773946,1.6050000190734863,1.4900000095367432,1.1099999994039536,1.2650000154972076,2.0999999046325684
2020-12-10,1.590000033378601,1.6299999952316284,1.5499999523162842,1.5499999523162842,1437000,0.0,0,-0.03125004423782163,0.1845610679221373,1.5975000023841859,1.844922554380782,1.3500774503875899,1.6050000190734863,1.5149999856948853,1.1099999994039536,1.2650000154972076,2.009999990463257
2020-12-11,1.5499999523162842,1.559999942779541,1.4600000381469729,1.4800000190734863,1619900,0.0,0,-0.04516124864274451,0.1762260596439352,1.606000006198883,1.8228063764906197,1.3891936359071464,1.5850000381469729,1.5400000214576721,1.1224999874830246,1.2650000154972076,2.1600000858306885
2020-12-14,1.5099999904632568,1.5399999618530271,1.3899999856948853,1.4600000381469729,2457300,0.0,0,-0.0135135004518675,0.17384462870730605,1.610500007867813,1.8104295936562105,1.4105704220794157,1.550000011920929,1.5400000214576721,1.1224999874830246,1.2650000154972076,2.180000066757202
2020-12-15,1.4600000381469729,1.5299999713897705,1.3799999952316284,1.5099999904632568,2053200,0.0,0,0.034246541787590346,0.17979820604887894,1.6135000050067902,1.8052528703602566,1.4217471396533239,1.5450000166893005,1.574999988079071,1.1975000351667404,1.2650000154972076,2.680000066757202
2020-12-16,1.5099999904632568,1.590000033378601,1.4900000095367432,1.590000033378601,1745100,0.0,0,0.05298016120569704,0.18932394398984367,1.6180000066757203,1.802916955233025,1.4330830581184155,1.5299999713897705,1.574999988079071,1.3049999922513962,1.280000001192093,2.4600000381469727
2020-12-17,1.5800000429153442,1.7000000476837158,1.5399999618530271,1.600000023841858,3402400,0.0,0,0.006289302046118772,0.19051465945815826,1.6095000088214875,1.780661451526897,1.438338566116078,1.5400000214576721,1.574999988079071,1.3099999874830246,1.280000001192093,2.940000057220459
2020-12-18,1.6100000143051147,1.6100000143051147,1.5,1.5099999904632568,3560600,0.0,0,-0.05625002002343504,0.17979820604887894,1.595000010728836,1.7470205943245931,1.442979427133079,1.5400000214576721,1.574999988079071,1.314999982714653,1.280000001192093,2.25
2020-12-21,1.4600000381469729,1.5299999713897705,1.4299999475479126,1.4900000095367432,1809000,0.0,0,-0.013245020564786825,0.17741677511224976,1.5845000088214873,1.7350471056612173,1.4339529119817573,1.5400000214576721,1.574999988079071,1.3324999809265137,1.280000001192093,2.2100000381469727
2020-12-22,1.4900000095367432,1.5,1.399999976158142,1.4900000095367432,2056800,0.0,0,0.0,0.17741677511224976,1.5705000102519988,1.6998060815234688,1.4411939389805288,1.5400000214576721,1.6150000095367432,1.354999989271164,1.280000001192093,2.2300000190734863
2020-12-23,1.4800000190734863,1.5800000429153442,1.4700000286102295,1.5499999523162842,1188600,0.0,0,0.04026841771510825,0.18456106792213725,1.5680000066757203,1.6968557452601711,1.4391442680912694,1.5400000214576721,1.6150000095367432,1.367499977350235,1.280000001192093,2.1700000762939453
2020-12-24,1.5299999713897705,1.5499999523162842,1.4800000190734863,1.4900000095367432,524800,0.0,0,-0.038709641693780994,0.17741677511224974,1.5615000069141387,1.6923294823557786,1.4306705314724988,1.5400000214576721,1.6200000047683716,1.3799999952316284,1.280000001192093,2.220000028610229
2020-12-28,1.5199999809265137,2.0799999237060547,1.5099999904632568,1.899999976158142,7423800,0.0,0,0.27516776107194274,0.22623615189649188,1.5755000054836272,1.772474995786985,1.3785250151802695,1.7299999594688416,1.7299999594688416,1.4850000143051147,1.3850000202655792,2.319999933242798
2020-12-29,1.909999966621399,2.0999999046325684,1.649999976158142,1.7000000476837158,3420400,0.0,0,-0.10526312157057616,0.20242182833575212,1.5850000083446503,1.7867442531495945,1.383255763539706,1.7499999403953552,1.7399999499320984,1.5024999976158142,1.3850000202655792,2.289999961853028
2020-12-30,1.7100000381469729,1.7400000095367432,1.6399999856948853,1.6799999475479126,1090000,0.0,0,-0.01176476445577379,0.20004038320467493,1.5900000035762787,1.7959595839928892,1.3840404231596681,1.7499999403953552,1.7399999499320984,1.5024999976158142,1.3850000202655792,2.4200000762939453
2020-12-31,1.649999976158142,1.690000057220459,1.590000033378601,1.590000033378601,1584000,0.0,0,-0.05357137915431087,0.18932394398984365,1.584500002861023,1.7841259768935631,1.3848740288284829,1.7499999403953552,1.7399999499320984,1.5024999976158142,1.3850000202655792,2.619999885559082
2021-01-04,1.600000023841858,1.7000000476837158,1.5199999809265137,1.6799999475479126,2499500,0.0,0,0.05660371841506828,0.2000403832046749,1.5860000014305116,1.7880346636262738,1.3839653392347493,1.7499999403953552,1.7399999499320984,1.5024999976158142,1.3850000202655792,2.6600000858306885
2021-01-05,1.649999976158142,1.809999942779541,1.649999976158142,1.7899999618530271,2270600,0.0,0,0.06547620103540353,0.21313826755058335,1.5939999997615815,1.8144134237434846,1.3735865757796784,1.7499999403953552,1.7399999499320984,1.5024999976158142,1.3850000202655792,2.700000047683716
2021-01-06,1.8200000524520876,1.909999966621399,1.7699999809265137,1.7999999523162842,3133300,0.0,0,0.005586586970038221,0.21432898301889797,1.6039999961853026,1.8422236904031206,1.3657763019674847,1.784999966621399,1.7399999499320984,1.5225000083446503,1.3850000202655792,2.720000028610229
2021-01-07,1.8600000143051147,1.870000004768372,1.7300000190734863,1.7599999904632568,1446900,0.0,0,-0.02222220161814692,0.20956612114563963,1.610999995470047,1.8588328120074935,1.3631671789326003,1.7899999618530273,1.7399999499320984,1.5225000083446503,1.3850000202655792,2.940000057220459
2021-01-08,1.7599999904632568,1.7899999618530271,1.6799999475479126,1.7100000381469729,1287900,0.0,0,-0.028409063970007864,0.20361254380406674,1.6164999961853028,1.8680074040870607,1.364992588283545,1.8049999475479126,1.7399999499320984,1.5550000071525574,1.3850000202655792,2.880000114440918
2021-01-11,1.690000057220459,1.7799999713897705,1.690000057220459,1.7400000095367432,874200,0.0,0,0.01754384252662322,0.20718469020901045,1.6259999990463256,1.8811092609258817,1.3708907371667696,1.809999942779541,1.7399999499320984,1.550000011920929,1.3850000202655792,2.700000047683716
2021-01-12,1.7400000095367432,1.840000033378601,1.7200000286102295,1.7899999618530271,1161500,0.0,0,0.028735604621976885,0.21313826755058335,1.6414999961853027,1.8969161887285404,1.386083803642065,1.7149999737739563,1.7399999499320984,1.550000011920929,1.3850000202655792,2.759999990463257
2021-01-13,1.7799999713897705,1.830000042915344,1.7300000190734863,1.7300000190734863,1119100,0.0,0,-0.03351952182022855,0.20599397474069586,1.6549999952316283,1.8987693064676727,1.411230683995584,1.7149999737739563,1.7399999499320984,1.5550000071525574,1.3850000202655792,2.400000095367432
2021-01-14,1.7599999904632568,1.909999966621399,1.7599999904632568,1.899999976158142,2620400,0.0,0,0.09826587006380527,0.22623615189649188,1.6744999945163728,1.9309589845525015,1.418041004480244,1.7149999737739563,1.7399999499320984,1.5449999868869781,1.3850000202655792,2.490000009536743
2021-01-15,1.8600000143051147,1.9900000095367432,1.809999942779541,1.940000057220459,1968900,0.0,0,0.021052674507501035,0.23099902796419827,1.6919999957084655,1.970103419084023,1.413896572332908,1.8199999928474426,1.7399999499320984,1.532499998807907,1.3850000202655792,2.569999933242798
2021-01-19,1.9600000381469729,2.140000104904175,1.870000004768372,2.0999999046325684,2677700,0.0,0,0.08247414571799006,0.25005047545723164,1.716999989748001,2.043741584497944,1.390258394998058,1.9100000262260437,1.7600000500679016,1.5475000143051147,1.3850000202655792,2.5799999237060547
2021-01-20,2.140000104904175,2.2100000381469727,2.0,2.009999990463257,1516800,0.0,0,-0.04285710393165876,0.23933403624240038,1.7419999897480012,2.0780458926120544,1.405954086883948,1.9449999928474426,1.7950000166893005,1.5600000023841858,1.3850000202655792,2.690000057220459
2021-01-21,2.0199999809265137,2.2100000381469727,2.0,2.1600000858306885,1587100,0.0,0,0.07462691347220374,0.25719479665601525,1.7754999935626983,2.137268201925365,1.4137317852000317,1.9449999928474426,1.7950000166893005,1.5625000298023224,1.3850000202655792,2.549999952316284
2021-01-22,2.140000104904175,2.240000009536743,2.039999961853028,2.180000066757202,2157100,0.0,0,0.009259250061012025,0.2595762275926444,1.8099999964237212,2.1877100795079887,1.4322899133394535,1.965000033378601,1.8100000023841858,1.5450000166893005,1.3850000202655792,2.650000095367432
2021-01-25,2.380000114440918,3.25,2.3299999237060547,2.680000066757202,8234100,0.0,0,0.2293577911416127,0.3191120577861659,1.8665000021457672,2.385272921271854,1.3477270830196801,2.4850000143051147,2.324999988079071,1.5600000023841858,1.3850000202655792,2.559999942779541
2021-01-26,2.690000057220459,2.7100000381469727,2.2699999809265137,2.4600000381469727,4766300,0.0,0,-0.08208956086946273,0.2929162890943489,1.9150000035762786,2.4647019313055796,1.3652980758469777,2.490000009536743,2.324999988079071,1.5524999797344208,1.3900000154972076,2.380000114440918
2021-01-27,3.039999961853028,3.130000114440918,2.619999885559082,2.940000057220459,9715700,0.0,0,0.19512195594722548,0.3500706883512412,1.9670000076293945,2.676660240511567,1.257339774747222,2.5049999952316284,2.324999988079071,1.5575000047683716,1.3900000154972076,2.3399999141693115
2021-01-28,3.470000028610229,3.5199999809265137,2.180000066757202,2.25,11923500,0.0,0,-0.23469389244597505,0.2679112358708466,1.9945000052452087,2.7032586395454294,1.2857413709449879,2.6649999618530273,2.459999978542328,1.5575000047683716,1.4000000059604645,3.0899999141693115
2021-01-29,2.539999961853028,3.0899999141693115,2.2100000381469727,2.2100000381469727,6841000,0.0,0,-0.017777760823567745,0.2631483739975882,2.021000009775162,2.72020681996192,1.3217931995884042,2.6949999928474426,2.459999978542328,1.5575000047683716,1.4150000214576721,3.190000057220459
2021-02-01,2.289999961853028,2.369999885559082,2.009999990463257,2.2300000190734863,4270500,0.0,0,0.009049764968910745,0.2655298049342174,2.053000009059906,2.728294202470577,1.377705815649235,2.759999990463257,2.4950000047683716,1.5775000154972076,1.4300000071525574,3.0199999809265137
2021-02-02,2.220000028610229,2.240000009536743,2.069999933242798,2.1700000762939453,2945100,0.0,0,-0.026905803706885,0.25838551212432986,2.0775000154972076,2.731894627387506,1.4231054036069095,2.759999990463257,2.5,1.5775000154972076,1.4300000071525574,3.5199999809265137
2021-02-03,2.1600000858306885,2.319999933242798,2.150000095367432,2.220000028610229,3144900,0.0,0,0.023041451870212226,0.26433908946590273,2.099000018835068,2.742239124177117,1.4557609134930187,2.7649999856948853,2.5149999856948853,1.5800000131130219,1.4300000071525574,3.549999952316284
2021-02-04,2.220000028610229,2.3299999237060547,2.150000095367432,2.319999933242798,2205500,0.0,0,0.04504500150622559,0.27624624414904864,2.1250000178813933,2.7596827137326354,1.490317322030151,2.7649999856948853,2.5199999809265137,1.7299999594688416,1.5399999618530273,3.369999885559082
2021-02-05,2.3399999141693115,2.450000047683716,2.25,2.289999961853028,2009500,0.0,0,-0.012931022522848723,0.27267409774410495,2.151500016450882,2.7667644161734226,1.5362356167283413,2.7649999856948853,2.5199999809265137,1.7449999451637268,1.5499999523162842,3.549999952316284
2021-02-08,2.309999942779541,2.4200000762939453,2.2799999713897705,2.4200000762939453,2454200,0.0,0,0.056768609871820086,0.28815342722109055,2.1870000183582308,2.7774398312540525,1.5965602054624093,2.7649999856948853,2.5199999809265137,1.7449999451637268,1.5499999523162842,3.490000009536743
2021-02-09,2.400000095367432,2.630000114440918,2.3399999141693115,2.619999885559082,3055200,0.0,0,0.08264454667762733,0.31196773658738225,2.2310000121593476,2.812635120517104,1.6493649038015912,2.7649999856948853,2.5199999809265137,1.7449999451637268,1.5499999523162842,3.630000114440918
2021-02-10,2.619999885559082,2.799999952316284,2.509999990463257,2.6600000858306885,3365600,0.0,0,0.015267252678933252,0.3167306268495367,2.2745000183582307,2.8476812132398126,1.7013188234766488,2.549999952316284,2.584999978542328,1.7449999451637268,1.5499999523162842,3.680000066757202
2021-02-11,2.690000057220459,2.880000114440918,2.630000114440918,2.700000047683716,2725500,0.0,0,0.015037579158775127,0.32149348872279504,2.323000019788742,2.866770147757572,1.779229891819912,2.4450000524520874,2.599999964237213,1.7449999451637268,1.5499999523162842,3.5899999141693115
2021-02-12,2.630000114440918,2.7799999713897705,2.569999933242798,2.720000028610229,1994700,0.0,0,0.007407400212333659,0.32387491965942417,2.3640000224113464,2.897458226463417,1.8305418183592757,2.475000023841858,2.599999964237213,1.7624999582767487,1.5499999523162842,3.2100000381469727
2021-02-16,2.6600000858306885,2.9600000381469727,2.6600000858306885,2.940000057220459,2450500,0.0,0,0.08088236260888504,0.3500706883512412,2.4140000224113463,2.9664500164038454,1.8615500284188473,2.555000066757202,2.599999964237213,1.7649999558925629,1.5499999523162842,3.3299999237060547
2021-02-17,2.880000114440918,2.9800000190734863,2.809999942779541,2.880000114440918,1712200,0.0,0,-0.020408143405366563,0.3429263955413537,2.453000032901764,3.0213502551689286,1.884649810634599,2.565000057220459,2.6050000190734863,1.7724999487400055,1.5499999523162842,3.549999952316284
2021-02-18,2.880000114440918,2.880000114440918,2.5799999237060547,2.700000047683716,2829600,0.0,0,-0.06250002069605642,0.32149348872279504,2.4875000357627868,3.0268188129111,1.9481812586144733,2.615000009536743,2.6200000047683716,1.7749999463558197,1.5499999523162842,3.25
2021-02-19,2.700000047683716,2.7799999713897705,2.690000057220459,2.759999990463257,1094800,0.0,0,0.02222220063700142,0.3286377815326825,2.517500030994415,3.0471726497154354,1.9878274122733948,2.6299999952316284,2.625,1.7274999618530273,1.5499999523162842,3.2300000190734863
2021-02-22,2.7300000190734863,2.7799999713897705,2.359999895095825,2.400000095367432,6758000,0.0,0,-0.13043474505063313,0.2857719962844614,2.528500032424927,3.0382299804126722,2.0187700844371816,2.659999966621399,2.6399999856948853,1.7274999618530273,1.559999942779541,3.289999961853028
2021-02-23,2.359999895095825,2.619999885559082,2.150000095367432,2.490000009536743,2647100,0.0,0,0.037499962747098214,0.2964884354992926,2.519000029563904,3.0240927516544107,2.013907307473397,2.565000057220459,2.6649999618530273,1.7274999618530273,1.559999942779541,3.309999942779541
2021-02-24,2.5299999713897705,2.6600000858306885,2.5,2.569999933242798,1653500,0.0,0,0.03212848329303353,0.30601415924580927,2.5245000243186952,3.029295433362804,2.0197046152745863,2.565000057220459,2.6949999928474426,1.7799999713897705,1.5799999237060547,3.25
2021-02-25,2.5799999237060547,2.7300000190734863,2.559999942779541,2.5799999237060547,2486400,0.0,0,0.003891046973934831,0.3072048747141239,2.506500017642975,2.974714670645879,2.038285364640071,2.565000057220459,2.759999990463257,1.8350000381469727,1.6300000548362732,3.2699999809265137
2021-02-26,2.5899999141693115,2.759999990463257,2.4800000190734863,2.690000057220459,2410400,0.0,0,0.04263571192529114,0.3203027732544804,2.528500020503998,2.98760070868076,2.0693993323272357,2.565000057220459,2.759999990463257,1.8700000047683716,1.6899999976158142,3.299999952316284
2021-03-01,2.75,2.799999952316284,2.5,2.549999952316284,2536600,0.0,0,-0.05204464755619187,0.30363272830918014,2.5455000162124635,2.9804571358729803,2.1105428965519466,2.565000057220459,2.7649999856948853,1.8700000047683716,1.715000033378601,3.369999885559082
2021-03-02,2.450000047683716,2.680000066757202,2.3399999141693115,2.650000095367432,4211600,0.0,0,0.039215743106313816,0.3155399113812221,2.566500020027161,2.978187227369833,2.1548128126844888,2.515000104904175,2.7649999856948853,1.8875000178813934,1.7300000190734863,3.2100000381469727
2021-03-03,2.650000095367432,2.650000095367432,2.380000114440918,2.559999942779541,2195900,0.0,0,-0.033962320509053456,0.3048234437774947,2.5860000133514403,2.9550130164295836,2.216987010273297,2.475000023841858,2.7649999856948853,2.405000001192093,2.2699999809265137,3.25
2021-03-04,2.539999961853028,2.549999952316284,2.2300000190734863,2.380000114440918,2707700,0.0,0,-0.07031243451638003,0.28339056534783214,2.594000017642975,2.936647660043401,2.251352375242549,2.475000023841858,2.7649999856948853,2.407499998807907,2.2699999809265137,3.2100000381469727
2021-03-05,2.3399999141693115,2.4200000762939453,2.119999885559082,2.3399999141693115,2962000,0.0,0,-0.016806806028663912,0.2786276750856777,2.5950000166893004,2.934511788937616,2.2554882444409845,2.459999918937683,2.7649999856948853,2.4149999916553497,2.2699999809265137,3.049999952316284
2021-03-08,2.3399999141693115,3.119999885559082,2.299999952316284,3.0899999141693115,10391500,0.0,0,0.32051283226916105,0.36793142037595983,2.6350000143051147,3.008538437796114,2.261461590814115,2.619999885559082,2.5649999380111694,2.5624999701976776,2.4049999713897705,3.1600000858306885
2021-03-09,3.039999961853028,3.319999933242798,2.7699999809265137,3.190000057220459,4116100,0.0,0,0.03236250674072605,0.37983860344800174,2.6735000133514406,3.1053220442914364,2.241677982411445,2.71999990940094,2.6649999618530273,2.5774999856948853,2.4049999713897705,3.1600000858306885
2021-03-10,3.0799999237060547,3.450000047683716,2.940000057220459,3.0199999809265137,3208100,0.0,0,-0.053291559010839484,0.3595964120977577,2.693500018119812,3.1501720545443903,2.236827981695234,2.784999966621399,2.759999990463257,2.627499997615814,2.4449999928474426,3.0299999713897705
2021-03-11,3.069999933242798,3.5299999713897705,3.0299999713897705,3.5199999809265137,3218600,0.0,0,0.16556291495293451,0.41913224229127916,2.736500012874603,3.318704057595289,2.1542959681539173,2.8249999284744263,2.8249999284744263,2.6299999952316284,2.4449999928474426,2.9600000381469727
2021-03-12,3.4600000381469727,3.630000114440918,3.4100000858306885,3.549999952316284,2221600,0.0,0,0.008522719191002448,0.42270438869622295,2.7790000081062316,3.461050941012552,2.096949075199911,2.875,2.875,2.6399999856948853,2.449999988079071,2.809999942779541
2021-03-15,3.670000076293945,4.119999885559082,3.369999885559082,3.369999885559082,4722100,0.0,0,-0.050704244838019386,0.40127148187766437,2.811500000953674,3.5400872061176965,2.082912795789652,3.119999885559082,3.119999885559082,2.6424999833106995,2.449999988079071,2.9800000190734863
2021-03-16,3.450000047683716,3.849999904632568,3.430000066757202,3.549999952316284,2491700,0.0,0,0.05341248453109082,0.422704388696223,2.8419999957084654,3.6382471377212235,2.0457528536957073,3.119999885559082,3.119999885559082,2.6424999833106995,2.449999988079071,2.890000104904175
2021-03-17,3.5,3.670000076293945,3.450000047683716,3.490000009536743,1693100,0.0,0,-0.016901392559285133,0.4155600958863355,2.8724999904632567,3.7179915553273633,2.02700842559915,3.119999885559082,3.119999885559082,2.6424999833106995,2.449999988079071,2.9800000190734863
2021-03-18,3.5199999809265137,4.0,3.5,3.630000114440918,2555600,0.0,0,0.04011464312940172,0.43223014083163586,2.918999993801117,3.8223900127505175,2.0156099748517162,3.209999918937683,3.119999885559082,2.6424999833106995,2.449999988079071,3.0199999809265137
2021-03-19,3.619999885559082,3.849999904632568,3.549999952316284,3.680000066757202,3513700,0.0,0,0.013774091112937814,0.4381837181732087,2.964999997615814,3.923925180689811,2.006074814541817,3.444999933242798,3.119999885559082,2.567499965429306,2.449999988079071,3.0299999713897705
2021-03-22,3.7200000286102295,3.7300000190734863,3.5,3.5899999141693115,1393300,0.0,0,-0.02445656275957575,0.42746725056948137,3.0244999885559083,3.983487900405563,2.0655120767062534,3.5299999713897705,3.119999885559082,2.5225000083446503,2.449999988079071,3.0299999713897705
2021-03-23,3.569999933242798,3.569999933242798,3.190000057220459,3.2100000381469727,1803500,0.0,0,-0.10584955016921416,0.38222003438463104,3.0604999899864196,3.98980666746525,2.1311933125075893,3.5749999284744263,3.119999885559082,2.5374999940395355,2.449999988079071,3.0
2021-03-24,3.309999942779541,3.450000047683716,3.289999961853028,3.3299999237060547,1617000,0.0,0,0.037383141474463644,0.39650862000440606,3.0984999895095826,4.0061408361416975,2.190859142877468,3.6549999713897705,3.119999885559082,2.5775000154972076,2.449999988079071,3.0
2021-03-25,3.2699999809265137,3.559999942779541,3.049999952316284,3.549999952316284,1930400,0.0,0,0.06606607617137272,0.42270438869622307,3.146999990940094,4.042075176408904,2.251924805471284,3.584999918937683,3.119999885559082,2.5850000381469727,2.449999988079071,3.2300000190734863
2021-03-26,3.539999961853028,3.5999999046325684,3.1600000858306885,3.25,2094400,0.0,0,-0.08450702995658965,0.38698289625788945,3.174999988079071,4.045578662700395,2.3044213134577474,3.524999976158142,3.119999885559082,2.6175000071525574,2.449999988079071,3.220000028610229
2021-03-29,3.240000009536743,3.430000066757202,3.2100000381469727,3.2300000190734863,1231900,0.0,0,-0.006153840285081147,0.38460146532126027,3.208999991416931,4.030501031469083,2.38749895136478,3.524999976158142,3.119999885559082,2.627499997615814,2.449999988079071,3.380000114440918
2021-03-30,3.2100000381469727,3.3299999237060547,3.130000114440918,3.289999961853028,1213900,0.0,0,0.018575833568184486,0.39174575813114787,3.2409999847412108,4.0213007849800375,2.460699184502384,3.524999976158142,3.119999885559082,2.649999976158142,2.449999988079071,3.619999885559082
2021-03-31,3.319999933242798,3.4200000762939453,3.240000009536743,3.309999942779541,1298500,0.0,0,0.006079021628695891,0.394127189067777,3.278499984741211,3.9929072766683107,2.564092692814111,3.4499999284744263,3.119999885559082,2.615000009536743,2.449999988079071,3.5999999046325684
2021-04-01,3.390000104904175,3.400000095367432,3.2100000381469727,3.25,1104500,0.0,0,-0.018126871243736797,0.3869828962578895,3.321999979019165,3.904805416928795,2.7391945411095353,3.3899999856948853,3.119999885559082,2.630000025033951,2.449999988079071,3.630000114440918
2021-04-05,3.319999933242798,3.319999933242798,3.240000009536743,3.2699999809265137,1021700,0.0,0,0.006153840285081147,0.3893643271945187,3.368499982357025,3.7379441945678424,2.9990557701462075,3.3249999284744263,3.119999885559082,2.662500023841858,2.449999988079071,3.75
2021-04-06,3.2699999809265137,3.509999990463257,3.25,3.299999952316284,1381700,0.0,0,0.009174303230812475,0.3929364735994625,3.378999984264374,3.727295324730068,3.0307046437986798,3.3249999284744263,3.119999885559082,2.662500023841858,2.449999988079071,3.559999942779541
2021-04-07,3.299999952316284,3.5,3.299999952316284,3.369999885559082,1374700,0.0,0,0.021212101289172614,0.4012714818776646,3.387999975681305,3.725307062711024,3.050692888651586,3.3249999284744263,3.119999885559082,2.665000021457672,2.449999988079071,3.650000095367432
2021-04-08,3.380000114440918,3.400000095367432,3.140000104904175,3.2100000381469727,1736500,0.0,0,-0.04747770114109828,0.3822200343846312,3.397499978542328,3.701532837004958,3.0934671200796977,3.365000009536743,3.119999885559082,2.64000004529953,2.449999988079071,4.210000038146973
2021-04-09,3.2300000190734863,3.3399999141693115,3.220000028610229,3.25,1040000,0.0,0,0.012461047158154548,0.38698289625788956,3.3839999794960023,3.689063540163133,3.0789364188288717,3.3200000524520874,3.119999885559082,2.6200000047683716,2.459999978542328,4.429999828338623
2021-04-12,3.240000009536743,3.2699999809265137,3.140000104904175,3.2100000381469727,823100,0.0,0,-0.012307680570162294,0.3822200343846312,3.3669999837875366,3.6710478000026363,3.062952167572437,3.3200000524520874,3.119999885559082,2.6200000047683716,2.459999978542328,4.710000038146973
2021-04-13,3.1600000858306885,3.190000057220459,3.0,3.049999952316284,1375100,0.0,0,-0.04984426290631794,0.36316855850270174,3.350999987125397,3.6852541828223657,3.016745791428428,3.2549999952316284,3.209999918937683,2.612499952316284,2.459999978542328,4.53000020980835
2021-04-14,3.069999933242798,3.2300000190734863,3.069999933242798,3.1600000858306885,960400,0.0,0,0.03606561810955644,0.3762664570430583,3.331499993801117,3.662494527692663,3.000505459909571,3.2549999952316284,3.444999933242798,2.5924999117851257,2.459999978542328,4.460000038146973
2021-04-15,3.200000047683716,3.240000009536743,3.0799999237060547,3.1600000858306885,722000,0.0,0,0.0,0.3762664570430583,3.314999997615814,3.6456415644856377,2.9843584307459907,3.2549999952316284,3.5299999713897705,2.6924999356269836,2.459999978542328,4.380000114440918
2021-04-16,3.1700000762939453,3.190000057220459,3.0299999713897705,3.0299999713897705,1148600,0.0,0,-0.04113927560440056,0.36078712756607256,3.2849999904632567,3.6044448387477277,2.965555142178786,3.2549999952316284,3.559999942779541,2.772499978542328,2.4950000047683716,4.269999980926514
2021-04-19,3.0199999809265137,3.0299999713897705,2.819999933242798,2.9600000381469727,1126200,0.0,0,-0.023102288417082395,0.35245211928787046,3.2489999890327455,3.543302370257,2.954697607808491,3.159999966621399,3.46999990940094,2.8249999284744263,2.5049999952316284,4.019999980926514
2021-04-20,2.950000047683716,2.950000047683716,2.6700000762939453,2.809999942779541,1559200,0.0,0,-0.05067570724131987,0.33459135887425556,3.209999990463257,3.519707384883482,2.900292596043032,3.0350000858306885,3.3949999809265137,2.875,2.5700000524520874,4.420000076293945
2021-04-21,2.799999952316284,3.039999961853028,2.7300000190734863,2.9800000190734863,1199700,0.0,0,0.06049824902337475,0.35483355022449964,3.1984999895095827,3.52419877582742,2.8728012031917456,3.0049999952316284,3.3350000381469727,3.119999885559082,2.819999933242798,4.389999866485596
2021-04-22,3.0,3.039999961853028,2.880000114440918,2.890000104904175,753700,0.0,0,-0.030201313286331244,0.34411711100966835,3.1764999985694886,3.5227210439000087,2.8302789532389685,2.9700000286102295,3.3350000381469727,3.119999885559082,2.819999933242798,4.650000095367432
2021-04-23,2.9100000858306885,3.009999990463257,2.8399999141693115,2.9800000190734863,626000,0.0,0,0.031141837682492346,0.35483355022449964,3.1480000019073486,3.458137962105302,2.8378620417093954,2.9550000429153442,3.3350000381469727,3.119999885559082,2.819999933242798,5.300000190734863
2021-04-26,3.0,3.069999933242798,2.9600000381469727,3.0199999809265137,935900,0.0,0,0.013422805905036084,0.35959641209775794,3.1365000009536743,3.447723164176527,2.8252768377308217,2.9550000429153442,3.259999990463257,3.1649999022483826,2.819999933242798,5.380000114440918
2021-04-27,3.0199999809265137,3.1700000762939453,2.990000009536743,3.0299999713897705,1077600,0.0,0,0.0033112551411966784,0.3607871275660725,3.1264999985694883,3.43791799966438,2.815081997474597,2.9550000429153442,3.200000047683716,3.28249990940094,2.884999930858612,5.400000095367432
2021-04-28,3.009999990463257,3.059999942779541,2.9800000190734863,3.0299999713897705,767400,0.0,0,0.0,0.3607871275660725,3.1134999990463257,3.418090927820656,2.808909070271995,2.930000066757202,3.134999990463257,3.3249999284744263,2.8999999165534973,5.380000114440918
2021-04-29,3.049999952316284,3.0899999141693115,2.970000028610229,3.0,824700,0.0,0,-0.009900980750178201,0.35721498116112876,3.098000001907349,3.392281810890726,2.803718192923972,2.9200000762939453,3.134999990463257,3.347499907016754,2.8999999165534973,5.75
2021-04-30,2.990000009536743,3.059999942779541,2.940000057220459,3.0,1173100,0.0,0,0.0,0.35721498116112876,3.0855000019073486,3.374014097388582,2.7969859064261153,2.9200000762939453,3.134999990463257,3.3874999284744263,2.8999999165534973,6.300000190734863
2021-05-03,3.0199999809265137,3.240000009536743,2.9800000190734863,3.2300000190734863,1671000,0.0,0,0.07666667302449537,0.38460146532126027,3.0835000038146974,3.367336923997799,2.7996630836315957,2.9850000143051147,3.134999990463257,3.3524999022483826,2.9049999713897705,5.610000133514404
2021-05-04,3.240000009536743,3.25,3.039999961853028,3.220000028610229,1223700,0.0,0,-0.003095972261364155,0.38341074985294565,3.0795000076293944,3.3529755492985838,2.806024465960205,3.0449999570846558,3.090000033378601,3.322499930858612,2.9199999570846558,5.360000133514404
2021-05-05,3.2100000381469727,3.440000057220459,3.190000057220459,3.380000114440918,2468700,0.0,0,0.04968946720778322,0.40246222573487517,3.0800000190734864,3.3556498476717147,2.804350190475258,3.1399999856948853,3.090000033378601,3.322499930858612,2.924999952316284,5.75
2021-05-06,3.380000114440918,3.680000066757202,3.369999885559082,3.619999885559082,2958300,0.0,0,0.07100584703910928,0.43103939697442517,3.1005000114440917,3.460812160848444,2.7401878620397393,3.3100000619888306,3.1750000715255737,3.322499930858612,2.9399999380111694,5.53000020980835
2021-05-07,3.549999952316284,3.640000104904175,3.430000066757202,3.5999999046325684,1152100,0.0,0,-0.005524856784194343,0.428657966037796,3.1180000066757203,3.5357484396130503,2.7002515737383903,3.3100000619888306,3.1750000715255737,3.284999907016754,2.9649999141693115,5.289999961853027
2021-05-10,3.619999885559082,3.799999952316284,3.539999961853028,3.630000114440918,1628100,0.0,0,0.008333391834189907,0.4322301408316358,3.1390000104904177,3.6123095162486765,2.665690504732159,3.3700000047683716,3.2350000143051147,3.2549999356269836,2.994999945163727,5.519999980926514
2021-05-11,3.539999961853028,3.75,3.4100000858306885,3.75,1068200,0.0,0,0.03305781867105084,0.4465187264514108,3.174000012874603,3.715246975415355,2.632753050333851,3.3700000047683716,3.2350000143051147,3.222499907016754,3.059999942779541,5.159999847412109
2021-05-12,3.700000047683716,3.7200000286102295,3.509999990463257,3.559999942779541,1219400,0.0,0,-0.05066668192545576,0.4238951041645376,3.194000005722046,3.7609361070448752,2.6270639043992166,3.3700000047683716,3.2350000143051147,3.222499907016754,3.059999942779541,5.079999923706055
2021-05-13,3.5899999141693115,3.7100000381469727,3.5,3.650000095367432,1061200,0.0,0,0.025280942144516372,0.434611571768265,3.218500006198883,3.8191646507862025,2.6178353616115633,3.3899999856948853,3.2350000143051147,3.222499907016754,3.0649999380111694,5.449999809265137
2021-05-14,3.660000085830689,4.210000038146973,3.660000085830689,4.210000038146973,3038100,0.0,0,0.15342463784871962,0.5012916947716739,3.2775000095367433,4.011192183787843,2.5438078352856435,3.625,3.440000057220459,3.2424999475479126,3.0649999380111694,5.599999904632568
2021-05-17,4.199999809265137,4.539999961853027,4.010000228881836,4.429999828338623,2607400,0.0,0,0.05225648175729791,0.5274874350745948,3.3509999990463255,4.22543469632746,2.4765653017651914,3.865000009536743,3.6050000190734863,3.2199999690055847,3.0649999380111694,5.949999809265137
2021-05-18,4.539999961853027,4.920000076293945,4.5,4.710000038146973,2897400,0.0,0,0.06320546741722066,0.5608275249651954,3.446000003814697,4.466971955106144,2.4250280525232504,4.144999980926514,3.7950000762939453,3.2199999690055847,3.0649999380111694,6.289999961853027
2021-05-19,4.599999904632568,4.619999885559082,4.21999979019165,4.53000020980835,2313400,0.0,0,-0.03821652375388074,0.5393946465355328,3.5235000133514403,4.624305672327704,2.4226943543751767,4.165000081062317,3.7950000762939453,3.2324999570846558,3.0649999380111694,6.929999828338623
2021-05-20,4.570000171661377,4.570000171661377,4.360000133514404,4.460000038146973,916800,0.0,0,-0.01545257580999948,0.5310596098684346,3.6020000100135805,4.734712615504887,2.469287404522274,4.165000081062317,3.7950000762939453,3.349999964237213,3.0649999380111694,6.53000020980835
2021-05-21,4.5,4.579999923706055,4.360000133514404,4.380000114440918,1118600,0.0,0,-0.01793720247125663,0.521533886121918,3.672000014781952,4.815407856150588,2.5285921734133154,4.165000081062317,3.7950000762939453,3.3924999833106995,3.0649999380111694,6.28000020980835
2021-05-24,4.460000038146973,4.5,4.230000019073486,4.269999980926514,1820700,0.0,0,-0.02511418507769725,0.5084359875815615,3.734500014781952,4.864959050963704,2.6040409786001995,4.210000038146973,3.7950000762939453,3.4074999690055847,3.09499990940094,6.579999923706055
2021-05-25,4.269999980926514,4.409999847412109,3.9800000190734863,4.019999980926514,1707200,0.0,0,-0.05854800962920714,0.4786680724848008,3.784000015258789,4.872190763834991,2.6958092666825877,4.210000038146973,3.7950000762939453,3.3149999380111694,3.119999885559082,6.659999847412109
2021-05-26,4.079999923706055,4.440000057220459,4.019999980926514,4.420000076293945,1469500,0.0,0,0.09950251175753522,0.5262967479951765,3.853500020503998,4.91720273888033,2.789797302127666,4.290000081062317,3.825000047683716,3.215000033378601,3.119999885559082,6.630000114440918
2021-05-27,4.429999828338623,4.53000020980835,4.320000171661377,4.389999866485596,1914400,0.0,0,-0.006787377667537009,0.5227245732013366,3.9230000138282777,4.93435562608734,2.911644401569215,4.450000047683716,3.8799999952316284,3.1700000166893005,3.119999885559082,6.400000095367432
2021-05-28,4.400000095367432,4.949999809265137,4.369999885559082,4.650000095367432,3173000,0.0,0,0.05922556646681132,0.5536832321553079,4.005500018596649,4.96982831963393,3.041171717559368,4.4649999141693115,3.894999861717224,3.152500033378601,3.119999885559082,6.210000038146973
2021-06-01,4.670000076293945,5.389999866485596,4.619999885559082,5.300000190734863,2779700,0.0,0,0.1397849638788169,0.6310798227624442,4.109000027179718,5.159632831126469,3.058367223232967,4.684999942779541,4.164999961853027,3.1450000405311584,3.119999885559082,6.170000076293945
2021-06-02,5.289999961853027,5.389999866485596,4.980000019073486,5.380000114440918,2517100,0.0,0,0.015094324684347349,0.640605546508961,4.217000031471253,5.323116276921656,3.1108837860208496,4.684999942779541,4.164999961853027,3.1075000166893005,3.119999885559082,6.96999979019165
2021-06-03,5.380000114440918,5.71999979019165,5.21999979019165,5.400000095367432,2547500,0.0,0,0.0037174684946250647,0.6429869774455901,4.318000030517578,5.468459407637697,3.167540653397459,4.849999904632568,4.329999923706055,3.07750004529953,3.119999885559082,6.880000114440918
2021-06-04,5.449999809265137,5.619999885559082,5.289999961853027,5.380000114440918,1216600,0.0,0,-0.0037037001061669406,0.6406055465089608,4.40600004196167,5.598380989528778,3.2136190943945633,4.849999904632568,4.329999923706055,3.0325000286102295,3.119999885559082,6.380000114440918
2021-06-07,5.480000019073486,6.079999923706055,5.460000038146973,5.75,3116200,0.0,0,0.0687732114662849,0.6846620472254966,4.513500046730042,5.781929695751,3.2450703977090836,5.0299999713897705,4.509999990463257,3.027500033378601,3.119999885559082,6.260000228881836
2021-06-08,6.170000076293945,6.480000019073486,5.599999904632568,6.300000190734863,3629300,0.0,0,0.09565220708432398,0.750151483149487,4.647000050544738,6.069787917593122,3.2242121834963546,5.25,4.730000019073486,3.027500033378601,3.119999885559082,6.079999923706055
2021-06-09,6.25,6.289999961853027,5.570000171661377,5.610000133514404,3594300,0.0,0,-0.10952381529054744,0.6679920306690924,4.740000057220459,6.159215110764617,3.320785003676301,5.400000095367432,4.759999990463257,3.060000002384186,3.119999885559082,5.849999904632568
2021-06-10,5.619999885559082,5.78000020980835,5.320000171661377,5.360000133514404,2663100,0.0,0,-0.04456327879681998,0.6382241155723317,4.8300000667572025,6.163270347523545,3.4967297859908597,5.424999952316284,4.835000038146973,3.0674999952316284,3.119999885559082,5.579999923706055
2021-06-11,5.360000133514404,5.78000020980835,5.309999942779541,5.75,1646400,0.0,0,0.07276116730800974,0.6846620472254967,4.935000061988831,6.208825561365158,3.6611745626125036,5.549999952316284,4.924999952316284,3.115000009536743,3.119999885559082,5.96999979019165
2021-06-14,5.71999979019165,5.849999904632568,5.380000114440918,5.53000020980835,2206700,0.0,0,-0.03826083307680872,0.6584663069225759,5.0010000705719,6.25412455210781,3.7478755890359894,5.730000019073486,4.945000052452087,3.242500066757202,3.119999885559082,6.130000114440918
2021-06-15,5.590000152587891,5.599999904632568,5.159999847412109,5.289999961853027,2513900,0.0,0,-0.04339968152797591,0.6298890789052337,5.0440000772476195,6.274369508504369,3.813630645990869,5.819999933242798,4.945000052452087,3.242500066757202,3.119999885559082,5.889999866485596
2021-06-16,5.210000038146973,5.550000190734863,5.150000095367432,5.519999980926514,1811700,0.0,0,0.04347826478866734,0.6572755630653653,5.084500074386597,6.321606343898548,3.8473938048746454,5.815000057220459,4.945000052452087,3.302500009536743,3.119999885559082,5.980000019073486
2021-06-17,5.5,5.539999961853027,5.059999942779541,5.159999847412109,2565300,0.0,0,-0.06521741571708839,0.614409749428248,5.116000056266785,6.326539102534483,3.905461009999087,5.769999980926514,4.990000009536743,3.302500009536743,3.119999885559082,6.389999866485596
2021-06-18,5.119999885559082,5.340000152587891,4.989999771118164,5.079999923706055,4891200,0.0,0,-0.015503861641813277,0.6048840256817313,5.147000050544738,6.319506480216962,3.9744936208725155,5.734999895095825,4.990000009536743,3.302500009536743,3.119999885559082,6.0
2021-06-21,5.059999942779541,5.579999923706055,5.059999942779541,5.449999809265137,1804600,0.0,0,0.07283462423541787,0.648940526398267,5.20050003528595,6.324249988862768,4.0767500817091324,5.639999866485596,5.070000052452087,3.3125,3.119999885559082,6.039999961853027
2021-06-22,5.389999866485596,5.619999885559082,5.309999942779541,5.599999904632568,1498300,0.0,0,0.02752295424165485,0.666801286811882,5.267000031471253,6.316828111994191,4.217171950948314,5.419999837875366,5.230000019073486,3.5325000286102295,3.1649999618530273,6.340000152587891
2021-06-23,5.659999847412109,6.050000190734863,5.619999885559082,5.949999809265137,1772600,0.0,0,0.06249998403446977,0.7084763565917885,5.363500022888184,6.282409623487217,4.444590422289151,5.519999980926514,5.230000019073486,3.7350000143051147,3.3299999237060547,6.179999828338623
2021-06-24,6.019999980926514,6.349999904632568,5.840000152587891,6.289999961853027,1936500,0.0,0,0.0571428846196691,0.7489607392922767,5.457000017166138,6.352888087191626,4.56111194714065,5.669999837875366,5.230000019073486,3.9700000286102295,3.5199999809265137,6.380000114440918
2021-06-25,6.46999979019165,7.289999961853027,6.380000114440918,6.929999828338623,6877500,0.0,0,0.10174878702178125,0.8251665860422024,5.584000015258789,6.556573329155729,4.61142670136185,6.139999866485596,5.634999990463257,3.980000078678131,3.6100000143051147,6.239999771118164
2021-06-28,6.920000076293945,7.059999942779541,6.360000133514404,6.53000020980835,2903600,0.0,0,-0.057720004103689604,0.7775379673096189,5.678000020980835,6.6344149006073065,4.721585141354363,6.139999866485596,5.634999990463257,3.980000078678131,3.7950000762939453,5.760000228881836
2021-06-29,6.619999885559082,6.739999771118164,6.260000228881836,6.28000020980835,2506100,0.0,0,-0.03828483797358673,0.7477700522128582,5.72700002193451,6.701374174016271,4.752625869852748,6.139999866485596,5.634999990463257,3.980000078678131,3.7950000762939453,5.869999885559082
2021-06-30,6.25,6.820000171661377,6.110000133514404,6.579999923706055,2670300,0.0,0,0.04777065348328402,0.7834915162622959,5.787000012397766,6.815404980436416,4.758595044359117,6.139999866485596,5.634999990463257,4.002500057220459,3.7950000762939453,6.269999980926514
2021-07-01,6.659999847412109,6.78000020980835,6.489999771118164,6.659999847412109,1483400,0.0,0,0.012158043257392004,0.7930172400088125,5.85,6.929527528610671,4.770472471389328,6.174999952316284,5.6549999713897705,4.002500057220459,3.7950000762939453,6.110000133514404
2021-07-02,6.659999847412109,6.730000019073486,6.489999771118164,6.630000114440918,1130500,0.0,0,-0.004504464513291007,0.7894451219927648,5.9125,7.020620982247054,4.804379017752945,6.299999952316284,5.805000066757202,4.057500064373016,3.7950000762939453,6.559999942779541
2021-07-06,6.559999942779541,6.570000171661377,6.28000020980835,6.400000095367432,1445400,0.0,0,-0.03469080167472682,0.7620586378326333,5.945000004768372,7.070332578955783,4.81966743058096,6.454999923706055,5.829999923706055,4.165000021457672,3.7950000762939453,6.380000114440918
2021-07-07,6.349999904632568,6.690000057220459,6.130000114440918,6.210000038146973,1797600,0.0,0,-0.02968750849831836,0.7394350155457601,5.940499997138977,7.060771981864877,4.820228012413076,6.565000057220459,5.954999923706055,4.179999887943268,3.809999942779541,6.28000020980835
2021-07-08,5.909999847412109,6.340000152587891,5.78000020980835,6.170000076293945,1718800,0.0,0,-0.00644121765013117,0.7346721536725017,5.968499994277954,7.082233884577972,4.854766103977935,6.5350000858306885,6.134999990463257,4.424999952316284,4.0299999713897705,6.119999885559082
2021-07-09,6.360000133514404,7.050000190734863,6.360000133514404,6.96999979019165,2436700,0.0,0,0.12965959546279793,0.8299294479154607,6.048999977111817,7.207503201162292,4.890496753061341,6.420000076293945,6.139999866485596,4.424999952316284,4.0299999713897705,6.059999942779541
2021-07-12,6.96999979019165,7.03000020980835,6.550000190734863,6.880000114440918,1256200,0.0,0,-0.012912435933984168,0.8192130370895255,6.105499982833862,7.309978792729913,4.901021172937812,6.4150002002716064,6.139999866485596,4.5899999141693115,4.194999933242798,5.710000038146973
2021-07-13,6.760000228881836,6.860000133514404,6.369999885559082,6.380000114440918,1496400,0.0,0,-0.0726744173957955,0.759677206896004,6.14799997806549,7.327718165167313,4.968281790963668,6.4150002002716064,6.139999866485596,4.5899999141693115,4.194999933242798,5.829999923706055
2021-07-14,6.46999979019165,6.639999866485596,6.260000228881836,6.260000228881836,2024100,0.0,0,-0.018808759154637977,0.7453886212762291,6.196499991416931,7.308216974618795,5.084783008215067,6.4150002002716064,6.139999866485596,4.769999980926514,4.375,5.840000152587891
2021-07-15,6.199999809265137,6.449999809265137,6.0,6.079999923706055,1736900,0.0,0,-0.028754041309026146,0.7239556860687744,6.224499988555908,7.293591200420625,5.155408776691191,6.4150002002716064,6.139999866485596,4.990000009536743,4.575000047683716,6.179999828338623
2021-07-16,6.110000133514404,6.239999771118164,5.769999980926514,5.849999904632568,1435000,0.0,0,-0.03782895098019845,0.6965692019086428,6.258999991416931,7.227187421465276,5.290812561368586,6.4100000858306885,6.139999866485596,5.080000042915344,4.575000047683716,6.230000019073486
2021-07-19,5.559999942779541,5.869999885559082,5.429999828338623,5.579999923706055,2425300,0.0,0,-0.046153843645826864,0.6644198558752529,6.283999991416931,7.14830635870778,5.419693624126083,6.240000009536743,6.139999866485596,5.129999995231628,4.575000047683716,6.579999923706055
2021-07-20,5.550000190734863,6.119999885559082,5.460000038146973,5.96999979019165,2254800,0.0,0,0.06989245014658896,0.7108577875284178,6.309999990463257,7.0996789321634965,5.520321048763017,6.240000009536743,6.139999866485596,5.237499952316284,4.575000047683716,6.369999885559082
2021-07-21,6.039999961853027,6.28000020980835,6.039999961853027,6.130000114440918,1471600,0.0,0,0.026800725271739267,0.7299092917992434,6.3365000009536745,7.061331201409943,5.611668800497406,6.240000009536743,6.139999866485596,5.337500035762787,4.575000047683716,5.949999809265137
2021-07-22,6.179999828338623,6.179999828338623,5.820000171661377,5.889999866485596,1250500,0.0,0,-0.03915175260599668,0.7013320637819012,6.333500003814697,7.065244015975507,5.601755991653887,6.230000019073486,6.139999866485596,5.382499992847443,4.575000047683716,5.949999809265137
2021-07-23,5.900000095367432,6.050000190734863,5.769999980926514,5.980000019073486,1058000,0.0,0,0.015280162076063197,0.7120485313856285,6.31800000667572,7.065904569355864,5.570095443995576,6.144999980926514,6.139999866485596,5.380000054836273,4.575000047683716,5.840000152587891
2021-07-26,6.019999980926514,6.46999979019165,6.019999980926514,6.389999866485596,1762700,0.0,0,0.06856184717464808,0.7608678939754225,6.291000008583069,6.985069636805726,5.596930380360412,6.034999847412109,6.139999866485596,5.379999995231628,4.575000047683716,5.170000076293945
2021-07-27,6.349999904632568,6.389999866485596,5.829999923706055,6.0,1404000,0.0,0,-0.06103284423072919,0.7144299623222576,6.264499998092651,6.960535355579563,5.568464640605739,5.949999809265137,6.174999952316284,5.362499952316284,4.575000047683716,5.119999885559082
2021-07-28,6.059999942779541,6.230000019073486,5.829999923706055,6.039999961853027,1436100,0.0,0,0.006666660308837891,0.719192824195516,6.252499985694885,6.95536891938554,5.54963105200423,5.949999809265137,6.299999952316284,5.3549999594688416,4.575000047683716,4.989999771118164
2021-07-29,6.139999866485596,6.460000038146973,6.050000190734863,6.340000152587891,1347800,0.0,0,0.04966890606450036,0.7549143450227458,6.240499997138977,6.928471199958968,5.552528794318987,5.949999809265137,6.359999895095825,5.324999928474426,4.575000047683716,4.929999828338623
2021-07-30,6.269999980926514,6.369999885559082,6.059999942779541,6.179999828338623,1035100,0.0,0,-0.025236643595971775,0.7358628407519203,6.216499996185303,6.876904336276489,5.556095656094117,5.9649999141693115,6.359999895095825,5.375,4.575000047683716,4.809999942779541
2021-08-02,6.210000038146973,6.460000038146973,6.130000114440918,6.380000114440918,1793800,0.0,0,0.03236250674072605,0.7596772068960042,6.203999996185303,6.841445057953018,5.566554934417588,6.119999885559082,6.359999895095825,5.449999928474426,4.575000047683716,4.75
2021-08-03,6.420000076293945,6.440000057220459,5.880000114440918,6.239999771118164,1799600,0.0,0,-0.02194362708644282,0.7430071335618078,6.195999979972839,6.8273256635911865,5.564674296354492,6.119999885559082,6.244999885559082,5.887499928474426,4.980000019073486,4.820000171661377
2021-08-04,6.119999885559082,6.239999771118164,5.730000019073486,5.760000228881836,1759200,0.0,0,-0.07692300638503313,0.6858527910827077,6.173499989509582,6.832985159129705,5.51401481988946,6.099999904632568,6.240000009536743,5.887499928474426,4.980000019073486,4.619999885559082
2021-08-05,5.769999980926514,5.949999809265137,5.71999979019165,5.869999885559082,887000,0.0,0,0.019097161858724343,0.698950632845272,6.15849997997284,6.831279660527518,5.485720299418161,6.09499979019165,6.240000009536743,5.887499928474426,4.980000019073486,4.659999847412109
2021-08-06,5.980000019073486,6.289999961853027,5.880000114440918,6.269999980926514,1367500,0.0,0,0.0681431180861658,0.7465793083556477,6.1234999895095825,6.686566861678873,5.560433117340292,6.0899999141693115,6.240000009536743,5.887499928474426,4.980000019073486,4.539999961853027
2021-08-09,6.21999979019165,6.21999979019165,6.010000228881836,6.110000133514404,1270700,0.0,0,-0.025518317049255557,0.7275278608626143,6.084999990463257,6.527013267515434,5.64298671341108,6.0899999141693115,6.240000009536743,5.914999961853027,4.980000019073486,4.630000114440918
2021-08-10,6.110000133514404,6.699999809265137,6.050000190734863,6.559999942779541,2768700,0.0,0,0.07364972167460526,0.7811100853256668,6.093999981880188,6.56630457414222,5.621695389618156,6.2099997997283936,6.240000009536743,6.052500009536743,5.009999990463257,4.639999866485596
2021-08-11,6.519999980926514,6.539999961853027,6.170000076293945,6.380000114440918,1175300,0.0,0,-0.02743899846169129,0.7596772068960043,6.099999976158142,6.583624631786394,5.61637532052989,6.2099997997283936,6.240000009536743,6.142499923706055,5.064999938011169,4.710000038146973
2021-08-12,6.409999847412109,6.480000019073486,6.059999942779541,6.28000020980835,1030100,0.0,0,-0.015673965962198277,0.7477700522128584,6.1099999904632565,6.599855588744946,5.620144392181567,6.2099997997283936,6.240000009536743,6.259999990463257,5.064999938011169,4.760000228881836
2021-08-13,6.320000171661377,6.349999904632568,6.059999942779541,6.119999885559082,1505000,0.0,0,-0.025477757787232713,0.7287185479420328,6.1234999895095825,6.59844601562039,5.648553963398775,6.2099997997283936,6.240000009536743,6.335000038146973,5.115000009536743,4.710000038146973
2021-08-16,6.03000020980835,6.150000095367432,5.800000190734863,6.059999942779541,1357100,0.0,0,-0.00980391240220746,0.7215742551321453,6.147499990463257,6.552881991150879,5.742117989775635,6.2099997997283936,6.230000019073486,6.2799999713897705,5.115000009536743,4.829999923706055
2021-08-17,5.949999809265137,5.989999771118164,5.659999847412109,5.710000038146973,2040000,0.0,0,-0.05775576038570618,0.6798991853522387,6.134500002861023,6.577197689092924,5.691802316629121,6.179999828338623,6.144999980926514,6.277500033378601,5.115000009536743,4.940000057220459
2021-08-18,5.699999809265137,6.039999961853027,5.619999885559082,5.829999923706055,1709400,0.0,0,0.02101574163877329,0.6941877709720138,6.11949999332428,6.5819006440231655,5.657099342625394,6.159999847412109,6.06499981880188,6.277500033378601,5.115000009536743,4.889999866485596
2021-08-19,5.670000076293945,5.920000076293945,5.639999866485596,5.840000152587891,1538300,0.0,0,0.0017153051479765757,0.6953785148292244,6.117000007629395,6.584904678160887,5.6490953370979025,6.159999847412109,6.06499981880188,6.277500033378601,5.115000009536743,5.010000228881836
2021-08-20,5.800000190734863,6.289999961853027,5.800000190734863,6.179999828338623,1844200,0.0,0,0.05821912103890403,0.7358628407519203,6.126999998092652,6.591260694668399,5.662739301516904,6.159999847412109,6.06499981880188,6.277500033378601,5.134999990463257,4.909999847412109
2021-08-23,6.28000020980835,6.360000133514404,5.940000057220459,6.230000019073486,1449800,0.0,0,0.008090645974711208,0.7418164464823894,6.119000005722046,6.570042123094539,5.6679578883495525,6.079999923706055,6.06499981880188,6.274999976158142,5.164999961853027,4.960000038146973
2021-08-24,6.25,6.78000020980835,6.130000114440918,6.579999923706055,2469200,0.0,0,0.05617975980112755,0.7834915162622961,6.148000001907349,6.63804536105946,5.657954642755238,6.200000047683716,6.120000123977661,6.189999938011169,5.240000009536743,4.489999771118164
2021-08-25,6.650000095367432,6.670000076293945,6.28000020980835,6.369999885559082,1668900,0.0,0,-0.03191489978448114,0.7584864630387937,6.164499998092651,6.661138587669862,5.66786140851544,6.200000047683716,6.200000047683716,6.189999938011169,5.329999923706055,4.800000190734863
2021-08-26,6.21999979019165,6.300000190734863,5.920000076293945,5.949999809265137,2155500,0.0,0,-0.06593407909568316,0.708476356591789,6.144999980926514,6.643184226273402,5.646815735579625,6.200000047683716,6.200000047683716,6.189999938011169,5.350000023841858,4.670000076293945
2021-08-27,6.010000228881836,6.090000152587891,5.920000076293945,5.949999809265137,1495300,0.0,0,0.0,0.708476356591789,6.133499979972839,6.638567638205499,5.6284323217401795,6.200000047683716,6.200000047683716,6.184999942779541,5.350000023841858,4.599999904632568
2021-08-30,5.960000038146973,5.96999979019165,5.730000019073486,5.840000152587891,1986000,0.0,0,-0.018487337849315333,0.6953785148292245,6.106499981880188,6.613724737027613,5.599275226732764,6.200000047683716,6.200000047683716,6.142499923706055,5.350000023841858,4.400000095367432
2021-08-31,5.510000228881836,5.679999828338623,4.820000171661377,5.170000076293945,8959400,0.0,0,-0.11472603746372279,0.615600493285459,6.052999997138977,6.700630922684624,5.405369071593331,5.800000190734863,5.800000190734863,6.0874998569488525,5.394999980926514,4.630000114440918
2021-09-01,5.210000038146973,5.289999961853027,5.03000020980835,5.119999885559082,3388900,0.0,0,-0.009671216633850732,0.60964688755499,6.0209999799728395,6.778582311502605,5.263417648443074,5.800000190734863,5.800000190734863,6.0624998807907104,5.394999980926514,4.489999771118164
2021-09-02,5.119999885559082,5.139999866485596,4.949999809265137,4.989999771118164,2049000,0.0,0,-0.02539064791926704,0.5941675580780043,5.976999974250793,6.858142241336967,5.095857707164619,5.800000190734863,5.800000190734863,6.1249998807907104,5.475000023841858,4.380000114440918
2021-09-03,4.989999771118164,5.079999923706055,4.869999885559082,4.929999828338623,1780900,0.0,0,-0.012024037180686342,0.5870232652681168,5.909999966621399,6.891092896665184,4.9289070365776135,5.800000190734863,5.800000190734863,6.154999852180481,5.634999990463257,4.570000171661377
2021-09-07,4.920000076293945,4.980000019073486,4.789999961853027,4.809999942779541,1702500,0.0,0,-0.02434074842544598,0.5727346796483417,5.844999957084656,6.932207390447941,4.7577925237213705,5.730000019073486,5.7850000858306885,6.162499904632568,5.634999990463257,4.639999866485596
2021-09-08,4.78000020980835,4.949999809265137,4.659999847412109,4.75,2452500,0.0,0,-0.012474000726259704,0.5655903868384542,5.7544999599456785,6.889385973451428,4.619613946439929,5.480000019073486,5.7200000286102295,6.239999890327454,5.634999990463257,4.849999904632568
2021-09-09,4.760000228881836,4.920000076293945,4.730000019073486,4.820000171661377,1744600,0.0,0,0.014736878244500318,0.5739254235055523,5.676499962806702,6.8430449234100585,4.509955002203345,5.375,5.7200000286102295,6.182499885559082,5.634999990463257,4.96999979019165
2021-09-10,4.860000133514404,4.869999885559082,4.599999904632568,4.619999885559082,1735000,0.0,0,-0.04149383381315486,0.5501110573614684,5.593499946594238,6.812110582394815,4.3748893107936615,5.284999847412109,5.690000057220459,6.169999957084656,5.634999990463257,5.300000190734863
2021-09-13,4.690000057220459,4.760000228881836,4.460000038146973,4.659999847412109,1652300,0.0,0,0.00865800061555344,0.5548739192347267,5.52049994468689,6.778914664062957,4.262085225310822,5.069999933242798,5.620000123977661,6.167499899864197,5.634999990463257,5.179999828338623
2021-09-14,4.679999828338623,4.739999771118164,4.460000038146973,4.539999961853027,1217100,0.0,0,-0.025751049246433566,0.5405853336149516,5.444499945640564,6.746722015849173,4.1422778754319545,4.875,5.620000123977661,6.164999961853027,5.634999990463257,5.079999923706055
2021-09-15,4.550000190734863,4.739999771118164,4.539999961853027,4.630000114440918,1443200,0.0,0,0.019823822322491136,0.551301801218679,5.390499949455261,6.733583248773306,4.047416650137216,4.799999952316284,5.620000123977661,6.164999961853027,5.6549999713897705,5.139999866485596
2021-09-16,4.610000133514404,4.75,4.610000133514404,4.639999866485596,1124100,0.0,0,0.0021597736063738715,0.5524924882980975,5.330999946594238,6.696424808649384,3.9655750845390916,4.769999980926514,5.620000123977661,6.224999904632568,5.805000066757202,5.039999961853027
2021-09-17,4.650000095367432,4.880000114440918,4.630000114440918,4.710000038146973,5914400,0.0,0,0.01508624432663952,0.5608275249651956,5.274499940872192,6.644560267556987,3.904439614187398,4.7200000286102295,5.620000123977661,6.224999904632568,5.829999923706055,5.5
2021-09-20,4.550000190734863,4.769999980926514,4.480000019073486,4.760000228881836,1761400,0.0,0,0.010615751662400141,0.5667811306956646,5.203499960899353,6.524265234982697,3.8827346868160086,4.704999923706055,5.620000123977661,6.224999904632568,5.954999923706055,5.320000171661377
2021-09-21,4.789999961853027,4.869999885559082,4.619999885559082,4.710000038146973,1286500,0.0,0,-0.010504241245931412,0.5608275249651956,5.127499961853028,6.375401447647178,3.879598476058877,4.690000057220459,5.620000123977661,6.224999904632568,6.134999990463257,5.159999847412109
2021-09-22,4.690000057220459,4.889999866485596,4.690000057220459,4.829999923706055,970600,0.0,0,0.025477682502587085,0.5751161105849706,5.039999961853027,6.097176583047601,3.982823340658454,4.674999952316284,5.620000123977661,6.21999990940094,6.139999866485596,5.420000076293945
2021-09-23,4.920000076293945,5.079999923706055,4.900000095367432,4.940000057220459,1643800,0.0,0,0.022774355124627332,0.5882140091253272,4.968499970436096,5.829498531724041,4.107501409148152,4.769999980926514,5.620000123977661,6.162499904632568,6.139999866485596,5.460000038146973
2021-09-24,4.820000171661377,4.949999809265137,4.710000038146973,4.889999866485596,1652800,0.0,0,-0.010121495982936546,0.5822604033948582,4.915499973297119,5.6479123339122586,4.183087612681979,4.769999980926514,5.620000123977661,6.112499833106995,6.139999866485596,5.570000171661377
2021-09-27,4.900000095367432,5.079999923706055,4.840000152587891,5.010000228881836,1380900,0.0,0,0.02453995208030202,0.5965490457924253,4.868499994277954,5.427892182777141,4.309107805778767,4.7799999713897705,5.620000123977661,6.112499833106995,6.139999866485596,5.71999979019165
2021-09-28,5.0,5.070000171661377,4.829999923706055,4.909999847412109,1684900,0.0,0,-0.019960155070101737,0.5846418343314873,4.821999979019165,5.159187145301485,4.484812812736846,4.7799999713897705,5.620000123977661,6.112499833106995,6.139999866485596,6.039999961853027
2021-09-29,4.989999771118164,5.050000190734863,4.849999904632568,4.960000038146973,970800,0.0,0,0.010183338551673637,0.5905954400619563,4.811499977111817,5.115825278525531,4.507174675698103,4.7799999713897705,5.620000123977661,6.072499871253967,6.139999866485596,6.059999942779541
2021-09-30,4.860000133514404,4.900000095367432,4.460000038146973,4.489999771118164,3312800,0.0,0,-0.09475811762380515,0.5346317278844824,4.7799999713897705,5.080428677589937,4.479571265189604,4.769999980926514,5.565000057220459,6.1600000858306885,6.139999866485596,6.239999771118164
2021-10-01,4.550000190734863,4.849999904632568,4.460000038146973,4.800000190734863,2148700,0.0,0,0.06904241323368665,0.5715439925689227,4.770499992370605,5.055204744529854,4.485795240211357,4.769999980926514,5.380000114440918,6.200000047683716,6.139999866485596,6.389999866485596
2021-10-04,4.760000228881836,4.909999847412109,4.659999847412109,4.670000076293945,1718100,0.0,0,-0.02708335609899537,0.556064663091937,4.757500004768372,5.035478092802892,4.479521916733852,4.769999980926514,5.275000095367432,6.200000047683716,6.139999866485596,6.539999961853027
2021-10-05,4.730000019073486,4.809999942779541,4.53000020980835,4.599999904632568,1396100,0.0,0,-0.014989329875327972,0.5477296264248389,4.747000002861023,5.032103975236466,4.461896030485581,4.769999980926514,5.2149999141693115,6.200000047683716,6.139999866485596,6.239999771118164
2021-10-06,4.519999980926514,4.599999904632568,4.340000152587891,4.400000095367432,1561900,0.0,0,-0.04347822030685711,0.5239153170585472,4.729500007629395,5.052593592937776,4.406406422321013,4.710000038146973,5.009999990463257,6.200000047683716,6.139999866485596,6.289999961853027
2021-10-07,4.480000019073486,4.670000076293945,4.429999828338623,4.630000114440918,1651900,0.0,0,0.05227273047462955,0.5513018012186788,4.720000004768371,5.043063847293352,4.3969361622433905,4.710000038146973,4.815000057220459,5.800000190734863,6.055000066757202,6.269999980926514
2021-10-08,4.670000076293945,4.730000019073486,4.460000038146973,4.489999771118164,959700,0.0,0,-0.030237654397911262,0.5346317278844824,4.713499999046325,5.04946627900991,4.377533719082741,4.705000162124634,4.740000009536743,5.800000190734863,6.055000066757202,6.550000190734863
2021-10-11,4.5,4.550000190734863,4.360000133514404,4.380000114440918,1560500,0.0,0,-0.024498811199238135,0.5215338861219181,4.699500012397766,5.065546447393692,4.33345357740184,4.695000171661377,4.710000038146973,5.800000190734863,6.055000066757202,6.78000020980835
2021-10-12,4.420000076293945,4.619999885559082,4.340000152587891,4.570000171661377,1513800,0.0,0,0.04337900736441225,0.5441575084087913,4.701000022888183,5.0646315666004735,4.337368479175893,4.625,4.710000038146973,5.800000190734863,6.055000066757202,6.599999904632568
2021-10-13,4.559999942779541,4.690000057220459,4.53000020980835,4.639999866485596,1114700,0.0,0,0.015317219298652818,0.5524924882980973,4.701500010490418,5.064763007596716,4.338237013384119,4.625,4.710000038146973,5.757500052452087,6.039999961853027,6.599999904632568
2021-10-14,4.730000019073486,4.860000133514404,4.670000076293945,4.849999904632568,1537700,0.0,0,0.04525863021328691,0.5774975415215996,4.712000012397766,5.079706646633973,4.344293378161559,4.625,4.710000038146973,5.600000023841858,5.974999904632568,6.360000133514404
2021-10-15,5.0,5.239999771118164,4.949999809265137,4.96999979019165,2547000,0.0,0,0.024742244931687862,0.5917861271413746,4.725,5.109684907359632,4.340315092640367,4.789999961853027,4.789999961853027,5.547500014305115,5.859999895095825,7.150000095367432
2021-10-18,4.949999809265137,5.309999942779541,4.929999828338623,5.300000190734863,2714400,0.0,0,0.06639847373725694,0.6310798227624441,4.751999998092652,5.2120389199045825,4.291961076280721,4.825000047683716,4.825000047683716,5.487499952316284,5.825000047683716,6.980000019073486
2021-10-19,5.309999942779541,5.389999866485596,5.059999942779541,5.179999828338623,1684100,0.0,0,-0.022641576995792834,0.6167911803648769,4.775499987602234,5.2715683442375445,4.279431630966923,4.865000009536743,4.865000009536743,5.3450000286102295,5.755000114440918,6.340000152587891
2021-10-20,5.139999866485596,5.260000228881836,5.079999923706055,5.079999923706055,1223400,0.0,0,-0.019305001534071664,0.604884025681731,4.787999987602234,5.3014184048344,4.274581570370068,4.865000009536743,4.865000009536743,5.247500061988831,5.755000114440918,5.690000057220459
2021-10-21,5.050000190734863,5.230000019073486,5.039999961853027,5.139999866485596,806700,0.0,0,0.01181101253556105,0.6120283184916187,4.797999978065491,5.330517367833596,4.2654825882973855,4.865000009536743,4.865000009536743,5.210000038146973,5.755000114440918,5.550000190734863
2021-10-22,5.170000076293945,5.179999828338623,4.900000095367432,5.039999961853027,1543000,0.0,0,-0.0194552348696736,0.6001211638084728,4.8054999828338625,5.347235159977111,4.263764805690614,4.865000009536743,4.865000009536743,5.195000052452087,5.755000114440918,5.730000019073486
2021-10-25,5.170000076293945,5.519999980926514,5.039999961853027,5.5,3792600,0.0,0,0.09126984952949235,0.6548941321287359,4.82999997138977,5.446535606464465,4.213464336315075,5.025000095367432,4.930000066757202,5.170000076293945,5.755000114440918,5.28000020980835
2021-10-26,5.519999980926514,5.619999885559082,5.309999942779541,5.320000171661377,1822700,0.0,0,-0.03272724151611328,0.6334612536990734,4.850499987602234,5.502932748732728,4.19806722647174,5.144999980926514,4.980000019073486,5.162500023841858,5.755000114440918,5.420000076293945
2021-10-27,5.289999961853027,5.309999942779541,5.159999847412109,5.159999847412109,1244300,0.0,0,-0.030075247948591954,0.6144097494282478,4.860499978065491,5.525486886005332,4.195513070125649,5.259999990463257,4.980000019073486,5.15500009059906,5.755000114440918,5.260000228881836
2021-10-28,5.210000038146973,5.46999979019165,5.210000038146973,5.420000076293945,1458400,0.0,0,0.05038764274619778,0.6453684083822192,4.90699999332428,5.591837735575542,4.2221622510730175,5.259999990463257,4.980000019073486,5.147500038146973,5.745000123977661,5.409999847412109
2021-10-29,5.429999828338623,5.489999771118164,5.329999923706055,5.460000038146973,935800,0.0,0,0.007380066658666529,0.6501312702554775,4.939999985694885,5.66395824453985,4.21604172684992,5.259999990463257,4.980000019073486,5.195000052452087,5.6600000858306885,5.610000133514404
2021-11-01,5.5,5.630000114440918,5.429999828338623,5.570000171661377,1858500,0.0,0,0.020146544458951476,0.663229168795834,4.9849999904632565,5.7475197160260105,4.222480264900502,5.265000104904175,4.985000133514404,5.195000052452087,5.620000123977661,5.599999904632568
2021-11-02,5.550000190734863,5.78000020980835,5.5,5.71999979019165,1782900,0.0,0,0.026929912730242034,0.6810898724316569,5.040999984741211,5.8459926626405245,4.236007306841897,5.340000152587891,5.06000018119812,5.200000047683716,5.620000123977661,5.400000095367432
2021-11-03,5.769999980926514,6.190000057220459,5.739999771118164,6.039999961853027,2306200,0.0,0,0.05594408800680317,0.7191928241955158,5.122999978065491,5.982960604312971,4.263039351818011,5.545000076293945,5.265000104904175,5.200000047683716,5.620000123977661,5.380000114440918
2021-11-04,6.050000190734863,6.210000038146973,5.960000038146973,6.059999942779541,1706000,0.0,0,0.0033112551411966784,0.7215742551321449,5.194499969482422,6.11495288808914,4.274047050875704,5.625,5.275000095367432,5.200000047683716,5.620000123977661,5.099999904632568
2021-11-05,6.230000019073486,6.380000114440918,6.150000095367432,6.239999771118164,1679200,0.0,0,0.029702942250534603,0.7430071335618075,5.281999969482422,6.249951280375529,4.314048658589315,5.769999980926514,5.360000133514404,5.167500019073486,5.620000123977661,5.110000133514404
2021-11-08,6.289999961853027,6.5,6.199999809265137,6.389999866485596,1733500,0.0,0,0.024038477703429928,0.7608678939754223,5.382499957084656,6.372350979160378,4.392648935008935,5.829999923706055,5.420000076293945,5.075000047683716,5.620000123977661,5.03000020980835
2021-11-09,6.389999866485596,6.650000095367432,6.329999923706055,6.539999961853027,1642000,0.0,0,0.023474193818712852,0.7787286543890373,5.480999946594238,6.5192626042885635,4.442737288899913,5.930000066757202,5.495000123977661,5.022500038146973,5.620000123977661,4.739999771118164
2021-11-10,6.460000038146973,6.519999980926514,6.239999771118164,6.239999771118164,1286000,0.0,0,-0.04587158906494271,0.7430071335618076,5.560999941825867,6.573710046825009,4.548289836826725,5.990000009536743,5.495000123977661,4.992499947547913,5.620000123977661,4.710000038146973
2021-11-11,6.25,6.389999866485596,6.230000019073486,6.289999961853027,1006300,0.0,0,0.008012851373214724,0.7489607392922767,5.6329999446868895,6.637917601431939,4.62808228794184,6.039999961853027,5.495000123977661,4.860000014305115,5.56000018119812,4.550000190734863
2021-11-12,6.309999942779541,6.369999885559082,6.139999866485596,6.269999980926514,1078200,0.0,0,-0.0031796472254066455,0.7465793083556475,5.697999954223633,6.690945292599301,4.705054615847964,6.075000047683716,5.495000123977661,4.762500047683716,5.56000018119812,4.889999866485596
2021-11-15,6.320000171661377,6.579999923706055,6.28000020980835,6.550000190734863,1400500,0.0,0,0.044657130886780916,0.779919398246248,5.760499954223633,6.8020790622304945,4.718920846216771,6.194999933242798,5.495000123977661,4.7225000858306885,5.56000018119812,4.96999979019165
2021-11-16,6.510000228881836,6.849999904632568,6.46999979019165,6.78000020980835,1879600,0.0,0,0.0351145057062483,0.8073058824063796,5.840499973297119,6.936412714074353,4.744587232519884,6.4049999713897705,5.5950000286102295,4.702500104904175,5.56000018119812,4.949999809265137
2021-11-17,6.739999771118164,6.840000152587891,6.519999980926514,6.599999904632568,1384200,0.0,0,-0.026548716755993906,0.7858729471989249,5.916499972343445,7.0015623869743395,4.83143755771255,6.494999885559082,5.690000057220459,4.667500019073486,5.56000018119812,5.050000190734863
2021-11-18,6.829999923706055,6.869999885559082,6.510000228881836,6.599999904632568,1995800,0.0,0,0.0,0.7858729471989249,5.989499974250793,7.0517418251125505,4.927258123389036,6.504999876022339,5.769999980926514,4.667500019073486,5.56000018119812,4.900000095367432
2021-11-19,6.5,6.53000020980835,6.300000190734863,6.360000133514404,2745100,0.0,0,-0.036363602210010226,0.7572957759593748,6.0554999828338625,7.033361755451561,5.077638210216164,6.504999876022339,5.884999990463257,4.667500019073486,5.56000018119812,5.039999961853027
2021-11-22,6.610000133514404,7.190000057220459,6.610000133514404,7.150000095367432,2992400,0.0,0,0.12421382787243584,0.8513623831229153,6.1379999876022335,7.19085698793221,5.085142987272257,6.664999961853027,6.045000076293945,4.789999961853027,5.56000018119812,5.239999771118164
2021-11-23,7.03000020980835,7.130000114440918,6.679999828338623,6.980000019073486,2853600,0.0,0,-0.023776234129575746,0.8311201917726714,6.22099997997284,7.264410494972356,5.177589464973323,6.664999961853027,6.045000076293945,4.825000047683716,5.56000018119812,5.380000114440918
2021-11-24,6.980000019073486,6.989999771118164,6.329999923706055,6.340000152587891,3415700,0.0,0,-0.09169052503391661,0.7549143450227457,6.279999995231629,7.201891140886038,5.35810884957722,6.664999961853027,6.045000076293945,4.865000009536743,5.56000018119812,5.460000038146973
2021-11-26,6.079999923706055,6.21999979019165,5.449999809265137,5.690000057220459,2809300,0.0,0,-0.10252367188068778,0.6775177544156094,6.293499994277954,7.170990244002909,5.416009744552999,6.319999933242798,6.045000076293945,4.865000009536743,5.56000018119812,5.550000190734863
2021-11-29,6.0,6.010000228881836,5.360000133514404,5.550000190734863,3770500,0.0,0,-0.024604545707858083,0.6608477378592051,6.298000001907349,7.158935803850799,5.437064199963899,6.275000095367432,6.045000076293945,4.865000009536743,5.56000018119812,5.289999961853027
2021-11-30,5.489999771118164,5.909999847412109,5.090000152587891,5.730000019073486,4983900,0.0,0,0.03243240038786199,0.6822806162888677,6.305999994277954,7.142077556351498,5.46992243220441,6.140000104904175,6.115000009536743,4.865000009536743,5.56000018119812,5.159999847412109
2021-12-01,5.949999809265137,6.019999980926514,5.190000057220459,5.28000020980835,3493800,0.0,0,-0.07853399786513426,0.6286983918258153,6.284000015258789,7.200775512063667,5.36722451845391,6.140000104904175,6.140000104904175,4.977500081062317,5.56000018119812,4.880000114440918
2021-12-02,5.409999847412109,5.579999923706055,5.28000020980835,5.420000076293945,2135700,0.0,0,0.026515125174716214,0.6453684083822196,6.253000020980835,7.2406676196901385,5.265332422271531,6.140000104904175,6.140000104904175,5.0625,5.56000018119812,4.71999979019165
2021-12-03,5.460000038146973,5.579999923706055,5.159999847412109,5.260000228881836,2448000,0.0,0,-0.029520266634666337,0.6263169608891863,6.213000035285949,7.290429620018116,5.135570450553783,6.140000104904175,6.140000104904175,5.120000004768372,5.56000018119812,4.989999771118164
2021-12-06,5.360000133514404,5.570000171661377,5.269999980926514,5.409999847412109,2100700,0.0,0,0.028517036502517357,0.644177664525009,6.171500039100647,7.3046886178534916,5.038311460347803,6.110000133514404,6.140000104904175,5.120000004768372,5.56000018119812,4.820000171661377
2021-12-07,5.5,5.75,5.5,5.610000133514404,1463100,0.0,0,0.03696863063646205,0.6679920306690929,6.132500052452087,7.286648882127615,4.97835122277656,6.039999961853027,6.140000104904175,5.120000004768372,5.56000018119812,4.840000152587891
2021-12-08,5.610000133514404,5.71999979019165,5.550000190734863,5.599999904632568,1300100,0.0,0,-0.0017825719507730264,0.6668012868118822,6.085500049591064,7.246053408521175,4.924946690660954,5.6549999713897705,6.140000104904175,5.1250001192092896,5.56000018119812,4.789999961853027
2021-12-09,5.5,5.690000057220459,5.389999866485596,5.400000095367432,1272600,0.0,0,-0.035714252262698754,0.6429869774455905,6.043500065803528,7.239299153171569,4.847700978435487,5.555000066757202,6.140000104904175,5.200000166893005,5.56000018119812,4.730000019073486
2021-12-10,5.5,5.659999847412109,5.28000020980835,5.380000114440918,1187500,0.0,0,-0.0037037001061669406,0.6406055465089613,5.998000073432922,7.222046086412357,4.773954060453487,5.555000066757202,6.140000104904175,5.40500009059906,5.56000018119812,4.519999980926514
2021-12-13,5.389999866485596,5.489999771118164,4.96999979019165,5.099999904632568,2199200,0.0,0,-0.05204464755619187,0.6072654566183607,5.939500069618225,7.217207965558161,4.661792173678289,5.494999885559082,6.079999923706055,5.450000047683716,5.56000018119812,4.300000190734863
2021-12-14,5.090000152587891,5.260000228881836,5.0,5.110000133514404,1249100,0.0,0,0.0019608292291832807,0.6084562004755714,5.867500066757202,7.161848119692518,4.573152013821886,5.359999895095825,6.079999923706055,5.565000057220459,5.505000114440918,4.460000038146973
2021-12-15,5.070000171661377,5.099999904632568,4.769999980926514,5.03000020980835,2256100,0.0,0,-0.015655561960041475,0.5989304767290546,5.780000066757202,7.051943127324965,4.508057006189438,5.259999990463257,5.980000019073486,5.625,5.420000076293945,4.679999828338623
2021-12-16,5.130000114440918,5.170000076293945,4.690000057220459,4.739999771118164,1818900,0.0,0,-0.05765416035663251,0.5643996429812433,5.687000060081482,6.977581525882979,4.396418594279986,5.2200000286102295,5.940000057220459,5.712500095367432,5.495000123977661,4.760000228881836
2021-12-17,4.619999885559082,4.769999980926514,4.559999942779541,4.710000038146973,6065700,0.0,0,-0.006329057894472134,0.5608275249651956,5.592500066757202,6.878558144302379,4.306441989212025,5.1549999713897705,5.875,5.742500066757202,5.495000123977661,4.369999885559082
2021-12-20,4.53000020980835,4.630000114440918,4.409999847412109,4.550000190734863,2418300,0.0,0,-0.03397024333678289,0.5417760774721623,5.502000069618225,6.814046361377505,4.189953777858944,5.06499981880188,5.799999952316284,5.767500042915344,5.495000123977661,4.369999885559082
2021-12-21,4.670000076293945,4.949999809265137,4.670000076293945,4.889999866485596,1763000,0.0,0,0.0747252003292378,0.5822604033948583,5.389000058174133,6.482815399297768,4.295184717050499,5.049999952316284,5.799999952316284,5.7850000858306885,5.495000123977661,4.389999866485596
2021-12-22,4.869999885559082,5.010000228881836,4.829999923706055,4.96999979019165,1311400,0.0,0,0.016359903045058743,0.591786127141375,5.288500046730041,6.112688732746988,4.464311360713094,5.034999847412109,5.799999952316284,5.8450000286102295,5.495000123977661,4.710000038146973
2021-12-23,5.03000020980835,5.039999961853027,4.800000190734863,4.949999809265137,950100,0.0,0,-0.0040241412013706235,0.5894046962047459,5.219000029563904,5.896768819206463,4.541231239921344,4.949999809265137,5.799999952316284,6.0,5.5950000286102295,4.760000228881836
2021-12-27,4.949999809265137,5.070000171661377,4.889999866485596,5.050000190734863,1210900,0.0,0,0.02020209804504458,0.6013119076656839,5.187000036239624,5.8320973124426345,4.5419027600366135,4.835000038146973,5.799999952316284,6.0924999713897705,5.5950000286102295,4.519999980926514
2021-12-28,5.019999980926514,5.170000076293945,4.900000095367432,4.900000095367432,1179200,0.0,0,-0.0297029880598092,0.5834511472520689,5.154500031471253,5.7884488088493224,4.520551254093183,4.789999961853027,5.799999952316284,6.137499928474426,5.605000019073486,4.360000133514404
2021-12-29,4.920000076293945,5.119999885559082,4.920000076293945,5.039999961853027,1239800,0.0,0,0.028571400767513078,0.600121163808473,5.12000002861023,5.696856585775213,4.543143471445247,4.789999961853027,5.799999952316284,6.194999933242798,5.605000019073486,4.400000095367432
2021-12-30,5.010000228881836,5.269999980926514,5.0,5.239999771118164,1643300,0.0,0,0.03968250213867153,0.6239354731747648,5.11800000667572,5.692876311377638,4.543123701973801,4.8399999141693115,5.769999980926514,6.355000019073486,5.765000104904175,4.579999923706055
2021-12-31,5.309999942779541,5.409999847412109,5.199999809265137,5.380000114440918,1627500,0.0,0,0.026717623938536716,0.6406055465089612,5.116000008583069,5.686881081110315,4.545118936055823,4.909999847412109,5.699999809265137,6.355000019073486,5.765000104904175,4.829999923706055
2022-01-03,5.440000057220459,5.789999961853027,5.420000076293945,5.460000038146973,1962200,0.0,0,0.01486987397850048,0.6501312702554779,5.125999999046326,5.713566595024819,4.538433403067833,5.230000019073486,5.31499981880188,6.355000019073486,5.765000104904175,4.829999923706055
2022-01-04,5.550000190734863,5.679999828338623,5.489999771118164,5.550000190734863,1371000,0.0,0,0.016483544314852328,0.6608477378592053,5.133000016212463,5.737216392162169,4.528783640262758,5.295000076293945,5.2149999141693115,6.182500004768372,5.765000104904175,4.690000057220459
2022-01-05,5.550000190734863,5.590000152587891,5.260000228881836,5.289999961853027,1425600,0.0,0,-0.046846886476847094,0.6298890789052338,5.117000007629395,5.685350244060639,4.548649771198151,5.295000076293945,5.2149999141693115,6.1600000858306885,5.765000104904175,4.570000171661377
2022-01-06,5.300000190734863,5.300000190734863,5.050000190734863,5.159999847412109,1491100,0.0,0,-0.024574690997801185,0.6144097494282481,5.095000004768371,5.618708017098327,4.571291992438415,5.3399999141693115,5.2149999141693115,6.127500057220459,5.765000104904175,4.53000020980835
2022-01-07,5.119999885559082,5.159999847412109,4.800000190734863,4.880000114440918,2022600,0.0,0,-0.05426351574634625,0.5810697163154397,5.069000005722046,5.580931634572348,4.557068376871744,5.295000076293945,5.099999904632568,6.140000104904175,5.765000104904175,4.840000152587891
2022-01-10,4.75,4.78000020980835,4.440000057220459,4.71999979019165,3778100,0.0,0,-0.032786950921536606,0.5620182120446142,5.035999989509582,5.548582890412734,4.52341708860643,5.115000009536743,5.099999904632568,6.140000104904175,5.765000104904175,4.880000114440918
2022-01-11,4.710000038146973,4.989999771118164,4.659999847412109,4.989999771118164,2201100,0.0,0,0.05720338833225891,0.5941675580780041,5.030499982833862,5.542572806239782,4.518427159427942,5.115000009536743,5.099999904632568,6.140000104904175,5.765000104904175,4.690000057220459
2022-01-12,5.0,5.130000114440918,4.800000190734863,4.820000171661377,1940600,0.0,0,-0.034068057566001286,0.5739254235055523,5.015999984741211,5.534699827757944,4.4973001417244785,5.115000009536743,5.099999904632568,6.1250001192092896,5.765000104904175,
2022-01-13,4.849999904632568,5.019999980926514,4.78000020980835,4.840000152587891,2036000,0.0,0,0.004149373488428809,0.5763068544421815,5.006499981880188,5.530816635922212,4.482183327838163,5.115000009536743,5.099999904632568,6.090000033378601,5.765000104904175,
2022-01-14,4.71999979019165,4.840000152587891,4.619999885559082,4.789999961853027,2266100,0.0,0,-0.010330617594738856,0.5703532487117126,5.008999991416931,5.528615024955663,4.489384957878199,5.059999942779541,5.099999904632568,5.897500038146973,5.765000104904175,
2022-01-18,4.630000114440918,4.829999923706055,4.510000228881836,4.730000019073486,2173400,0.0,0,-0.012526084187343023,0.5632089559018251,5.009999990463257,5.527357150954675,4.492642829971839,5.015000104904175,5.099999904632568,5.8475000858306885,5.765000104904175,
2022-01-19,4.800000190734863,4.820000171661377,4.5,4.519999980926514,1889900,0.0,0,-0.04439747088798274,0.5382039026783226,5.008499979972839,5.531387895305759,4.48561206463992,4.870000123977661,5.099999904632568,5.8475000858306885,5.765000104904175,
2022-01-20,4.570000171661377,4.670000076293945,4.269999980926514,4.300000190734863,2036200,0.0,0,-0.04867252015929313,0.5120081623754017,4.978999996185303,5.586080643342236,4.37191934902837,4.7149999141693115,5.0299999713897705,5.787499904632568,5.765000104904175,
2022-01-21,4.210000038146973,4.610000133514404,4.139999866485596,4.460000038146973,2225000,0.0,0,0.037209265189536156,0.5310596098684351,4.9535000085830685,5.601854088173401,4.305145928992736,4.634999990463257,4.9649999141693115,5.71999990940094,5.765000104904175,
2022-01-24,4.289999961853027,4.739999771118164,4.25,4.679999828338623,2983500,0.0,0,0.04932730679595587,0.5572553501713561,4.940000009536743,5.599354089211183,4.280645929862303,4.634999990463257,4.9649999141693115,5.620000004768372,5.765000104904175,
2022-01-25,4.550000190734863,4.820000171661377,4.5,4.760000228881836,1838300,0.0,0,0.01709410330718164,0.5667811306956649,4.925500011444091,5.5873172204680195,4.263682802420163,4.634999990463257,4.9649999141693115,5.580000042915344,5.765000104904175,
2022-01-26,4.829999923706055,4.849999904632568,4.349999904632568,4.369999885559082,2021900,0.0,0,-0.08193284129617961,0.5203431422647078,4.8990000009536745,5.604281858460908,4.193718143446441,4.579999923706055,4.9649999141693115,5.514999985694885,5.765000104904175,
2022-01-27,4.429999828338623,4.539999961853027,4.320000171661377,4.369999885559082,1946300,0.0,0,0.0,0.5203431422647078,4.865499997138977,5.604042857947786,4.1269571363301685,4.494999885559082,4.9649999141693115,5.432499885559082,5.765000104904175,
2022-01-28,4.389999866485596,4.480000019073486,4.210000038146973,4.389999866485596,2078000,0.0,0,0.004576654794112178,0.5227245732013369,4.8230000019073485,5.568318383419904,4.0776816203947925,4.494999885559082,4.9649999141693115,5.424999952316284,5.765000104904175,
2022-01-31,4.340000152587891,4.710000038146973,4.300000190734863,4.710000038146973,2887600,0.0,0,0.07289297981631893,0.560827524965196,4.789499998092651,5.490081181408068,4.088918814777235,4.494999885559082,4.9649999141693115,5.417499899864197,5.765000104904175,
2022-02-01,4.670000076293945,4.769999980926514,4.599999904632568,4.760000228881836,1499600,0.0,0,0.010615751662400141,0.5667811306956649,4.754500007629394,5.383099979435394,4.125900035823395,4.494999885559082,4.9649999141693115,5.3749998807907104,5.765000104904175,
2022-02-02,4.730000019073486,4.760000228881836,4.369999885559082,4.519999980926514,1641100,0.0,0,-0.0504202177342542,0.5382039026783227,4.702999997138977,5.2202828787470645,4.185717115530889,4.494999885559082,4.9649999141693115,5.317499995231628,5.799999952316284,
2022-02-03,4.460000038146973,4.519999980926514,4.300000190734863,4.360000133514404,1536200,0.0,0,-0.035398196479485944,0.5191524551852893,4.656500005722046,5.117972706035988,4.195027305408105,4.5299999713897705,4.9649999141693115,5.294999957084656,5.799999952316284,
2022-02-04,4.369999885559082,4.420000076293945,4.179999828338623,4.400000095367432,1783200,0.0,0,0.009174302896359121,0.5239153170585477,4.618500018119812,5.029794121991462,4.207205914248163,4.514999866485596,4.9649999141693115,5.294999957084656,5.799999952316284,
2022-02-07,4.360000133514404,4.599999904632568,4.360000133514404,4.579999923706055,1240200,0.0,0,0.04090905100846176,0.5453481954882102,4.603500008583069,4.996852905592867,4.210147111573271,4.514999866485596,4.9649999141693115,5.304999947547913,5.799999952316284,
2022-02-08,4.559999942779541,4.929999828338623,4.539999961853027,4.829999923706055,1351500,0.0,0,0.05458515374771111,0.575116110584971,4.609000015258789,5.011781330632257,4.206218699885321,4.554999828338623,4.9649999141693115,5.304999828338623,5.799999952316284,
2022-02-09,4.860000133514404,4.920000076293945,4.769999980926514,4.829999923706055,1342200,0.0,0,0.0,0.575116110584971,4.601000022888184,4.978490586092761,4.223509459683607,4.554999828338623,4.909999847412109,5.272499918937683,5.799999952316284,
2022-02-10,4.699999809265137,4.949999809265137,4.659999847412109,4.690000057220459,1143900,0.0,0,-0.028985480061493263,0.5584460940285668,4.594500017166138,4.960877686295315,4.228122348036961,4.56499981880188,4.865000009536743,5.254999995231628,5.799999952316284,
2022-02-11,4.670000076293945,4.809999942779541,4.510000228881836,4.570000171661377,1170000,0.0,0,-0.025586329231347626,0.5441575084087918,4.581000018119812,4.929469464470155,4.232530571769469,4.56499981880188,4.7200000286102295,5.254999995231628,5.799999952316284,
2022-02-14,4.559999942779541,4.599999904632568,4.409999847412109,4.53000020980835,1296500,0.0,0,-0.008752726553724832,0.5393946465355335,4.568000030517578,4.9033231778625685,4.232676883172588,4.56499981880188,4.6499998569488525,5.2774999141693115,5.799999952316284,
2022-02-15,4.579999923706055,4.849999904632568,4.510000228881836,4.840000152587891,1496700,0.0,0,0.06843265528075015,0.5763068544421818,4.573500037193298,4.922744690505056,4.224255383881541,4.56499981880188,4.634999990463257,5.197499990463257,5.799999952316284,
2022-02-16,4.820000171661377,4.920000076293945,4.75,4.880000114440918,1101000,0.0,0,0.008264454667762822,0.5810697163154401,4.5915000438690186,4.964430419040641,4.218569668697396,4.56499981880188,4.634999990463257,5.107499957084656,5.799999952316284,
2022-02-17,4.789999961853027,4.864999771118164,4.710000038146973,4.690000057220459,114840,0.0,0,-0.03893443704196031,0.5584460940285669,4.611000037193298,4.960743701883174,4.261256372503422,4.6549999713897705,4.634999990463257,5.107499957084656,5.799999952316284,
