Date,Open,High,Low,Close,Volume,Dividends,Stock Splits,daily_return,cum_return,middle_band,upper_band,lower_band,Conversion,Baseline,SpanA,SpanB,Lagging
2018-05-04,21.59439101589053,22.134250042414475,21.34900020889177,21.44715690612793,828000,0.0,0,,,,,,,,,,20.318359375
2018-05-07,21.731808975343885,21.898674796737776,21.55512729714056,21.74162483215332,76000,0.0,0,0.0137299282750738,1.0137299282750738,,,,,,,,20.171125411987305
2018-05-08,21.790704181461876,21.90358372683356,21.589483796723947,21.68273162841797,65200,0.0,0,-0.0027087765606301772,1.010983960406553,,,,,,,,20.11223030090332
2018-05-09,21.745550880604902,21.86922917911312,21.58457494713989,21.653284072875977,76800,0.0,0,-0.0013581109634450694,1.0096109320060576,,,,,,,,20.072969436645508
2018-05-10,21.82996714266129,21.83978300013235,20.868035576698578,20.90729713439941,38600,0.0,0,-0.03445144560824509,0.9748283758965612,,,,,,,,20.26927947998047
2018-05-11,20.9956347188617,21.083975550198595,20.710982385140788,20.98581886291504,13600,0.0,0,0.003755709215345515,0.9784895478112963,,,,,,,,20.416513442993164
2018-05-14,21.093793228288423,21.103609085083008,20.701168317421203,21.103609085083008,40700,0.0,0,0.005612848511530766,0.9839816614132774,,,,,,,,20.61282730102539
2018-05-15,21.103608678508213,21.29992206625134,20.72079963181065,20.84840202331543,20400,0.0,0,-0.01209305293415286,0.972082319095571,,,,,,,,20.43614387512207
2018-05-16,20.38706800993557,20.907295305100096,20.38706800993557,20.81895446777344,13500,0.0,0,-0.0014124610370165325,0.9707092906950758,,,,21.260659026175023,,,,20.465591430664062
2018-05-17,20.750246032701167,20.85821858683757,20.730616191008146,20.779693603515625,5100,0.0,0,-0.0018858230521897612,0.9688787047377083,,,,21.145325868384568,,,,20.24964904785156
2018-05-18,20.87784909027481,20.995635622337147,20.59319487212168,20.710983276367188,10900,0.0,0,-0.003306609253218906,0.9656750014473758,,,,21.145325868384568,,,,20.357622146606445
2018-05-21,20.809141502062143,21.093793869018555,20.809141502062143,21.093793869018555,50400,0.0,0,0.01848345815083463,0.9835240149239356,,,,21.128148594524347,,,,20.26927947998047
2018-05-22,21.22139731176867,21.2999222932662,20.61282730102539,20.61282730102539,99100,0.0,0,-0.022801330617892468,0.9610983586890179,,,,21.11342550503396,,,,20.279096603393555
2018-05-23,20.612827926487046,20.69135291036729,20.328173689806626,20.63245964050293,111500,0.0,0,0.0009524331228720762,0.9620137406001713,,,,20.814047991536412,,,,20.220203399658203
2018-05-24,20.49504021928495,20.61282863524704,20.347806103469853,20.563751220703125,82200,0.0,0,-0.003330112889930237,0.9588101262423087,,,,20.814047991536412,,,,20.190753936767575
2018-05-25,20.18093951455636,21.250843586619773,20.18093951455636,20.69135284423828,51500,0.0,0,0.006205172498230382,0.9647597084686922,,,,20.74043090391128,,,,20.131860733032227
2018-05-29,20.49503850852334,21.2508426113846,20.49503850852334,21.05453109741211,45800,0.0,0,0.017552175341447374,0.9816933400340984,,,,20.74043090391128,,,,20.131860733032227
2018-05-30,20.6128277149352,21.07416175647396,20.6128277149352,20.838586807250977,59400,0.0,0,-0.010256428374587512,0.9716246726062291,,,,20.74043090391128,,,,20.063152313232425
2018-05-31,20.79932483415073,21.182133884928284,20.61282730102539,20.61282730102539,40700,0.0,0,-0.010833724393778499,0.9610983586890179,,,,20.74043090391128,,,,20.09259605407715
2018-06-01,20.809142511561447,21.118333600157644,20.61282910454952,20.73061752319336,18800,0.0,0,0.005714413672990304,0.966590472290999,20.975515174865723,21.710131097973218,20.24089925175823,20.74043090391128,,,,20.190753936767575
2018-06-04,20.6717198644497,20.926926513663048,20.6619040080742,20.681535720825195,41400,0.0,0,-0.0023675996295455803,0.9643019730468806,20.937234115600585,21.648734226924706,20.225734004276465,20.74043090391128,,,,20.11223030090332
2018-06-05,20.81895461058743,21.33918378150384,20.52448639893405,20.671720504760746,77100,0.0,0,-0.00047458835731262194,0.9638443265575389,20.883738899230956,21.49862784682403,20.268849951637883,20.760061648030103,,,,19.98462677001953
2018-06-06,20.838586323946515,20.848402180626056,20.671720504760746,20.671720504760746,34700,0.0,0,0.0,0.9638443265575389,20.833188343048096,21.33095159282484,20.335425093271354,20.760061648030103,,,,19.87665367126465
2018-06-07,20.71098327636719,20.858217377536697,20.671719850890963,20.710983276367188,21800,0.0,0,0.0018993470619632635,0.965675001447376,20.786073303222658,21.111384394665784,20.46076221177953,20.760061648030103,,,,20.072969436645508
2018-06-08,20.71098352099346,20.740429218265252,20.41651344299316,20.416513442993164,60000,0.0,0,-0.014218051815532817,0.9519449842398324,20.761534118652342,21.11935384587879,20.403714391425893,20.8778486122485,,,,19.925731658935547
2018-06-11,20.544117677195548,20.69135177990401,20.318358594897028,20.47540855407715,50900,0.0,0,0.0028846801511155373,0.954691041040823,20.73601360321045,21.09903315891748,20.37299404750342,20.828771188200434,21.157594778485418,,,19.98462677001953
2018-06-12,20.11223012554748,20.59319587802568,20.11223012554748,20.318359375,60700,0.0,0,-0.00767013652803894,0.9473684304139443,20.6967511177063,21.062123957142397,20.3313782782702,20.72570695352566,21.007906926190522,,,20.072969436645508
2018-06-13,20.396886397717672,20.593197937773645,20.03370714672978,20.171125411987305,83600,0.0,0,-0.007246350962462733,0.9405034662764074,20.662887287139892,21.087235606690648,20.238538967589136,20.686445464116808,20.96864543678167,,,21.1821346282959
2018-06-14,20.171123570324696,20.58338020064089,20.033705317613723,20.11223030090332,60500,0.0,0,-0.002919773184741792,0.9377574094754167,20.627551078796387,21.10859788382424,20.146504273768535,20.686444549558782,20.95146724836342,,,21.221397399902344
2018-06-15,20.09259927900648,20.367437666076896,19.67052864940372,20.072969436645508,212000,0.0,0,-0.0019520890358961651,0.9359268235180493,20.59221487045288,21.125002038359316,20.059427702546447,20.50485621545378,20.755155824768035,,,21.152687072753903
2018-06-18,20.18093864318898,20.465592866668928,20.08278194984475,20.26927947998047,60700,0.0,0,0.00977982076615791,0.9450800201022954,20.570129680633546,21.117964967353696,20.022294393913395,20.26437301347021,20.50485621545378,,,21.19194793701172
2018-06-19,20.279095196569607,20.54411770511492,19.94536356481252,20.416513442993164,28300,0.0,0,0.007263897227235638,0.9519449842398323,20.536265659332276,21.031050674052807,20.041480644611745,20.26437301347021,20.50485621545378,,,21.201765060424805
2018-06-20,20.475409051450523,20.769877264020447,20.25946394819489,20.61282730102539,90900,0.0,0,0.009615444800620487,0.9610983586890179,20.536265659332276,21.031050674052807,20.041480644611745,20.220202956712086,20.50485621545378,,,21.24102783203125
2018-06-21,20.60300968054225,20.60300968054225,19.99444159408023,20.43614387512207,31600,0.0,0,-0.00857152797736438,0.9528602772185161,20.52644987106323,21.02099865440469,20.031901087721774,20.220202956712086,20.50485621545378,,,21.103609085083008
2018-06-22,20.524484693664967,20.612825524257858,20.28989079340975,20.465591430664062,234300,0.0,0,0.0014409546009235275,0.9542333056190113,20.52154188156128,21.016464729599228,20.026619033523332,20.220202956712086,20.50485621545378,,,21.47660255432129
2018-06-25,20.455778304132338,20.593196560197303,19.974812535721625,20.24964904785156,51800,0.0,0,-0.010551485088720725,0.9441647271236117,20.499456691741944,21.00154528727617,19.99736809620772,20.220202956712086,20.50485621545378,,,21.250844955444336
2018-06-26,20.26928130187449,20.41651541903329,20.151494757020792,20.357622146606445,35200,0.0,0,0.005332097287204185,0.9491991053037814,20.46461124420166,20.899299992878937,20.02992249552438,20.220202956712086,20.50485621545378,,,21.250844955444336
2018-06-27,20.288911193085955,20.3674361733247,20.22020206939996,20.26927947998047,21500,0.0,0,-0.0043395375938197756,0.9450800201022955,20.436145877838136,20.84248858668153,20.029803168994743,20.220202956712086,20.50485621545378,,,21.388261795043945
2018-06-28,20.190755761083302,20.279096603393555,20.00425821929685,20.279096603393555,2900,0.0,0,0.000484335095521482,0.9455377555241072,20.419459342956543,20.822775257892104,20.016143428020982,20.357620414416484,20.50485621545378,,,21.113426208496094
2018-06-29,20.239835114055232,20.239835114055232,19.97481258624532,20.220203399658203,85400,0.0,0,-0.002904133497026451,0.9427917876555865,20.393938636779787,20.77927177787524,20.008605495684332,20.357620414416484,20.50485621545378,,,21.093793869018555
2018-07-02,20.230017361883775,20.230017361883775,19.906101593407733,20.190753936767575,31800,0.0,0,-0.0014564375198682367,0.9414186703226213,20.369399547576904,20.74043900063373,19.998360094520077,20.33798942871409,20.50485621545378,,,21.128149032592773
2018-07-03,20.22020156763152,20.26927897699416,19.92671439106529,20.131860733032227,7200,0.0,0,-0.002916840248748831,0.9386727024541006,20.34240655899048,20.69969167823922,19.98512143974174,20.259463558832795,20.50485621545378,,,21.133056640625
2018-07-05,20.210385711322356,20.210385711322356,20.053335754742093,20.131860733032227,13800,0.0,0,0.0,0.9386727024541006,20.315413570404054,20.64969227715596,19.981134863652148,20.259463558832795,20.50485621545378,,,21.0839786529541
2018-07-06,20.17112299204569,20.1809388486984,19.974811475541333,20.063152313232425,14800,0.0,0,-0.0034129194867250634,0.9354690880962382,20.283022022247316,20.58089491411352,19.98514913038111,20.24964907680252,20.50485621545378,,,21.152687072753903
2018-07-09,20.023886936383427,20.22020030595096,20.023886936383427,20.09259605407715,31300,0.0,0,0.0014675530736665277,0.9368419386317939,20.266826152801514,20.569144437344818,19.96450786825821,20.16130850622051,20.50485621545378,,,21.1821346282959
2018-07-10,20.10241310243928,20.230017361883775,20.07296740578528,20.190753936767575,30900,0.0,0,0.004885276269240846,0.9414186703226214,20.252593421936034,20.54060501689707,19.964581826974996,20.136768883366216,20.50485621545378,,,21.133056640625
2018-07-11,19.94536447739002,20.29872783828484,19.94536447739002,20.11223030090332,10900,0.0,0,-0.0038890888428521064,0.937757409475417,20.242286968231202,20.53491323366896,19.949660702793445,20.102414715846287,20.50485621545378,,,21.349000930786133
2018-07-12,20.14167672767844,20.14167672767844,19.925731631760065,19.98462677001953,26300,0.0,0,-0.006344573872449022,0.9318077383165637,20.23296203613281,20.545496413912435,19.920427658353187,20.102414715846287,20.26437301347021,,,22.08517265319824
2018-07-13,19.96499450402269,19.984626216231845,19.87665367126465,19.87665367126465,22600,0.0,0,-0.005402807868138959,0.9267733601363942,20.221183204650877,20.56736039941163,19.875006009890125,20.087690754774744,20.26437301347021,,,21.672914505004883
2018-07-16,19.847208463752544,20.12204685082296,19.847208463752544,20.072969436645508,55700,0.0,0,0.009876701009519984,0.9359268235180496,20.221183204650877,20.56736039941163,19.875006009890125,20.072968151018692,20.220202956712086,,,21.702363967895508
2018-07-17,20.06315177621189,20.06315177621189,19.87665424916889,19.925731658935547,43500,0.0,0,-0.007335126881684029,0.9290616815155732,20.204005813598634,20.572553245011385,19.835458382185884,20.072968151018692,20.220202956712086,,,21.57475852966309
2018-07-18,19.96499505726637,20.072967605225564,19.876654222060345,19.98462677001953,20500,0.0,0,0.0029557314176502647,0.9318077383165638,20.182411479949952,20.549210553832644,19.81561240606726,20.072968151018692,20.220202956712086,20.993182983342926,,21.52568244934082
2018-07-19,20.023890150284718,20.171124265000408,20.023890150284718,20.072969436645508,7400,0.0,0,0.004420531223455537,0.9359268235180497,20.155418586730956,20.466159240049233,19.84467793341268,20.072968151018692,20.220202956712086,20.86680693985809,,21.555126190185547
2018-07-20,20.31835980150969,21.486418708254487,20.31835980150969,21.1821346282959,394400,0.0,0,0.0552566572250881,0.9876430111929521,20.19271812438965,20.72950217511996,19.65593407365934,20.666813586003514,20.578473678829106,20.82754545044924,,21.36863136291504
2018-07-23,21.10360899107525,21.31955222304447,21.00839723999346,21.221397399902344,12500,0.0,0,0.0018535795516092524,0.9894736860827891,20.230508422851564,20.924237641113123,19.536779204590005,20.666813586003514,20.578473678829106,20.8189558989611,,21.437339782714844
2018-07-24,21.30973704137648,21.30973704137648,21.10360965962809,21.152687072753903,9100,0.0,0,-0.00323778523410323,0.9862699827924565,20.27566032409668,21.078708737142513,19.472611911050848,20.666813586003514,20.666813586003514,20.63000602011091,,21.172319412231445
2018-07-25,20.87784803776917,21.20176379288593,20.642273113337257,21.19194793701172,26600,0.0,0,0.0018560698280449817,0.988100568749824,20.317376613616943,21.21528871413832,19.419464513095566,20.666813586003514,20.666813586003514,20.384614614461995,,21.417709350585938
2018-07-26,21.182133347502702,21.44715585540152,21.123240080919583,21.201765060424805,41500,0.0,0,0.0004632478072457147,0.9885583041716356,20.36400089263916,21.341307902020763,19.38669388325756,20.666813586003514,20.666813586003514,20.384614614461995,,21.172319412231445
2018-07-27,21.201766276119,21.25084368905513,21.201766276119,21.24102783203125,16100,0.0,0,0.0018518633469688517,0.9903889790614727,20.412097454071045,21.460828299931062,19.363366608211027,20.681536465157414,20.666813586003514,20.362529586082935,,21.437339782714844
2018-07-30,21.228268406972685,21.348999888397927,20.956374977530707,21.103609085083008,10500,0.0,0,-0.006469496110777517,0.9839816614132776,20.456267738342284,21.54309166876605,19.36944380791852,20.681536465157414,20.666813586003514,20.362529586082935,,21.40789222717285
2018-07-31,21.29992274633117,21.54531355275349,21.00545265531441,21.47660255432129,44300,0.0,0,0.017674392457446064,1.0013729394680257,20.52056016921997,21.68705636195333,19.354063976486607,20.784601851519106,20.696261008253018,20.362529586082935,,21.44715690612793
2018-08-01,21.358817516958126,21.594392483019973,21.13305840850512,21.250844955444336,7700,0.0,0,-0.010511792929349006,0.9908467144832843,20.576509380340575,21.770384431971824,19.382634328709326,20.95637614226483,20.72080047338626,20.362529586082935,,21.81033515930176
2018-08-02,21.594392483019973,21.594392483019973,21.2410290978355,21.250844955444336,11800,0.0,0,0.0,0.9908467144832843,20.63245859146118,21.842683879053826,19.422233303868534,21.118332798178614,20.72080047338626,20.362529586082935,,21.780885696411133
2018-08-03,21.23120996967892,21.486416611645296,21.23120996967892,21.388261795043945,13400,0.0,0,0.006466417683048675,0.9972539431990097,20.69871406555176,21.922176659898344,19.475251471205173,21.118332798178614,20.72080047338626,20.362529586082935,,21.653284072875977
2018-08-06,21.270476182264588,21.42752615603308,21.104591375195977,21.113426208496094,14300,0.0,0,-0.012849832734492472,0.9844393968350894,20.749755573272704,21.952593597194507,19.5469175493509,21.118332798178614,20.72080047338626,20.431238314935133,,21.761255264282227
2018-08-07,21.064346297740315,21.093793869018555,21.064346297740315,21.093793869018555,2100,0.0,0,-0.0009298509528329335,0.983524014923936,20.794907569885254,21.97783872132985,19.61197641844066,21.27538373027534,20.72080047338626,20.431238314935133,,21.231210708618164
2018-08-08,21.15268773992965,21.15268773992965,21.044717053210707,21.128149032592773,5700,0.0,0,0.0016286858489062972,0.9851258665691022,20.845703506469725,21.993359934908703,19.698047078030747,21.27538373027534,20.72080047338626,20.421422822083933,,21.358816146850582
2018-08-09,21.133056640625,21.133056640625,21.133056640625,21.133056640625,900,0.0,0,0.00023227818133308986,0.985354689813773,20.903125,21.985050651049757,19.82119934895024,21.27538373027534,20.72080047338626,20.38215988714329,,21.40789222717285
2018-08-10,21.093794510345287,21.201767069464942,21.05453295296392,21.0839786529541,7300,0.0,0,-0.0023223326613601714,0.9830663684345942,20.963491249084473,21.937865317759783,19.989117180409163,21.299922569167194,20.72080047338626,20.38215988714329,,21.201765060424805
2018-08-13,21.005452961193164,21.152687072753903,21.005452961193164,21.152687072753903,2600,0.0,0,0.0032587976363831483,0.9862699827924566,21.017477130889894,21.90320538993811,20.13174887184168,21.29992272210657,20.72080047338626,20.37725264612815,,21.299922943115234
2018-08-14,21.242991818724278,21.25084375549461,21.005452945680165,21.1821346282959,16000,0.0,0,0.0013921425415461819,0.987643011192952,21.08029727935791,21.810397784741433,20.35019677397439,21.299922714350068,20.72080047338626,20.333082360837146,,21.417709350585938
2018-08-15,21.064345643111142,21.249862153687022,21.064345643111142,21.133056640625,4900,0.0,0,-0.002316951928222455,0.985354689813773,21.137718772888185,21.66454799970361,20.61088954607276,21.24593477866273,20.72080047338626,20.32081254941,,21.594390869140625
2018-08-16,21.15268752967568,21.417710059519784,21.0545327013038,21.349000930786133,24100,0.0,0,0.010218317862547899,0.9954233572416424,21.201520347595213,21.403741936460502,20.999298758729925,21.216489550856622,20.72080047338626,20.303635465650032,,21.152687072753903
2018-08-17,21.35881608837727,22.144065922728785,21.35881608837727,22.08517265319824,63000,0.0,0,0.034482724732590064,1.0297482668617965,21.246672248840333,21.683079682328422,20.810264815352244,21.574759434204474,20.995637193240665,20.18339386465825,,21.358816146850582
2018-08-20,22.144064372635107,22.144064372635107,21.21059759748513,21.672914505004883,7800,0.0,0,-0.01866673875124336,1.0105262249847418,21.26924810409546,21.74358508533989,20.79491112285103,21.574759434204474,20.995637193240665,20.176031884122477,,21.27047538757324
2018-08-21,21.800518794747664,21.83978222323518,21.63365484022567,21.702363967895508,3400,0.0,0,0.0013588141495148864,1.011899342317707,21.29673194885254,21.803804525713087,20.78965937199199,21.574759434204474,21.010360072394565,20.14658555386539,,21.162500381469727
2018-08-22,21.015267809284165,21.79070363028878,20.907295258971317,21.57475852966309,20500,0.0,0,-0.005879794404940686,1.0059495822263842,21.315872478485108,21.834572910336487,20.79717204663373,21.52568059085005,21.010360072394565,20.14658555386539,,21.19194793701172
2018-08-23,21.57475986314371,21.790704977116423,21.349000764157083,21.52568244934082,8200,0.0,0,-0.00227469893833554,1.0036613497796747,21.332068347930907,21.855764103385063,20.80837259247675,21.52568059085005,21.08397803650675,20.14658555386539,20.9023893459091,21.19194793701172
2018-08-24,21.221396436719584,21.59438961540693,21.221396436719584,21.555126190185547,7600,0.0,0,0.0013678423861367417,1.0050342003152306,21.347773265838622,21.878474632713406,20.81707189896384,21.52568059085005,21.231212862119236,20.14658555386539,20.78705618811864,20.681535720825195
2018-08-27,21.59439045011499,21.59439045011499,21.20569151187772,21.36863136291504,10100,0.0,0,-0.008651994222860226,0.9963386502203263,21.361024379730225,21.879645716372494,20.842403043087955,21.52568059085005,21.39316951803302,20.62264363241631,20.78705618811864,21.103609085083008
2018-08-28,21.29010568165052,21.52568061779008,21.074160586051875,21.437339782714844,10800,0.0,0,0.0032153870143993846,0.999542264578189,21.359061241149902,21.8761967703602,20.841925711939606,21.52568059085005,21.39316951803302,20.62264363241631,20.76987891425842,21.0839786529541
2018-08-29,21.49623521610571,21.49623521610571,21.17231941223145,21.172319412231445,1300,0.0,0,-0.012362558655579448,0.9871853647036104,21.355134963989258,21.876718973701838,20.833550954276678,21.52568059085005,21.39316951803302,20.666813586003514,20.755155824768035,21.133056640625
2018-08-30,21.250843526820372,21.48641847704529,21.10360941695271,21.417709350585938,12200,0.0,0,0.011590130187282499,0.9986269715995052,21.363478183746338,21.88344066581758,20.843515701675095,21.525679815803212,21.52568059085005,20.666813586003514,20.578473678829106,21.093793869018555
2018-08-31,21.43734194417858,21.43734194417858,21.17231941223145,21.172319412231445,1000,0.0,0,-0.011457338146564133,0.9871853647036104,21.35268106460571,21.8791349739518,20.826227155259623,21.373538741103246,21.52568059085005,20.666813586003514,20.578473678829106,21.103609085083008
2018-09-04,21.074160586051875,21.437339782714844,20.9171106286255,21.437339782714844,27600,0.0,0,0.012517304567504883,0.9995422645781888,21.36887674331665,21.88459782637179,20.85315566026151,21.349000118043868,21.52568059085005,20.674175025580464,20.578473678829106,21.07416343688965
2018-09-05,21.437339796277616,21.437339796277616,21.201764859989016,21.40789222717285,4700,0.0,0,-0.001373657172040299,0.9981692361776936,21.384581661224367,21.884560496191014,20.88460282625772,21.353907802870964,21.52568059085005,20.674175025580464,20.578473678829106,20.710983276367188
2018-09-06,21.304829788744662,21.59439101589053,21.284217050821564,21.44715690612793,8900,0.0,0,0.0018341216658985804,1.0000000000000004,21.400532054901124,21.8867894215577,20.914274688244546,21.255750822258015,21.52568059085005,20.740431429886062,20.607921101078606,20.61282730102539
2018-09-07,21.56494434209555,22.12443697795973,21.202748005133063,21.81033515930176,31300,0.0,0,0.016933631565406504,1.016933631565407,21.43439598083496,21.93569339880316,20.93309856286676,21.520773803292613,21.52568059085005,20.838588307825546,20.632460566211847,20.84840202331543
2018-09-10,21.48641564332844,21.800515535536885,21.48641564332844,21.780885696411133,13500,0.0,0,-0.0013502526520353664,1.0155605142324418,21.469241333007812,21.965059554488473,20.97342311152715,21.520773803292613,21.52568059085005,20.919566635782438,20.632460566211847,20.75515556335449
2018-09-11,21.64346821603036,21.839781608576256,21.20176589107697,21.653284072875977,29800,0.0,0,-0.00585842216490684,1.0096109320060582,21.494271183013915,21.9737397315157,21.01480263451213,21.520773803292613,21.52568059085005,20.919566635782438,20.632460566211847,20.190753936767575
2018-09-12,21.77107112051362,21.77107112051362,21.45697120984162,21.761255264282227,2900,0.0,0,0.004986365626704181,1.014645221253758,21.523227214813232,21.99355961721356,21.052894812412905,21.520773803292613,21.52568059085005,20.919566635782438,20.632460566211847,20.023889541625977
2018-09-13,21.61402162098279,21.643467318114787,21.16741045004338,21.231210708618164,13700,0.0,0,-0.024357260150063564,0.9899312436396615,21.528134918212892,21.983740754988027,21.072529081437757,21.520773803292613,21.52568059085005,20.9980921018308,20.632460566211847,18.944168090820312
2018-09-14,21.44715698747989,21.44715698747989,21.260659449242105,21.358816146850582,1300,0.0,0,0.006010276097001999,0.9958810037309843,21.528625679016113,21.98347091472232,21.073780443309904,21.520773803292613,21.52568059085005,20.9980921018308,20.632460566211847,18.885276794433597
2018-09-17,21.25084226964712,21.44911770060962,21.25084226964712,21.40789222717285,2900,0.0,0,0.0022976966506407237,0.9981692361776937,21.494761657714843,21.872342149843682,21.117181165586004,21.645923714001555,21.52568059085005,20.9980921018308,20.632460566211847,19.87665367126465
2018-09-18,21.348999162974195,21.458933759844868,21.201765060424805,21.201765060424805,6100,0.0,0,-0.009628559624679567,0.9885583041716359,21.47120418548584,21.860129746451907,21.08227862451977,21.645923714001555,21.52568059085005,21.010361521276728,20.632460566211847,20.779693603515625
2018-09-19,21.10360954729038,21.506050323766367,21.10360954729038,21.299922943115234,51900,0.0,0,0.004629703348314695,0.9931350358624637,21.451082134246825,21.83154697722411,21.07061729126954,21.614023262625054,21.52568059085005,21.010361597746414,20.632460566211847,20.710983276367188
2018-09-20,21.19195025730997,21.506050190943192,21.19195025730997,21.417709350585938,7200,0.0,0,0.0055298982904901095,0.9986269715995053,21.44322967529297,21.81957616354068,21.066883187045256,21.471695577933318,21.52568059085005,21.01036159386816,20.632460566211847,20.347806930541992
2018-09-21,21.378447634435197,21.594390869140625,20.71098434438516,21.594390869140625,35100,0.0,0,0.00824931908742399,1.0068649641375376,21.44666509628296,21.827236176418843,21.066094016147076,21.275382976480707,21.427525133556973,20.983367626024496,20.632460566211847,20.76006126403809
2018-09-24,21.35881632668559,21.594391279619444,20.67172130982438,21.152687072753903,45200,0.0,0,-0.020454561513839065,0.9862699827924569,21.426543140411376,21.824402868127688,21.028683412695063,21.221396215169,21.40789361627658,20.968645012121442,20.632460566211847,20.64227294921875
2018-09-25,21.50310531285958,21.50310531285958,20.728652357380422,21.358816146850582,9900,0.0,0,0.009744817449797605,0.9958810037309844,21.426052379608155,21.82422410555195,21.02788065366436,21.157594313969582,21.407892841229746,21.285198313722567,20.907297286066253,20.4852237701416
2018-09-26,21.398077784424,21.46580588731105,21.03490043572187,21.27047538757324,14400,0.0,0,-0.004136032571747661,0.9917620074619683,21.417709159851075,21.82159938308934,21.01381893661281,21.13305629472191,21.398079143892055,21.285198313722567,20.907297286066253,19.64107894897461
2018-09-27,21.074159550734443,21.339182042940287,21.074159550734443,21.162500381469727,19900,0.0,0,-0.005076285514831191,0.9867275403493292,21.41721820831299,21.822335695378698,21.01210072124728,21.13305629472191,21.398079143892055,21.29255975329952,20.907297286066253,19.385873794555664
2018-09-28,20.902386741363166,21.59438866693912,20.868032181894957,21.19194793701172,10500,0.0,0,0.0013914969881241301,0.9881005687498244,21.40593013763428,21.82290173774293,20.988958537525626,21.13305629472191,21.398079143892055,21.26802033162231,20.907297286066253,18.993247985839844
2018-10-01,21.015266275642016,21.19194793701172,20.8974797495176,21.19194793701172,5900,0.0,0,0.0,0.9881005687498244,21.40691156387329,21.821742935331443,20.992080192415138,21.13305629472191,21.398079143892055,21.3048293136784,20.907297286066253,18.600624084472656
2018-10-02,20.76006069964598,20.85821739121776,20.6128265983799,20.681535720825195,5500,0.0,0,-0.024085195834927853,0.9643019730468814,21.36912136077881,21.891145296143023,20.847097425414596,21.10360893899967,21.368631788169814,21.378446726484643,20.907297286066253,18.266891479492188
2018-10-03,20.62264333524776,21.103609085083008,20.514670782690555,21.103609085083008,14400,0.0,0,0.02040822161155109,0.9839816614132781,21.353907203674318,21.888250490477844,20.81956391687079,21.054531031155,21.31955388032514,21.459425054441535,20.907297286066253,18.35523223876953
2018-10-04,21.19195121207376,21.19195121207376,20.46559461477646,21.0839786529541,3400,0.0,0,-0.0009301931271453734,0.9830663684345944,21.335748291015626,21.880874879055764,20.79062170297549,21.029992947197954,21.295015796368094,21.459425054441535,20.907297286066253,18.35523223876953
2018-10-05,20.966190819600715,21.133056640625,20.966190819600715,21.133056640625,2900,0.0,0,0.0023277384443767257,0.9853546898137734,21.301884365081786,21.807149416119344,20.79661931404423,21.02999164085779,21.295015796368094,21.459425054441535,20.995637193240665,18.109840393066406
2018-10-08,21.172318853577217,21.182134710669963,20.63245981875932,21.093793869018555,4300,0.0,0,-0.0018578841799424817,0.9835240149239363,21.26752977371216,21.72892381771911,20.806135729705208,21.02999164085779,21.295015796368094,21.52568020332663,20.995637193240665,18.31597137451172
2018-10-09,21.083977371493837,21.13796364777244,21.07416151469925,21.103609085083008,5300,0.0,0,0.00046531297904017777,0.983981661413278,21.24004602432251,21.67036649480577,20.80972555383925,21.02999164085779,21.295015796368094,21.44960966597665,20.995637193240665,18.63988304138184
2018-10-10,20.92889323631936,21.19195185698501,20.92889323631936,21.07416343688965,7500,0.0,0,-0.0013952896907180046,0.9826087219452525,21.205691432952882,21.567686078154804,20.84369678775096,21.02999164085779,21.295015796368094,21.43734035444696,20.995637193240665,18.57117462158203
2018-10-11,20.65797802641092,20.80423110359847,20.65797802641092,20.710983276367188,1800,0.0,0,-0.01723343190395521,0.9656750014473765,21.17968006134033,21.60117209286028,20.75818802982038,20.828773235880735,21.295015796368094,21.439794196860507,20.995637193240665,19.150297164916992
2018-10-12,21.16250217150809,21.16250217150809,20.19173584742349,20.61282730102539,11800,0.0,0,-0.004739319907317019,0.9610983586890186,21.14238061904907,21.62249450815204,20.6622667299461,20.69184385220425,21.15808641269161,21.390715706554033,20.995637193240665,18.836196899414062
2018-10-15,20.868033736526385,21.1919495157743,20.19860654462522,20.84840202331543,8400,0.0,0,0.011428549749617378,0.9720823190955716,21.1144061088562,21.59457801249814,20.634234205214263,20.69184385220425,21.015758727999874,21.523227197071332,20.995637193240665,18.92453956604004
2018-10-16,21.10361007101705,21.10361007101705,20.248668187754213,20.75515556335449,11000,0.0,0,-0.004472595063001017,0.9677345885143542,21.092075634002686,21.5951664419124,20.58898482609297,20.69184385220425,21.015758727999874,21.523227197071332,20.995637193240665,18.9539852142334
2018-10-17,20.612826395850973,20.91907437189799,20.190753936767575,20.190753936767575,7800,0.0,0,-0.027193321912914348,0.9414186703226217,21.0366171836853,21.666048102161508,20.407186265209095,20.691352896876293,20.980912528640598,21.523227197071332,20.995637193240665,20.18094062805176
2018-10-18,20.70116869535118,20.70116869535118,19.92573284407137,20.023889541625977,6400,0.0,0,-0.0082643964491953,0.9336384132064013,20.966926193237306,21.711606027695304,20.22224635877931,20.558842350528188,20.784600081093078,21.523227197071332,20.995637193240665,19.444766998291016
2018-10-19,19.92573124313604,20.004256220433973,18.944168090820312,18.944168090820312,14800,0.0,0,-0.053921664348034026,0.8832950760670546,20.83441505432129,21.94401243358979,19.72481767505279,20.068059973902663,20.269279685219878,21.523227197071332,20.995637193240665,19.287715911865234
2018-10-22,19.660712664239885,19.660712664239885,18.74785853788396,18.885276794433597,9900,0.0,0,-0.0031086768288997035,0.8805491971310038,20.721044540405273,22.10917167261379,19.332917408196757,19.969905197434485,20.1711249087517,21.523227197071332,20.995637193240665,19.778499603271484
2018-10-23,18.649699740939667,19.960085639878848,16.392105258014958,19.87665367126465,70000,0.0,0,0.05249469666884932,0.9267733601363947,20.646936416625977,22.049294274662106,19.244578558589847,18.79202738689463,18.9932482688172,21.585802152425803,20.995637193240665,20.230018615722656
2018-10-24,19.896287073097984,20.779693603515625,18.43081314431253,20.779693603515625,29300,0.0,0,0.04543219131279064,0.9688787047377092,20.622397327423094,21.996851607999087,19.2479430468471,18.79202738689463,18.9932482688172,21.585802152425803,20.995637193240665,19.925731658935547
2018-10-25,20.64227415396697,20.740428973291188,18.257075349598168,20.710983276367188,10900,0.0,0,-0.003306609253218906,0.9656750014473767,20.599821472167967,21.952474160093157,19.247168784242778,18.79202738689463,18.9932482688172,21.569851926737552,20.995637193240665,21.40789222717285
2018-10-26,20.593197757602603,20.710986178352407,20.12204781897025,20.347806930541992,25200,0.0,0,-0.017535446819640255,0.9487414588144403,20.557614421844484,21.885927810404045,19.229301033284923,18.747857664516005,18.9932482688172,21.498688084391684,20.995637193240665,21.388261795043945
2018-10-29,20.23001811063358,20.789508833965144,19.77849806600145,20.76006126403809,16700,0.0,0,0.020260381617701828,0.967963322826556,20.5360200881958,21.835812632165332,19.23622754422627,18.655589814956475,18.9932482688172,21.35145405501884,20.995637193240665,21.36863136291504
2018-10-30,20.76005947440669,20.848400304389184,20.612825381830238,20.64227294921875,128900,0.0,0,-0.005673794182071146,0.9624712981570444,20.53405694961548,21.833074425996497,19.235039473234462,18.62025278120207,18.993246962477038,21.31464491572279,20.995637193240665,21.14287376403809
2018-10-31,20.769876110188093,20.907294352128943,20.4852237701416,20.4852237701416,8700,0.0,0,-0.007608134020100299,0.9551486875301657,20.50313768386841,21.77533048556534,19.230944882171478,18.64969980507195,18.993246962477038,21.282743577599664,20.995637193240665,21.50605010986328
2018-11-01,19.89628559384255,20.318358049886324,18.796934036887052,19.64107894897461,29600,0.0,0,-0.04120749817716818,0.9157893997298419,20.430992698669435,21.7269360755853,19.13504932175357,18.64969980507195,18.993246962477038,21.265567719306983,20.995637193240665,21.771072387695312
2018-11-02,19.3171646679977,20.02388951968666,19.3171646679977,19.385873794555664,82900,0.0,0,-0.012993438653850942,0.9038901463446052,20.343633556365965,21.673970674464744,19.013296438267187,18.64969980507195,18.993246962477038,21.265567719306983,21.010360072394565,21.68273162841797
2018-11-05,19.150297945513483,19.385872885023943,18.865643723490518,18.993247985839844,21200,0.0,0,-0.020253191209058885,0.8855834863787037,20.238606262207032,21.645770615283574,18.83144190913049,19.582184850863555,18.792028557499982,21.265567719306983,21.010360072394565,21.633655548095703
2018-11-06,19.052142274709936,19.052142274709936,18.42394240231605,18.600624084472656,22600,0.0,0,-0.020671761968248048,0.8672769153452718,20.113457012176514,21.632655345178662,18.594258679174366,19.582184850863555,18.792028557499982,21.265567719306983,21.08397803650675,21.57475852966309
2018-11-07,18.286521320341063,18.87447858202427,18.158918929998972,18.266891479492188,9100,0.0,0,-0.01794201116397276,0.8517162232478911,19.97309341430664,21.625699674858208,18.32048715375507,19.53310664106396,18.792028557499982,21.236120363584742,21.231212862119236,20.76987838745117
2018-11-08,18.188366423064966,18.59080717761424,18.09020973050054,18.35523223876953,33400,0.0,0,0.004836113433778433,0.8558352195169072,19.855305862426757,21.614323123032964,18.09628860182055,19.49875204131474,18.792028557499982,21.18704245574007,21.329368352709672,20.701169967651367
2018-11-09,18.257075546205105,18.527005046619884,18.257075546205105,18.35523223876953,5500,0.0,0,0.0,0.8558352195169072,19.742426109313964,21.581328834836988,17.90352338379094,19.49875204131474,18.792028557499982,21.162504371783022,21.304830268752625,20.49503898620605
2018-11-12,18.433756149213437,18.708592625833283,18.01168370619514,18.109840393066406,17300,0.0,0,-0.013369040637078555,0.8443935236885426,19.605498027801513,21.502161743533822,17.708834312069204,19.459489029162043,18.792028557499982,21.162503718612943,21.304830268752625,19.70978736877441
2018-11-13,18.79693717594297,18.79693717594297,18.021503127817795,18.31597137451172,9900,0.0,0,0.011382263839510909,0.8540046335595399,19.483538818359374,21.382529606119537,17.584548030599212,19.165020878040732,18.792028557499982,21.162503718612943,21.304830268752625,20.936742782592773
2018-11-14,18.502464806502203,18.679146464023468,18.12946978013886,18.63988304138184,19500,0.0,0,0.01768465675377029,0.8691074123701698,19.405995273590086,21.30984252755539,17.502148019624784,19.0177866129409,18.792028557499982,21.162503718612943,21.304830268752625,20.26927947998047
2018-11-15,18.414124669481883,18.796933693703107,18.021499789231516,18.57117462158203,15100,0.0,0,-0.0036860971523947628,0.8659037980123069,19.33335952758789,21.248304942333423,17.41841411284236,18.698778295609543,18.79202738689463,21.162503718612943,21.304830268752625,21.0839786529541
2018-11-16,18.580990616260088,19.533106191994687,18.011684067603184,19.150297164916992,45200,0.0,0,0.031183947980433446,0.8929060970055824,19.343665981292723,21.252261407943664,17.435070554641783,18.772394949094913,18.79202738689463,21.061894516124415,21.304830268752625,20.809139251708984
2018-11-19,19.238637631027284,19.238637631027284,18.29633605716927,18.836196899414062,34200,0.0,0,-0.01640184811744627,0.8782607868193552,19.341211986541747,21.252310305664025,17.43011366741947,18.772394949094913,18.79202738689463,20.92496513244793,21.167900885076136,21.349000930786133
2018-11-20,18.27670799025683,19.05214196094989,18.27670799025683,18.92453956604004,10600,0.0,0,0.004690047948517906,0.882379872020841,19.293606281280518,21.19630656358002,17.390905998981015,18.772394949094913,18.747857664516005,20.853801290102062,21.167900885076136,22.36001205444336
2018-11-21,18.846014533344484,19.140482749853543,18.846014533344484,18.9539852142334,3700,0.0,0,0.0015559505736244539,0.8837528114888665,19.202320861816407,20.980906234,17.423735489632815,18.772394949094913,18.655589814956475,20.853801290102062,21.167900885076136,22.183330535888672
2018-11-23,19.0030658086227,20.18094062805176,18.84601583269883,20.18094062805176,18100,0.0,0,0.0647333740081737,0.9409611127657503,19.175818729400635,20.876984818953158,17.474652639848113,19.09631216712345,18.64969980507195,20.836132712758445,21.16740992974818,22.065540313720703
2018-11-26,19.51347612461625,20.318359543209414,18.502467199230647,19.444766998291016,29500,0.0,0,-0.036478657924272184,0.9066361142131261,19.130666732788086,20.750119835221263,17.51121363035491,19.165021805406298,18.64969980507195,20.671721215810635,21.034899383400077,22.08517265319824
2018-11-27,19.312254616673258,19.336795193664454,18.796934326972057,19.287715911865234,38900,0.0,0,-0.00807677903466697,0.8993134146537776,19.057049465179443,20.49541719183175,17.618681738527137,19.165021805406298,18.64969980507195,20.16866982956127,20.54411700677455,22.752635955810547
2018-11-28,19.444767940225315,20.054319018154843,18.958895167855665,19.778499603271484,22700,0.0,0,0.025445402330108724,0.9221968063105068,19.01386079788208,20.301691514199135,17.72603008156503,19.165021805406298,18.64969980507195,20.070515053093093,20.44596223030637,22.45816421508789
2018-11-29,19.85702354273345,21.05453187243396,19.77849855981729,20.230018615722656,15800,0.0,0,0.022828779811815858,0.9432494341449292,19.001100540161133,20.233648309245623,17.768552771076642,19.53310797001857,19.53310778931455,18.892637827855914,19.26808559037187,22.428720474243164
2018-11-30,20.200570021305055,20.200570021305055,19.405504375549597,19.925731658935547,11100,0.0,0,-0.01504135821954311,0.929061681515574,19.01533317565918,20.283561883793226,17.747104467525133,19.665619931345397,19.53310778931455,18.892637827855914,19.26808559037187,22.173513412475582
2018-12-03,20.38706750325558,21.584573897435096,19.45458174228625,21.40789222717285,117600,0.0,0,0.07438424814742706,0.9981692361776943,19.11643409729004,20.758600729452247,17.47426746512783,19.930640943845965,19.798128801815118,18.892637827855914,19.26808559037187,21.957569122314453
2018-12-04,20.956373487702137,21.594389156526525,20.94655763160538,21.388261795043945,58000,0.0,0,-0.0009169717373664898,0.9972539431990106,19.236184787750243,21.154307497181488,17.318062078319,20.048428177878584,19.80303643136083,18.8705529666666,19.26808559037187,21.555126190185547
2018-12-06,21.41770877415564,21.59439045011499,20.84840219172176,21.36863136291504,127100,0.0,0,-0.0009178133462652838,0.9963386502203269,19.374585151672363,21.48159425374035,17.267576049604376,20.04842882467282,19.803037078155064,18.824419041886838,19.26808559037187,21.79070472717285
2018-12-07,21.4471578539526,22.183330307482898,20.74043110036617,21.14287376403809,337000,0.0,0,-0.010564906803940177,0.9858124252355855,19.51838426589966,21.695538529939096,17.34123000186022,20.34289875335677,20.097507006839017,18.806749871839553,19.26808559037187,21.349000930786133
2018-12-10,21.26065930361456,21.869229326872027,20.15149368313098,21.50605010986328,71800,0.0,0,0.01717724609617255,1.002745967868522,19.675925159454344,21.94856765926798,17.40328265964071,20.490132317227477,20.097507006839017,18.821473383774496,19.268084815325032,21.30973625183105
2018-12-11,21.58457485281007,21.8299656563284,19.063921612424835,21.771072387695312,168300,0.0,0,0.012323149833566305,1.0151029566755703,19.846717166900635,22.209305036461792,17.48412929733948,20.57111273766928,20.097507006839017,18.821473383774496,19.25827111798734,21.31955337524414
2018-12-12,21.87904502082811,22.163697380421223,21.06434575285432,21.68273162841797,114100,0.0,0,-0.00405771280827083,1.0109839604065542,20.025361728668212,22.37576288510485,17.674960572231573,20.623625959953866,20.097507006839017,18.821473383774496,19.25827111798734,21.044715881347656
2018-12-13,21.349001298797056,22.124437187148512,20.166217623567128,21.633655548095703,97700,0.0,0,-0.0022633716619886446,1.008695727959845,20.19124593734741,22.503235274563718,17.879256600131104,20.623625959953866,20.097507006839017,19.18710670418177,19.25827111798734,20.90729713439941
2018-12-14,21.72199263415493,22.15388096322311,19.76868210503237,21.57475852966309,95200,0.0,0,-0.0027224718587977037,1.0059495822263849,20.337989711761473,22.609248014291268,18.06673140923168,20.623625959953866,20.097507006839017,19.18710670418177,19.25827111798734,20.936742782592773
2018-12-17,21.614023388346357,21.70727122386113,20.760062530210146,20.76987838745117,111100,0.0,0,-0.037306565498997024,0.9684210582483676,20.447924900054932,22.573082347818563,18.322767452291302,20.623625959953866,20.097507006839017,19.16256759928197,19.25827111798734,21.27047538757324
2018-12-18,20.74043152577627,21.33918573269405,20.53430413320789,20.701169967651367,99300,0.0,0,-0.0033080800242583086,0.965217443890505,20.52546854019165,22.56617713545022,18.484759944933078,20.623625959953866,20.097507006839017,19.14539029940736,19.25827111798734,21.1821346282959
2018-12-19,20.71098409044704,21.45697235416912,20.15149336070129,20.49503898620605,103700,0.0,0,-0.00995745563016126,0.9556063340195077,20.60841064453125,22.495176202820574,18.721645086241928,20.623625959953866,20.097507006839017,19.14539029940736,19.25827111798734,20.995635986328125
2018-12-20,20.269278047456552,20.59319380207164,18.70859253735212,19.70978736877441,95800,0.0,0,-0.0383142290170877,0.9189930140877046,20.647673034667967,22.42070179783534,18.874644271500596,20.436144958886672,20.09750718754304,19.125758793331013,19.25827111798734,21.3980770111084
2018-12-21,19.70978879422661,21.56494262553761,18.963800544638005,20.936742782592773,841100,0.0,0,0.06225107307662747,0.9762013153645884,20.746810913085938,22.34079529126875,19.152826534903124,20.436144958886672,20.09750718754304,18.978524717770355,19.25827111798734,21.61402130126953
2018-12-24,20.838586054757155,20.838586054757155,20.26927947998047,20.26927947998047,9700,0.0,0,-0.03187999726333968,0.9450800201022967,20.751227855682373,22.339330784941346,19.1631249264234,20.436144958886672,20.09750718754304,18.904907585220442,19.25827111798734,21.103609085083008
2018-12-26,20.50485617215783,21.10361036773647,20.242778583581657,21.0839786529541,37600,0.0,0,0.0401937904984877,0.983066368434595,20.833188438415526,22.307023088691064,19.359353788139988,20.431236750287617,20.09750718754304,18.745402841252087,19.25827111798734,21.0839786529541
2018-12-27,20.86803251571329,21.029989459770896,19.99444192294755,20.809139251708984,75800,0.0,0,-0.013035461938613269,0.9702516442057351,20.909259605407716,22.1999873969272,19.618531813888232,20.431236750287617,20.230019148869864,18.782211167994774,19.25827111798734,21.07416343688965
2018-12-28,20.917112571653146,21.68273258936389,20.279096826319197,21.349000930786133,130200,0.0,0,0.025943489182658652,0.9954233572416433,20.987784671783448,22.180100991690168,19.79546835187673,20.207931880606626,20.230019148869864,18.782211167994774,19.25827111798734,20.809139251708984
2018-12-31,21.594392026780582,22.389457754464345,20.797362378743184,22.36001205444336,97600,0.0,0,0.04735636702321311,1.0425629910906575,21.094284343719483,22.375056812586696,19.81351187485227,20.54902514590823,20.445962476847498,18.76012630680546,19.115943433295605,20.28890991210937
2019-01-02,22.467982913982564,22.467982913982564,21.574760477610276,22.183330535888672,88500,0.0,0,-0.007901673671932508,1.0343249985526253,21.20716428756714,22.453182296767498,19.96114627836678,20.588287725667342,20.485225056606605,18.713992382025694,19.115943433295605,21.299922943115234
2019-01-03,22.02627875920786,22.212774419464512,21.299922214979585,22.065540313720703,26300,0.0,0,-0.005309852908579438,1.0288328849506443,21.24004669189453,22.53966858621234,19.94042479757672,20.588287725667342,20.485225056606605,18.873005986097702,19.081588189264288,21.0839786529541
2019-01-04,21.8692294167974,22.23240676311624,21.8692294167974,22.08517265319824,73700,0.0,0,0.0008897284724691534,1.0297482668617974,21.274892234802245,22.625476105989428,19.92430836361506,20.715891729310286,20.588287725667342,18.907360805239122,19.017786288064872,21.221397399902344
2019-01-07,22.08517266030533,23.09618346051862,22.03609524771129,22.752635955810547,73300,0.0,0,0.030222236117119605,1.0608695621240893,21.344092464447023,22.84224542108678,19.845939507807266,21.545312691733088,20.90238799893537,18.907360805239122,18.9932482688172,21.299922943115234
2019-01-08,22.899868384742696,22.899868384742696,22.224553202119942,22.45816421508789,16100,0.0,0,-0.012942313202504052,1.047139455984076,21.40985698699951,22.98139610904953,19.83831786494949,21.545312691733088,20.90238799893537,18.907360805239122,18.9932482688172,21.417709350585938
2019-01-09,22.61521801460168,22.61521801460168,22.30406114859169,22.428720474243164,8800,0.0,0,-0.001311048425986061,1.0457666054485202,21.455990505218505,23.089743039171395,19.822237971265615,21.545312691733088,20.90238799893537,19.53310787966656,18.9932482688172,21.53549575805664
2019-01-10,22.418904218835717,22.57104719276497,21.996831732346973,22.173513412475582,17200,0.0,0,-0.011378583190274183,1.0338672631308135,21.47611255645752,23.134886921272347,19.81733819164269,21.68764014341891,20.90238799893537,19.599363860329973,18.9932482688172,21.496234893798828
2019-01-11,22.01646238880112,22.01646238880112,21.73180816844641,21.957569122314453,10900,0.0,0,-0.009738839585053394,1.0237985957029443,21.489854431152345,23.159885752309574,19.819823109995117,21.946772919630902,20.90238799893537,19.86438487283054,18.9932482688172,21.44715690612793
2019-01-14,21.879043831712487,22.281484579315872,21.53745839770919,21.555126190185547,13600,0.0,0,-0.01832820973428806,1.005034200315231,21.485927963256835,23.154946432486888,19.81690949402678,22.198052837749103,20.90238799893537,19.925732304619707,18.9932482688172,21.486417770385746
2019-01-15,21.672916314340306,21.88591648149236,21.257714733357638,21.79070472717285,42400,0.0,0,0.010929118897692547,1.0160183385867236,21.496725273132324,23.170743469008872,19.822707077255775,22.17694909693813,20.90238799893537,19.92573295141394,18.9932482688172,21.545312881469727
2019-01-16,21.60420760335638,21.923214539931685,21.15268752967568,21.349000930786133,44900,0.0,0,-0.02027028505580719,0.9954233572416431,21.52568140029907,23.16779609158539,19.88356670901275,22.124435495097153,20.90238799893537,20.220202880097894,19.287717782748928,21.14287376403809
2019-01-17,21.348999678623603,21.80051785363849,21.30973625183105,21.30973625183105,28200,0.0,0,-0.0018391810971566391,0.993592593419336,21.556109714508057,23.15760054536141,19.954618883654703,22.124435495097153,20.90238799893537,20.293819662033247,19.287717782748928,21.24102783203125
2019-01-18,21.309737517962787,21.59439176257197,21.309737517962787,21.31955337524414,12900,0.0,0,0.00046068723221504015,0.9940503288411477,21.597335433959962,23.127556083523313,20.067114784396612,22.02627795720919,20.90238799893537,20.33430987225415,19.287717782748928,21.68273162841797
2019-01-22,21.231211544469733,21.319552383709983,20.956375042107403,21.044715881347656,14600,0.0,0,-0.012891334497448725,0.9812356935447576,21.664081859588624,22.954406564419813,20.373757154757435,21.785796528354542,20.90238799893537,20.36056648339644,19.287717782748928,21.201765060424805
2019-01-23,21.191951384509835,21.48641961990793,20.81895628934331,20.90729713439941,19300,0.0,0,-0.006529845673518553,0.9748283758965623,21.662609577178955,22.95635026145447,20.36886889290344,21.69500174105414,20.90238799893537,20.36056648339644,19.287717782748928,21.3980770111084
2019-01-24,20.93674278259277,20.93674278259277,20.622642861120347,20.936742782592773,7600,0.0,0,0.0014083909557547347,0.9762013153645881,21.69598274230957,22.87210641894995,20.51985906566919,21.45206372021811,20.90238799893537,20.36056648339644,19.287717782748928,21.103609085083008
2019-01-25,21.07416199160545,21.44715706950759,21.005452864671717,21.27047538757324,12600,0.0,0,0.01594004418194106,0.9917620074619686,21.705307579040525,22.864528497936675,20.546086660144375,21.45206372021811,20.90238799893537,20.36056648339644,19.287717782748928,21.103609085083008
2019-01-28,21.025084659789314,21.260659612549187,20.93674381848145,21.1821346282959,14800,0.0,0,-0.004153210385177908,0.9876430111929527,21.72395734786987,22.835418539951277,20.612496155788463,21.272928700526016,20.90238799893537,20.36056648339644,19.287717782748928,20.917110443115234
2019-01-29,21.103608536076443,21.299921922494622,20.98582012978889,20.995635986328125,7900,0.0,0,-0.008804525381433503,0.978947283233109,21.70628910064697,22.852111586795452,20.560466614498488,21.272928700526016,20.90238799893537,20.36056648339644,19.287717782748928,20.62264442443848
2019-01-30,21.11342465664392,21.456972151080272,21.11342465664392,21.3980770111084,25600,0.0,0,0.01916784159538354,0.9977115896883523,21.65819234848022,22.770107447966634,20.546277248993807,21.211580357379418,21.02999200257831,20.266826073214858,19.287717782748928,20.720802307128903
2019-01-31,21.496232897934306,21.81033281058403,21.299921388619808,21.61402130126953,21800,0.0,0,0.01009176151899216,1.0077802571162218,21.629726886749264,22.71495278494381,20.544500988554717,21.21648783585219,21.545312691733088,20.266826073214858,19.287717782748928,21.388261795043945
2019-02-01,21.584574834918257,21.584574834918257,20.956374977530707,21.103609085083008,4900,0.0,0,-0.023614865973901056,0.9839816614132787,21.58163032531738,22.67063186236734,20.49262878826742,21.21648783585219,21.545312691733088,20.266826073214858,19.287717782748928,21.103609085083008
2019-02-04,20.995637808616816,21.27832813605946,20.93674453645308,21.0839786529541,10000,0.0,0,-0.0009301931271453734,0.9830663684345949,21.53157062530517,22.61535947353407,20.447781777076273,21.21648783585219,21.545312691733088,20.264371968915327,19.287717782748928,21.26065826416016
2019-02-05,21.025086020623576,21.481513106195045,20.61282935856494,21.07416343688965,14100,0.0,0,-0.00046552959600332233,0.9826087219452532,21.44764699935913,22.389429823444903,20.505864175273356,21.211581084574483,21.68764014341891,20.33062794957874,19.287717782748928,20.858217239379883
2019-02-06,20.956373347811294,20.98091205179783,20.485223491410657,20.809139251708984,6400,0.0,0,-0.012575786743531991,0.9702516442057352,21.365195751190182,22.22276828200323,20.507623220377134,21.147778150997343,21.79070347596464,20.218975514738247,19.287717782748928,20.838586807250977
2019-02-07,20.858216450941875,20.87784816280788,20.17112151309644,20.28890991210937,4200,0.0,0,-0.025000041246631022,0.9459953130809803,21.258205223083493,22.09166941368319,20.424741032483798,20.990727161840233,21.63365248680753,20.497493811377865,19.39078150623965,20.750246047973636
2019-02-08,20.26928042330968,21.3490003559798,20.26928042330968,21.299922943115234,67100,0.0,0,0.049830820649582774,0.9931350358624645,21.214525699615475,21.934183367275892,20.494868031955058,20.990727161840233,21.63365248680753,20.536756391136976,19.43004408599876,20.720802307128903
2019-02-11,21.231212769455126,21.3293694711836,20.502894123989613,21.0839786529541,11200,0.0,0,-0.010138266262175955,0.9830663684345952,21.170846176147457,21.804885832934914,20.53680651936,20.990727161840233,21.63365248680753,20.536756391136976,19.43004408599876,20.63245964050293
2019-02-12,20.71589107424082,21.702363147595094,20.70116822520615,21.221397399902344,25800,0.0,0,0.006517685737126744,0.9894736860827903,21.154159736633297,21.763700118476272,20.54461935479032,20.990727161840233,21.63365248680753,20.652089727488814,19.43004408599876,20.318359375
2019-02-13,20.97109828593609,21.299922943115234,20.873924484252928,21.299922943115234,8800,0.0,0,0.0037003003022435532,0.9931350358624644,21.129620647430418,21.669505159303178,20.589736135557658,20.936742330345766,21.53549494891957,21.223850345334228,19.74414435926679,20.367435455322266
2019-02-14,21.29992281156512,21.545313618738987,20.861163554081852,21.417709350585938,16800,0.0,0,0.0055298982904901095,0.9986269715995061,21.13305606842041,21.679386902761433,20.586725234079385,20.936742330345766,21.39316976384906,21.223850345334228,19.74414435926679,20.61282730102539
2019-02-15,21.44715492591891,21.57475731001613,21.44715492591891,21.53549575805664,16600,0.0,0,0.005499486688453015,1.0041189073365477,21.144344043731685,21.71390242221882,20.57478566524455,20.936742330345766,21.371084352930705,21.223850345334228,20.55393358335688,20.5343017578125
2019-02-19,21.152687380372097,21.57475987925208,21.152687380372097,21.496234893798828,19900,0.0,0,-0.0018230768726614777,1.0022883213791804,21.153178119659422,21.73876401501278,20.567592224306065,20.936742330345766,21.226303046206155,21.295014071177143,20.55393358335688,20.809139251708984
2019-02-20,21.275382217918832,21.57475930200664,21.054531989366573,21.44715690612793,12700,0.0,0,-0.0022830969196868667,1.0000000000000016,21.173300170898436,21.77026657005625,20.57633377174062,20.936742330345766,21.226303046206155,21.424580459283135,20.55393358335688,20.809139251708984
2019-02-21,21.389243972498647,21.486417770385746,21.138944308990684,21.486417770385746,4400,0.0,0,0.0018305859573675143,1.001830585957369,21.202256202697754,21.80100080786038,20.603511597535128,20.985821785452387,21.047168026514065,21.550220418342235,20.55393358335688,20.809139251708984
2019-02-22,21.339183636962,21.545312881469723,21.339183636962,21.545312881469727,10400,0.0,0,0.0027410390933175766,1.0045766427583596,21.232684707641603,21.836251113472215,20.62911830181099,21.102628635792353,21.047168026514065,21.53966854793675,20.55393358335688,20.809139251708984
2019-02-25,21.545314555526648,21.545314555526648,21.0741627624079,21.14287376403809,10900,0.0,0,-0.01867873164087397,0.9858124252355861,21.226304626464845,21.83084569992185,20.621763553007842,21.20176568640062,20.990727161840233,21.513411747016264,20.55393358335688,20.809139251708984
2019-02-26,21.26065954607902,21.54531378322181,21.209618212864797,21.24102783203125,18800,0.0,0,0.004642418485234945,0.990388979061474,21.229249286651612,21.833471270272785,20.62502730303044,21.217961716666967,20.990727161840233,21.513411747016264,20.55393358335688,20.799325942993164
2019-02-27,21.36863169830836,21.692547485256803,21.33918412779186,21.68273162841797,21700,0.0,0,0.020794840997319097,1.0109839604065547,21.263604068756102,21.88878923881119,20.638418898701016,21.276855519669326,20.990727161840233,21.464332978072278,20.55393358335688,20.92692756652832
2019-02-28,21.692546650378237,21.692546650378237,21.1625016345806,21.201765060424805,20700,0.0,0,-0.022182009916259626,0.988558304171637,21.253788471221924,21.876350831742556,20.63122611070129,21.373539737311688,20.990727161840233,21.344092263644956,20.55393358335688,20.858217239379883
2019-03-01,21.35881545664371,21.3980770111084,21.201765494418503,21.3980770111084,9800,0.0,0,0.009259226773059126,0.9977115896883529,21.242991256713868,21.84721325787626,20.638769255551477,21.373539737311688,20.990727161840233,21.298694869994755,20.55393358335688,21.133056640625
2019-03-04,21.39807730018761,21.39807730018761,20.553934209868903,21.103609085083008,28800,0.0,0,-0.013761420050620643,0.983981661413279,21.242991256713868,21.84721325787626,20.638769255551477,21.123240847562855,20.990727161840233,21.17722585957674,20.55393358335688,21.123241424560547
2019-03-05,21.21158163764021,21.39807730018761,20.740429872416296,21.103609085083008,5500,0.0,0,0.0,0.983981661413279,21.243972778320312,21.84721069339647,20.640734863244155,21.123240847562855,20.990727161840233,21.17722585957674,20.55393358335688,21.442249298095703
2019-03-06,20.80521192820014,21.643466957816077,20.80521192820014,20.917110443115234,26100,0.0,0,-0.00883728660893357,0.9752859334534353,21.23612012863159,21.852089419648348,20.620150837614833,21.123240847562855,20.990727161840233,21.087658349730695,20.55393358335688,21.123241424560547
2019-03-07,20.769878539766985,20.917112655095497,20.603012709812447,20.62264442443848,9300,0.0,0,-0.014077757990405226,0.9615560941108313,21.22679538726807,21.8735560507181,20.580034723818038,21.123240847562855,20.990727161840233,21.087658349730695,20.55393358335688,20.92692756652832
2019-03-08,20.622645600584068,21.33918637564952,20.622645600584068,20.720802307128903,16500,0.0,0,0.004759713675424715,0.9661328258016586,21.248390007019044,21.78721116056482,20.709568853473268,21.123240847562855,20.990727161840233,21.120786179978865,20.5539337640609,21.06434631347656
2019-03-11,20.976005199895656,21.398075778957583,20.691350989639,21.388261795043945,13300,0.0,0,0.03221204845361636,0.997253943199011,21.25280694961548,21.794718435976215,20.710895463254744,21.123240847562855,20.936742330345766,21.38090026379264,20.5539337640609,21.36863136291504
2019-03-12,21.180170147024235,21.506049852744816,20.848402424973504,21.103609085083008,10600,0.0,0,-0.013308828584980947,0.983981661413279,21.253788471221924,21.79453045800119,20.713046484442657,21.12324043012357,20.936742330345766,21.38090026379264,20.5539337640609,21.44715690612793
2019-03-13,21.18213328488706,21.348999099865285,21.133055874910067,21.26065826416016,14700,0.0,0,0.007441816157794712,0.991304272040158,21.255751514434817,21.79629172760359,20.71521130126604,21.09870058384249,20.936742330345766,21.38090026379264,20.5539337640609,21.05453109741211
2019-03-14,21.20274574526411,21.348998821482937,20.80913983004284,20.858217239379883,30300,0.0,0,-0.01892890708180406,0.9725399655849145,21.23366622924805,21.800913564402514,20.66641889409359,21.09870058384249,20.936742330345766,21.449610613996697,20.686445725387728,21.51586532592773
2019-03-15,20.82877095034377,21.172318453362685,20.71098441182392,20.838586807250977,97100,0.0,0,-0.0009411366227332074,0.9716246726062309,21.2047101020813,21.79044874577826,20.61897145838434,21.12323983381426,20.936742330345766,21.469240813480994,20.686445725387728,21.52568244934082
2019-03-18,20.966191156405365,21.10360940927408,20.73061620626616,20.750246047973636,17400,0.0,0,-0.004239287437985073,0.967505676337215,21.16544761657715,21.76251746826588,20.56837776488842,21.12323983381426,20.985821785452387,21.31218982432388,20.799325329874634,21.26065826416016
2019-03-19,20.81895714149029,20.833681864391263,20.623626624716312,20.720802307128903,10400,0.0,0,-0.0014189586367632234,0.9661328258016588,21.126675987243654,21.73352421984099,20.519827754646318,21.05453128127863,21.102628635792353,21.31218982432388,20.799325329874634,21.456974029541016
2019-03-20,20.72080048139111,20.76987789424752,20.190755436062037,20.63245964050293,21600,0.0,0,-0.004263477123932602,0.9620137406001731,21.085941123962407,21.710579465336462,20.46130278258835,20.84840264440343,20.946559291828564,21.31218982432388,20.799325329874634,21.653284072875977
2019-03-21,20.48522519705842,20.730616001721785,20.190755108152423,20.318359375,8500,0.0,0,-0.015223597718147408,0.9473684304139458,21.027538204193117,21.70803726955036,20.347039138835875,20.84840248044862,20.941651296704613,21.31218982432388,20.90238799893537,21.800519943237305
2019-03-22,20.200569644174468,20.573562819113764,20.122044666703925,20.367435455322266,28500,0.0,0,0.0024153564476592226,0.949656662860655,20.968644332885745,21.663589799283905,20.273698866487585,20.81404725972437,20.907296075980362,21.236118639632668,20.90238799893537,22.055723190307617
2019-03-25,20.269279804904983,20.74042969389016,19.906102467547623,20.61282730102539,17000,0.0,0,0.01204824467181509,0.9610983586890196,20.942142009735107,21.64894443038183,20.235339589088383,20.627550783706454,20.79932497640221,21.164956047097412,20.90238799893537,21.79070472717285
2019-03-26,20.51467004492933,20.64227430648673,20.12204514818193,20.5343017578125,9300,0.0,0,-0.0038095474272461516,0.9574370089093454,20.90680570602417,21.621010960319104,20.192600451729234,20.62755064451528,20.79932497640221,21.153913341638237,20.90238799893537,21.780885696411133
2019-03-27,20.131860163018622,20.897480083806997,20.107321459032093,20.809139251708984,26700,0.0,0,0.013384311633187984,0.9702516442057354,20.86312608718872,21.481650290746707,20.244601883630736,20.539210460455152,20.79932497640221,21.08152268827596,20.90238799893537,22.242223739624023
2019-03-28,20.495037475258787,20.917109923686358,20.495037475258787,20.809139251708984,21400,0.0,0,0.0,0.9702516442057354,20.84349479675293,21.442173934177056,20.2448156593288,20.50485593841085,20.79932497640221,21.08152268827596,20.90238799893537,21.8986759185791
2019-03-29,20.81895323555711,21.034898323878068,20.39688265931265,20.809139251708984,50100,0.0,0,0.0,0.9702516442057354,20.81404790878296,21.35530868034177,20.27278713722415,20.470500395712847,20.79932497640221,21.016494905983226,20.90238799893537,21.66309928894043
2019-04-01,20.81895323555711,20.956373347811294,20.416512499192013,20.809139251708984,17800,0.0,0,0.0,0.9702516442057354,20.799324417114256,21.32386113093059,20.27478770329792,20.470500395712847,20.79932497640221,21.074898331153207,20.90238799893537,22.01646614074707
2019-04-02,20.6717191394548,20.828769091588345,20.6717191394548,20.809139251708984,4700,0.0,0,0.0,0.9702516442057354,20.784600925445556,21.29013140952024,20.279070441370873,20.470500395712847,20.79932497640221,21.096246424120427,20.90238799893537,22.1146183013916
2019-04-03,20.799325942993164,20.80914180022656,20.22020347150631,20.799325942993164,11400,0.0,0,-0.00047158647924439023,0.9697940866488634,20.77871170043945,21.280622509980446,20.276800890898457,20.470500395712847,20.79932497640221,21.1043444392536,20.90238799893537,22.10480308532715
2019-04-04,20.76987760098533,21.10360924581001,20.563750223278877,20.92692756652832,36000,0.0,0,0.00613489225010877,0.9757436688752468,20.793925857543947,21.294421013716736,20.293430701371157,20.504855856678816,20.79932455896293,21.13379134075478,20.90238799893537,22.036094665527344
2019-04-05,20.686444434517075,20.858217239379883,20.54411732638323,20.858217239379883,9500,0.0,0,-0.0032833451986681306,0.9725399655849144,20.800796604156496,21.300855714530226,20.300737493782766,20.60546535242105,20.77478471268185,21.18213344957596,20.90238799893537,22.09498786926269
2019-04-08,20.58337989361368,21.32446116752689,20.514670768283075,21.133056640625,40500,0.0,0,0.013176552822847576,0.9853546898137744,20.788036346435547,21.237417090572944,20.33865560229815,20.715891313279492,20.77478471268185,21.18213344957596,20.90238799893537,22.153881072998047
2019-04-09,21.054532297145816,21.339184663890173,20.66190550246169,21.123241424560547,15800,0.0,0,-0.0004644484814176897,0.9848970433244326,20.789017963409425,21.241259478838163,20.336776447980686,20.77969406769824,20.77478471268185,21.056984004701544,20.90238799893537,21.967384338378903
2019-04-10,20.77282391620256,21.452065155612864,20.77282391620256,21.442249298095703,18000,0.0,0,0.015102221629879065,0.9997711767553308,20.7980975151062,21.293566567954656,20.302628462257744,20.836134313559587,20.77478471268185,21.056984004701544,20.90238799893537,21.8986759185791
2019-04-11,20.20646134123406,21.4078937913049,20.20646134123406,21.123241424560547,6800,0.0,0,-0.01487753775736056,0.9848970433244325,20.811348724365235,21.32654180029759,20.29615564843288,20.829263248423462,20.706076160146218,21.056984004701544,20.90238799893537,22.00664710998535
2019-04-12,21.270475068222343,21.270475068222343,20.52448679580149,20.92692756652832,21800,0.0,0,-0.009293737361916743,0.9757436688752469,20.8157657623291,21.333352416894733,20.298179107763467,20.829263248423462,20.706076160146218,21.056984004701544,20.90238799893537,22.153881072998047
2019-04-15,21.01526890015948,21.466788965846582,20.877850645124983,21.06434631347656,28800,0.0,0,0.006566599254065109,0.9821509865234418,20.83147077560425,21.35922482787833,20.30371672333017,20.83662515354032,20.706076160146218,21.056984004701544,21.02999200257831,22.07535743713379
2019-04-16,21.103608848976013,21.486417898765783,20.63245896120657,21.36863136291504,18600,0.0,0,0.014445501650521386,0.9963386502203274,20.863862228393554,21.438444952107517,20.28927950467959,20.84643961999992,20.706076160146218,21.02999158895431,21.545312691733088,22.055723190307617
2019-04-17,21.14287282966079,21.50605017559631,21.0152685615988,21.44715690612793,19400,0.0,0,0.003674804524410158,1.0000000000000018,20.904597091674805,21.522173098320366,20.287021085029245,20.856255758415188,20.706076321571967,21.02999138023467,21.545312691733088,22.10480308532715
2019-04-18,21.270474324436808,21.643467511512785,20.925945810758297,21.05453109741211,59600,0.0,0,-0.01830665996590153,0.9816933400341002,20.94140567779541,21.49906074064578,20.383750614945036,20.92496442637342,20.774784989530204,21.017721457094126,21.545312691733088,21.859413146972656
2019-04-22,21.191949546214545,21.545312895786463,20.6913520917154,21.51586532592773,22100,0.0,0,0.021911398851923503,1.0032036143578644,20.99882717132568,21.54450062534329,20.45315371730807,20.92496442637342,20.774784989530204,21.017721457094126,21.63365248680753,21.44715690612793
2019-04-23,21.564944005946465,21.564944005946465,21.142873379564943,21.52568244934082,7200,0.0,0,0.00045627369684542174,1.0036613497796762,21.044469928741453,21.606015019460507,20.4829248380224,20.92496442637342,20.774784989530204,21.029991082080013,21.63365248680753,21.829965591430664
2019-04-24,21.40789236627431,21.57475818125254,21.113424162045995,21.26065826416016,8100,0.0,0,-0.012311999203945212,0.9913042720401583,21.08078775405884,21.597338654594317,20.56423685352336,20.92496442637342,20.774784989530204,21.054530809633324,21.63365248680753,21.751440048217773
2019-04-25,21.2999240535668,21.584576432951295,21.27047648100286,21.456974029541016,6300,0.0,0,0.00923375762601819,1.0004577354218134,21.11317949295044,21.638798088542803,20.587560897358077,21.083977153657138,20.774784989530204,21.078579958535492,21.63365248680753,21.62384033203125
2019-04-26,21.207655779621,21.810334038039397,21.17231832054011,21.653284072875977,19500,0.0,0,0.00914900875886282,1.0096109320060596,21.15538673400879,21.711589839082965,20.599183628934615,21.221396499622983,20.85821825279351,20.897480968115996,21.63365248680753,21.61402130126953
2019-04-29,21.496235845162104,21.800519943237305,21.162504174169914,21.800519943237305,16600,0.0,0,0.006799701600264996,1.0164759850760663,21.204955768585204,21.80440269064235,20.60550884652806,21.221396499622983,20.85821825279351,20.895026888576616,21.63365248680753,21.28029060363769
2019-04-30,21.82996411632104,22.08517075863839,21.390223872370324,22.055723190307617,32200,0.0,0,0.011706291764361332,1.0283751495288334,21.267284965515138,21.94426015149064,20.590309779539638,21.388261425176896,20.995636613093005,20.860671667852365,21.51095652572331,21.339183807373047
2019-05-01,21.90849126782209,22.065541236809946,21.79070472717285,21.79070472717285,8000,0.0,0,-0.012015859142230578,1.0160183385867245,21.31636323928833,21.995708255824205,20.637018222752452,21.388261425176896,21.096246108835242,20.713437880054332,21.260660241074653,21.427526473999023
2019-05-02,21.61401989465252,21.82014724684567,21.329365697224222,21.780885696411133,12700,0.0,0,-0.000450606388579744,1.015560514232443,21.365441226959227,22.029781074033846,20.70110137988461,21.388261425176896,21.096246108835242,20.713437810458746,21.238574830156296,21.869230270385746
2019-05-03,21.6631012555711,22.330564584458088,21.6631012555711,22.242223739624023,15500,0.0,0,0.021180867006198367,1.0370709664211468,21.431206035614014,22.166332419660073,20.696079651567956,21.72199437325204,21.268512962846074,20.66926771842868,21.09379352343175,21.888856887817383
2019-05-06,21.83978264688872,22.33056427940307,21.643469245009637,21.8986759185791,13200,0.0,0,-0.015445749717592272,1.0210526278344243,21.483228969573975,22.195456991187548,20.771000947960403,21.72199437325204,21.268512962846074,20.65209045740653,21.09379352343175,21.937936782836918
2019-05-07,21.793646623977484,21.97719920997638,21.36863108101503,21.66309928894043,11600,0.0,0,-0.010757574134370618,1.0100685784954015,21.509731101989747,22.206995358208335,20.81246684577116,21.746534379314,21.268512962846074,20.63491268605753,20.914658503739652,21.977201461791992
2019-05-08,21.535500326078424,22.26185697714027,21.535500326078424,22.01646614074707,17800,0.0,0,0.016311925043294373,1.0265447414364055,21.554392337799072,22.261377474901245,20.8474072006969,21.746534379314,21.268512962846074,20.63491268605753,20.914658503739652,22.02627944946289
2019-05-09,21.99682990038785,22.31092980682035,21.633652585643954,22.1146183013916,29300,0.0,0,0.004458125114950917,1.0311212063298238,21.588010787963867,22.33378068843306,20.842240887494675,21.746534379314,21.268512962846074,20.63491268605753,20.858217639065828,21.957569122314453
2019-05-10,21.91830555841424,22.23240547394135,21.653283052619543,22.10480308532715,23300,0.0,0,-0.00044383384468527076,1.0306635598404819,21.6370888710022,22.383250504823785,20.890927237180613,21.829965140841153,21.268512962846074,20.63491268605753,20.858217639065828,22.124435424804688
2019-05-13,21.88885868726859,22.183328771602863,21.731808724496943,22.036094665527344,19600,0.0,0,-0.003108302731066326,1.0274599454826192,21.692547225952147,22.381415615043103,21.00367883686119,21.829965140841153,21.268512962846074,20.652090207820873,20.858217639065828,22.1146183013916
2019-05-14,21.661137488781502,22.291299386064715,21.661137488781502,22.09498786926269,18200,0.0,0,0.0026725789950194923,1.0302059133511399,21.74407930374145,22.38964581989974,21.09851278758316,21.829965140841153,21.268512962846074,20.69012503255145,20.858217639065828,22.065540313720703
2019-05-15,22.09498780534613,22.325655755909036,21.928121986846342,22.153881072998047,7800,0.0,0,0.0026654553550258253,1.032951881219661,21.783341789245604,22.42830441072255,21.138379167768658,21.84959783273656,21.268512962846074,20.74533801298067,20.858217639065828,22.065540313720703
2019-05-16,22.06750495642192,22.261854431690757,21.59439113347052,21.967384338378903,30800,0.0,0,-0.008418242113182317,1.0242562421922867,21.809353160858155,22.43962117745564,21.17908514426067,21.84959768020905,21.268512962846074,20.777239390190047,20.858217639065828,21.937936782836918
2019-05-17,21.80051921763956,22.055725891209025,21.59439183063154,21.8986759185791,9100,0.0,0,-0.003127746969845746,1.0210526278344243,21.851560401916505,22.377344010417055,21.325776793415955,21.847143418462032,21.268512962846074,20.805459513120717,20.858217639065828,21.879045486450195
2019-05-20,21.77107216567216,22.17351292956343,21.658192621866878,22.00664710998535,14700,0.0,0,0.004930489487478429,1.026086917082124,21.876099491119383,22.382154264822532,21.370044717416235,21.93057804099373,21.42752569012979,20.76766970428484,20.858217639065828,21.761255264282227
2019-05-21,21.87904457583362,22.173512786276422,21.85941286255524,22.153881072998047,8900,0.0,0,0.006690431408148845,1.032951881219661,21.907509422302248,22.400334029163158,21.414684815441337,21.960023444689778,21.481511772832327,20.76766970428484,20.858217639065828,22.08517265319824
2019-05-22,22.173514137323217,22.261854980275366,21.535498394366943,22.07535743713379,25000,0.0,0,-0.0035444640876024502,1.0292906203724566,21.94824438095093,22.344808327216583,21.551680434685274,21.93057707513799,21.481511772832327,20.771350656843268,20.858217639065828,22.08517265319824
2019-05-23,21.50506732945891,22.124434183079423,21.50506732945891,22.055723190307617,14000,0.0,0,-0.0008894192033849224,1.0283751495288334,21.978181838989258,22.305560227060575,21.65080345091794,21.915361542683975,21.510958338086745,20.77625789007307,20.80423280757136,21.9968318939209
2019-05-24,22.124434798093382,22.202959776975167,22.03609396282849,22.10480308532715,7900,0.0,0,0.0022252679994234636,1.030663559840482,22.000757789611818,22.295739922609684,21.70577565661395,21.915361542683975,21.510958338086745,20.78116603999358,20.80423280757136,22.02627944946289
2019-05-28,21.937938128924657,22.15388136124685,21.80051800637122,21.859413146972656,5400,0.0,0,-0.011101204448972335,1.0192219529445872,22.003702449798585,22.291646840567726,21.715758059029444,21.915361542683975,21.510958338086745,20.849874707951813,20.80423280757136,22.036094665527344
2019-05-29,22.07535677294609,22.07535677294609,21.44715690612793,21.44715690612793,12000,0.0,0,-0.01885943772016685,1.000000000000002,21.973274135589598,22.34910322568473,21.597445045494467,21.854505943201648,21.72199437325204,20.849874707951813,20.80423280757136,22.036094665527344
2019-05-30,21.839781448204207,22.00370232473754,21.398077254311044,21.829965591430664,16500,0.0,0,0.017848924544089817,1.0178489245440918,21.97523717880249,22.347587899732,21.60288645787298,21.829966117293203,21.72199437325204,20.849874707951813,20.80423280757136,21.967384338378903
2019-05-31,21.692546781279272,21.898674151655637,21.486417538719717,21.751440048217773,25500,0.0,0,-0.003597144616834247,1.0141875747644176,21.973764896392822,22.349432014496646,21.598097778289,21.829966117293203,21.746534379314,20.849874707951813,20.80423280757136,21.83978080749512
2019-06-03,21.614024474297043,21.70236532172147,21.378449505226374,21.62384033203125,31800,0.0,0,-0.005866265217551847,1.0082380814705039,21.942845726013182,22.326832249197434,21.55885920282893,21.820152242750872,21.746534379314,20.92938107159367,20.80423280757136,21.69254875183105
2019-06-04,21.957568782798848,22.016462048374883,21.39316921513046,21.61402130126953,9900,0.0,0,-0.00045408357678144995,1.0077802571162224,21.928612995147706,22.338605518785062,21.51862047151035,21.820152242750872,21.746534379314,21.039807376208245,20.85821825279351,21.702363967895508
2019-06-05,21.859413044898155,22.006647151347728,21.28029060363769,21.28029060363769,8700,0.0,0,-0.015440472320263576,0.9922196539513113,21.90947256088257,22.396651390814675,21.422293730950464,21.74162519030643,21.80542759404789,21.039807376208245,20.85821825279351,21.829965591430664
2019-06-06,21.486417913378222,21.692547159532054,21.26065882602473,21.339183807373047,4700,0.0,0,0.0027674999760241015,0.9949656218198322,21.875608444213867,22.419804388525417,21.331412499902317,21.73180930149995,21.79561170524141,21.191949019134952,20.995636613093005,22.01646614074707
2019-06-07,21.535499034635844,21.584576450098005,21.398078901411694,21.427526473999023,8600,0.0,0,0.004139927160449863,0.999084707021318,21.84125385284424,22.407311678299767,21.275196027388713,21.707270093635792,21.79561170524141,21.24225376700607,20.995636613093005,22.01646614074707
2019-06-10,21.417710193872665,22.08026652263913,21.329369350037133,21.869230270385746,16700,0.0,0,0.020613849056385636,1.0196796883663988,21.82947521209717,22.38262525884297,21.276325165351366,21.67046267433193,21.79561170524141,21.24225376700607,20.995636613093005,21.800519943237305
2019-06-11,21.677820666657603,22.05572269356737,21.44715460590253,21.888856887817383,13600,0.0,0,0.0008974535083758894,1.0205948034801429,21.82211332321167,22.36785774749508,21.27636889892826,21.67046267433193,21.7956115527139,21.49525366804906,21.118333526002857,21.92812156677246
2019-06-12,21.751439260075475,22.03609347229994,21.61402101813712,21.937936782836918,12300,0.0,0,0.0022422319845698535,1.0228832137917918,21.81426076889038,22.34834398320795,21.280177554572813,21.67046267433193,21.79315729096688,21.49525366804906,21.118333526002857,21.967384338378903
2019-06-13,21.977201461792,22.0262807495971,21.57476066270712,21.977201461791992,15500,0.0,0,0.0017898072796795894,1.0247139776140983,21.805426788330077,22.3221244184717,21.288729158188456,21.67046267433193,21.79315729096688,21.507523671080037,21.118333526002857,21.879045486450195
2019-06-14,21.977200164554763,22.085172719169357,21.761256927508867,22.02627944946289,9900,0.0,0,0.0022331318096264763,1.0270022989932772,21.808371543884277,22.329428036040564,21.28731505172799,21.672915772597044,21.79315729096688,21.507523671080037,21.118333526002857,21.69254875183105
2019-06-17,22.045908085952856,22.045908085952856,21.73180816844641,21.957569122314453,17600,0.0,0,-0.0031194704174205556,1.0237985957029447,21.811316204071044,22.33506871651972,21.287563691622367,21.672915772597044,21.79315729096688,21.507523671080037,21.118333526002857,22.36982727050781
2019-06-18,21.780887930396663,22.134249409282628,21.780887930396663,22.124435424804688,9300,0.0,0,0.007599488885163375,1.0315789417516352,21.81720561981201,22.35226211939273,21.282149120231292,21.697454117653677,21.79315729096688,21.549239051843614,21.118333526002857,21.103609085083008
2019-06-19,22.07535487699598,22.1146183013916,21.800516522775983,22.1146183013916,12400,0.0,0,-0.00044372311539664366,1.0311212063298236,21.81524248123169,22.345559511454827,21.28492545100855,21.73180937965988,21.79315729096688,21.549239051843614,21.118333526002857,21.456974029541016
2019-06-20,22.104803740416774,22.11461959709079,21.59439042646721,22.065540313720703,13900,0.0,0,-0.002219255471744286,1.0288328849506445,21.814751625061035,22.344111663395307,21.285391586726764,21.73180937965988,21.79315729096688,21.549239051843614,21.118333526002857,21.103609085083008
2019-06-21,21.898674494628853,22.085172027068737,21.78088795890709,22.065540313720703,33600,0.0,0,0.0,1.0288328849506445,21.81524248123169,22.345522765755636,21.284962196707742,21.79070200759258,21.76125690315005,21.55905539779132,21.118333526002857,21.250844955444336
2019-06-24,21.84763202943233,22.085170880939884,21.775977964395448,21.937936782836918,22300,0.0,0,-0.005782932530523199,1.0228832137917914,21.80689916610718,22.323626154823447,21.29017217739091,21.854505035994876,21.76125690315005,21.559055321527563,21.118333526002857,21.044715881347656
2019-06-25,21.829966201211544,22.104804581998096,21.59439124861591,21.879045486450195,18600,0.0,0,-0.002684450090712054,1.02013733485574,21.807880783081053,22.32508259815524,21.290678968006866,21.854505035994876,21.76125690315005,21.557828190654053,21.118333526002857,21.339183807373047
2019-06-26,21.90848936338684,21.90848936338684,21.633652877640408,21.761255264282227,13100,0.0,0,-0.00538370022773238,1.0146452212537589,21.82358570098877,22.314126877374637,21.3330445246029,21.86431991787492,21.76125690315005,21.67905186556176,21.118333526002857,21.162500381469727
2019-06-27,21.88885925851872,22.08517265319824,21.575742221001644,22.08517265319824,36600,0.0,0,0.014885050746483053,1.0297482668617977,21.836346054077147,22.340131074608003,21.33256103354629,21.854995815142136,21.76125690315005,21.72076760876105,21.118333526002857,21.299922943115234
2019-06-28,21.947754400232547,22.114620224055155,21.81033427508357,22.08517265319824,362500,0.0,0,0.0,1.0297482668617977,21.853032684326173,22.36658334919623,21.339482019456117,21.854995815142136,21.73180930149995,21.70604442398516,21.118333526002857,20.94655990600586
2019-07-01,22.026279464886397,22.124436162588093,21.879045354425493,21.9968318939209,17700,0.0,0,-0.004000003109078998,1.0256292705927819,21.871682262420656,22.377535904269827,21.365828620571484,21.85008919179487,21.73180930149995,21.71315994038536,21.118333526002857,20.936742782592773
2019-07-02,21.93793860881155,22.1195272825134,21.6631002298759,22.02627944946289,16100,0.0,0,0.001338718033760511,1.027002298993277,21.892295169830323,22.387854378151122,21.396735961509524,21.85008919179487,21.707270093635792,21.71315994038536,21.118333526002857,21.05453109741211
2019-07-03,22.02627880883121,22.036094665527344,21.98701538204668,22.036094665527344,3100,0.0,0,0.00044561388985253636,1.027459945482619,21.930085372924804,22.340274286386638,21.51989645946297,21.85008919179487,21.697454117653677,21.71315994038536,21.118333526002857,21.03489875793457
2019-07-05,21.83880025195652,22.036094665527344,21.83880025195652,22.036094665527344,16100,0.0,0,0.0,1.027459945482619,21.964930915832518,22.273183584889576,21.65667824677546,21.85008919179487,21.697454117653677,21.788250158226845,21.118333526002857,20.82876968383789
2019-07-08,21.849597798800804,22.01646362335586,21.692547831241136,21.967384338378903,8700,0.0,0,-0.0031180809572364243,1.0242562421922865,21.991923809051514,22.175449065071117,21.80839855303191,21.85008919179487,21.697454117653677,21.77598024527262,21.118333526002857,20.740428924560547
2019-07-09,21.7612558277937,21.977199053926803,21.63365343784759,21.83978080749512,15900,0.0,0,-0.005808772174156762,1.0183065710334336,21.990451335906982,22.178358841825293,21.80254382998867,21.85008919179487,21.697454117653677,21.7882502483036,21.118333526002857,20.29872703552246
2019-07-10,21.987016985456272,21.987016985456272,21.623839622130728,21.69254875183105,16200,0.0,0,-0.006741462149360999,1.011441695828366,21.980635929107667,22.205971800917357,21.755300057297976,21.85008919179487,21.697454117653677,21.783343311032436,21.118333526002857,20.072969436645508
2019-07-11,21.72297670619646,21.761257238443463,21.594391411738155,21.702363967895508,7200,0.0,0,0.0004524694712799704,1.011899342317708,21.968857288360596,22.224793214936696,21.712921361784495,21.859413787163124,21.697454117653677,21.783343311032436,21.118333526002857,20.190753936767575
2019-07-12,21.81033387788358,21.9771996986673,21.692547340967568,21.829965591430664,14800,0.0,0,0.00587961863158859,1.0178489245440916,21.96149549484253,22.224498121093173,21.698492868591888,21.859413787163124,21.697454117653677,21.77352639217716,21.118333526002857,20.740428924560547
2019-07-15,21.72199601376513,22.01646614074707,21.56494602824816,22.01646614074707,23300,0.0,0,0.008543327681176827,1.0265447414364053,21.96100482940674,22.223553485933326,21.698456172880153,21.84223665538078,21.73180937965988,21.76371050337068,21.118333526002857,20.5343017578125
2019-07-16,22.00665028262932,22.03609785698257,21.859416155230104,22.01646614074707,11400,0.0,0,0.0,1.0265447414364053,21.96394968032837,22.22760905942218,21.70029030123456,21.80052194261536,21.73180937965988,21.7514408994386,21.21894302174509,20.710983276367188
2019-07-17,21.91830836272184,22.06554248293994,21.741626669586747,21.800519943237305,12100,0.0,0,-0.009808395049835106,1.0164759850760663,21.94775390625,22.209762262084745,21.685745550415255,21.81524425559405,21.79070200759258,21.73303718978667,21.21894302174509,20.45577812194824
2019-07-18,21.82996487444416,22.03609411555191,21.643467346238705,21.92812156677246,8100,0.0,0,0.005853145882180666,1.0224255673024498,21.938429069519042,22.188918554042278,21.687939584995807,21.81524425559405,21.849597718765395,21.733037113522915,21.268512962846074,20.230018615722656
2019-07-19,21.81033437081924,22.03609533734664,21.81033437081924,21.967384338378903,6400,0.0,0,0.0017905214309801298,1.024256242192287,21.933521270751953,22.177550508268567,21.68949203323534,21.81524425559405,21.849597718765395,21.731809982649406,21.268512962846074,20.61282730102539
2019-07-22,21.849597915307005,22.016463740751824,21.839782058259274,21.879045486450195,14900,0.0,0,-0.004021364153690921,1.0201373348557408,21.92419652938843,22.161419445249756,21.6869736135271,21.81524425559405,21.849597718765395,21.731809982649406,21.268512962846074,20.61282730102539
2019-07-23,21.87904629829149,21.87904629829149,21.614023764718773,21.69254875183105,6700,0.0,0,-0.008523988614340672,1.0114416958283665,21.911927127838133,22.169759286293175,21.65409496938309,21.81524425559405,21.849597718765395,21.733036531781963,21.268512962846074,20.514671325683597
2019-07-24,21.69254810669213,22.409088826804627,21.643468821091968,22.36982727050781,31600,0.0,0,0.031221712414940983,1.04302063758,21.936466217041016,22.262376263949193,21.61055617013284,21.987017427526393,21.987017427526393,21.733036531781963,21.268512962846074,20.59319496154785
2019-07-25,21.15268649687269,21.25084319263531,21.00545238932039,21.103609085083008,846500,0.0,0,-0.05660384276163688,0.9839816614132794,21.903583908081053,22.38926586943952,21.417901946722587,21.707270608062508,21.707270608062508,21.74530570431028,21.268512962846074,20.220203399658203
2019-07-26,21.103610647507328,21.633655720557865,21.103610647507328,21.456974029541016,139600,0.0,0,0.01674428971051123,1.0004577354218134,21.872173976898193,22.387498272143212,21.356849681653173,21.707270608062508,21.707270608062508,21.76248333531338,21.268512962846074,20.230018615722656
2019-07-29,21.555127264534494,21.75144065605973,21.083977371493837,21.103609085083008,143900,0.0,0,-0.01646853577636398,0.9839816614132791,21.82309579849243,22.42813932382188,21.218052273162982,21.707270608062508,21.707270608062508,21.76248333531338,21.268512962846074,20.15149307250977
2019-07-30,21.123242550896283,21.506051636723853,21.0741632628521,21.250844955444336,113200,0.0,0,0.006976809974432285,0.9908467144832858,21.785796451568604,22.434302458955113,21.137290444182096,21.707270608062508,21.707270608062508,21.775979455371314,21.268512962846074,20.15149307250977
2019-07-31,21.339184097359656,21.47660234854082,21.03490002452282,21.044715881347656,53100,0.0,0,-0.009699806032600677,0.9812356935447583,21.736718273162843,22.45097971188977,21.022456834435918,21.707270608062508,21.707270608062508,21.807880969572462,21.268512962846074,20.220203399658203
2019-08-01,21.172317987984982,22.085172066273607,21.133056433402444,21.339183807373047,90800,0.0,0,0.013992487600480441,0.9949656218198322,21.701872730255126,22.422352186874505,20.981393273635746,21.707270608062508,21.707270608062508,21.807880969572462,21.268512962846074,20.61282730102539
2019-08-02,21.23120950044537,21.41770701779575,20.917109601023515,21.162500381469727,35100,0.0,0,-0.008279764938444956,0.9867275403493302,21.658193016052245,22.398200766212796,20.918185265891694,21.663099213914073,21.663099213914073,21.812788410512482,21.42752569012979,20.603010177612305
2019-08-05,20.799325468726817,21.879045401396937,20.54411880302782,21.299922943115234,129100,0.0,0,0.00649368265414596,0.9931350358624648,21.624819946289062,22.366258419488144,20.88338147308998,21.476603814916224,21.476603814916224,21.808126359146094,21.481511772832327,20.76006126403809
2019-08-06,21.221398290008008,21.314646124777493,20.91711233451813,20.94655990600586,66000,0.0,0,-0.016589873965886404,0.9766590507864004,21.5801589012146,22.370941424786913,20.789376377642284,21.314645434650714,21.476603814916224,21.79340255832104,21.481511772832327,21.37844657897949
2019-08-07,20.848401945655752,21.05453118923653,20.81895437594901,20.936742782592773,64900,0.0,0,-0.00046867473499889734,0.9762013153645888,21.542368602752685,22.379453636066337,20.705283569439032,21.314645434650714,21.476603814916224,21.790949246647408,21.510958338086745,21.37844657897949
2019-08-08,20.966190260860365,21.20176520093728,20.93674269128205,21.05453109741211,54700,0.0,0,0.005625914023133838,0.9816933400341001,21.509976959228517,22.36986702923667,20.650086889220365,21.314645434650714,21.476603814916224,21.778679642715332,21.510958338086745,21.14287376403809
2019-08-09,21.044714614168356,21.23121026606085,20.80913968110693,21.03489875793457,237700,0.0,0,-0.0009324519927186303,0.9807779581229468,21.47022361755371,22.340827838241502,20.59961939686592,21.314645434650714,21.476603814916224,21.77377165472427,21.510958338086745,21.07416343688965
2019-08-12,21.10360804397796,21.10360804397796,20.64227403049089,20.82876968383789,23300,0.0,0,-0.009799385129863114,0.9711669371844193,21.41083879470825,22.286370116744834,20.53530747267167,21.314645434650714,21.476603814916224,21.77377165472427,21.72199437325204,21.0839786529541
2019-08-13,20.74042892456055,21.00545142935288,20.61282653642896,20.740428924560547,19500,0.0,0,-0.004241285520857785,0.9670479409154031,21.347036933898927,22.22271273479019,20.471361133007665,21.314645434650714,21.476603814916224,21.77377165472427,21.72199437325204,20.86803436279297
2019-08-14,20.318358748614298,20.50485440643711,20.082781935878685,20.29872703552246,38800,0.0,0,-0.021296661252508065,0.9464530485027923,21.271947288513182,22.233521319107133,20.31037325791923,20.98091366863781,21.245935381341656,21.77377165472427,21.746534379314,20.92692756652832
2019-08-15,20.24964925099433,20.465594366615143,19.857024321024703,20.072969436645508,30400,0.0,0,-0.011121761403159902,0.9359268235180509,21.179189682006836,22.22486332276344,20.133516041250232,20.86803486121082,21.133056573914665,21.77377165472427,21.746534379314,21.201765060424805
2019-08-16,20.10241310243928,20.31835819621208,19.98462657145698,20.190753936767575,137100,0.0,0,0.005867816443093643,0.9414186703226225,21.090358161926268,22.154995874403102,20.025720449449434,20.585835222901096,21.133056573914665,21.7784339524084,21.746534379314,21.0839786529541
2019-08-19,20.269279053051847,20.858217328529307,20.269279053051847,20.740428924560547,39200,0.0,0,0.027224094232162876,0.967047940915403,21.03342733383179,22.043049936118138,20.02380473154544,20.544117293542776,21.133056573914665,21.7784339524084,21.79561170524141,21.14287376403809
2019-08-20,21.103608326142027,21.103608326142027,20.36743594267196,20.5343017578125,107600,0.0,0,-0.00993842352527019,0.9574370089093452,20.97551498413086,21.95954084399701,19.99148912426471,20.544117293542776,21.133056573914665,21.78702301752033,21.79561170524141,20.877849578857425
2019-08-21,20.603010728490737,20.84840152116764,20.387067504921006,20.710983276367188,40900,0.0,0,0.00860421360504593,0.9656750014473775,20.892572784423827,21.641944995020218,20.143200573827436,20.544117293542776,21.133056573914665,21.76616566113762,21.79561170524141,21.00545310974121
2019-08-22,20.42633055068945,20.6815372183824,20.288912295848363,20.45577812194824,40400,0.0,0,-0.01232221334030803,0.9537757480621406,20.86018123626709,21.626266600335185,20.09409587219899,20.480316323583367,21.133056573914665,21.802973131593312,21.79561170524141,21.152687072753903
2019-08-23,20.445961850696275,20.475409421358563,20.12204606214421,20.230018615722656,34800,0.0,0,-0.011036466316739713,0.9432494341449296,20.798833465576173,21.560375380140226,20.03729155101212,20.480316323583367,21.133056573914665,21.832420987179724,21.7956115527139,21.05453109741211
2019-08-26,20.25946394819489,20.71098399594311,20.25946394819489,20.61282730102539,29500,0.0,0,0.018922804401436233,0.9610983586890195,20.77429437637329,21.526441602853886,20.022147149892696,20.480316323583367,21.133056573914665,21.832420987179724,21.79315729096688,21.103609085083008
2019-08-27,20.69135228252292,20.69135228252292,20.328173072982324,20.61282730102539,57400,0.0,0,0.0,0.9610983586890195,20.742393493652344,21.46417206565876,20.020614921645926,20.480316323583367,21.133056573914665,21.832420987179724,21.79315729096688,20.809139251708984
2019-08-28,20.68153715124176,20.75024627843925,20.337989643071023,20.514671325683597,37700,0.0,0,-0.004761888017996929,0.9565217159306617,20.71589126586914,21.430124571843308,20.00165795989497,20.544117448799504,21.133056573914665,21.832420987179724,21.79315729096688,21.250844955444336
2019-08-29,20.59319496154785,20.656997092132197,20.3674358806287,20.59319496154785,23000,0.0,0,0.0038276818876423757,0.9601829767778661,20.678591823577882,21.333571077131445,20.02361257002432,20.61282719414312,20.971098193649155,21.987017427526393,21.83487382641468,20.956375122070312
2019-08-30,20.524487484078843,20.59319661228512,20.131862557054895,20.220203399658203,46400,0.0,0,-0.018112369770019066,0.9427917876555878,20.631476974487306,21.275805479046404,19.987148469928208,20.61282719414312,20.971098193649155,21.707270608062508,21.707270608062508,20.76006126403809
2019-09-03,20.220202758835228,20.40670029532983,20.01407350856577,20.230018615722656,37100,0.0,0,0.00048541628738596465,0.9432494341449296,20.577981758117676,21.16605597917073,19.989907537064624,20.431237514866705,20.971098193649155,21.707270608062508,21.707270608062508,20.63245964050293
2019-09-04,20.328172875021224,20.55393383278843,20.122045502666246,20.15149307250977,27200,0.0,0,-0.0038816347480697955,0.9395880843652554,20.53822841644287,21.1287791204352,19.947677712450538,20.38215989350251,20.971098193649155,21.707270608062508,21.707270608062508,20.917110443115234
2019-09-05,20.230018053242595,20.31835889058993,20.122045502666246,20.15149307250977,70800,0.0,0,0.0,0.9395880843652554,20.49896593093872,21.08261506640618,19.91531679547126,20.38215989350251,20.971098193649155,21.707270608062508,21.707270608062508,21.201765060424805
2019-09-06,20.249649099070417,20.51467162688033,20.122046699856384,20.220203399658203,40000,0.0,0,0.0034096891431913967,0.9427917876555877,20.457249546051024,20.992893657583895,19.921605434518153,20.38215989350251,20.971098193649155,21.707270608062508,21.707270608062508,20.887664794921875
2019-09-09,20.553934032948053,20.75024555060026,20.328173072982324,20.61282730102539,32000,0.0,0,0.019417406126281733,0.9610983586890194,20.436145973205566,20.90788875117721,19.96440319523392,20.38215989350251,20.86803486121082,21.707270608062508,21.707270608062508,20.995635986328125
2019-09-10,20.6717192981754,20.72079857870841,20.455776080379508,20.603010177612305,39300,0.0,0,-0.00047626282749657634,0.9606406232672078,20.424857997894286,20.86812710414027,19.9815888916483,20.38215989350251,20.86803486121082,21.663099213914073,21.663099213914073,21.0839786529541
2019-09-11,20.612827158769235,20.84840210163604,20.28498541008418,20.76006126403809,78300,0.0,0,0.00762272527518526,0.9679633228265564,20.425839614868163,20.872008664940857,19.97967056479547,20.431237805100906,20.585835222901096,21.476603814916224,21.476603814916224,21.123241424560547
2019-09-12,20.799324157214656,21.447155701530715,20.70116746549155,21.37844657897949,47700,0.0,0,0.0297872586731045,0.9967962967096687,20.479825592041017,21.08603778406969,19.873613400012346,20.730614605048242,20.652090011277707,21.39562462478347,21.476603814916224,21.07416343688965
2019-09-13,21.417708132358836,21.594389803023788,21.19194905192391,21.37844657897949,37300,0.0,0,0.0,0.9967962967096687,20.545099449157714,21.237968201497406,19.852230696818022,20.80423165579478,20.725707062024245,21.39562462478347,21.476603814916224,21.36863136291504
2019-09-16,21.22139875086065,21.38826458188152,21.06434690503216,21.14287376403809,29500,0.0,0,-0.011019173636920288,0.9858124252355858,20.59270544052124,21.31226411395282,19.873146767089658,20.858217652845017,20.725707062024245,21.39562462478347,21.476603814916224,21.417709350585938
2019-09-17,21.04471773600337,21.39317225916938,20.61282935856494,21.07416343688965,23900,0.0,0,-0.0032498102157385578,0.9826087219452532,20.609392166137695,21.357118295066474,19.861666037208916,20.858217652845017,20.725707062024245,21.39562462478347,21.476603814916224,20.61282730102539
2019-09-18,21.10361036773647,21.16741250468748,20.681537860832403,21.0839786529541,48100,0.0,0,0.00046574641474372847,0.983066368434595,20.636876010894774,21.41175625175582,19.86199577003373,20.858218251440086,20.725707062024245,21.39562462478347,21.476603814916224,20.69135284423828
2019-09-19,21.08397759804447,21.54531351143093,20.62264355684129,20.86803436279297,28800,0.0,0,-0.010242103433873329,0.9729977010067257,20.644728565216063,21.425678925248512,19.863778205183614,20.93968760655398,20.725707062024245,21.39562462478347,21.476603814916224,21.01526641845703
2019-09-20,20.89748186810355,21.388263478471227,20.632459349181023,20.92692756652832,235000,0.0,0,0.0028221730284456736,0.9757436688752466,20.668286037445068,21.453475402690778,19.883096672199358,20.93968760655398,20.725707062024245,21.113424524989732,21.245935381341656,20.59319496154785
2019-09-23,21.02508338849226,21.21158091688585,20.710983470471376,21.201765060424805,26000,0.0,0,0.01313319850813044,0.9885583041716367,20.716873359680175,21.507874581679843,19.925872137680507,20.93968760655398,20.789508187240386,21.000545717562744,21.133056573914665,20.37725257873535
2019-09-24,21.211582926856124,21.388264615530694,20.88766712168053,21.0839786529541,22700,0.0,0,-0.005555500079121423,0.983066368434595,20.740430927276613,21.545724851018736,19.93513700353449,21.103609580794362,20.80423165579478,20.85944589840788,21.133056573914665,20.416513442993164
2019-09-25,21.02508534771256,21.358817009754297,20.848403659315952,21.14287376403809,40200,0.0,0,0.002793358504740162,0.9858124252355859,20.766933250427247,21.58858556253227,19.945280938322224,21.103609580794362,20.80423165579478,20.83858693372872,21.133056573914665,20.514671325683597
2019-09-26,21.04471539667003,21.29010619508956,20.809140454849267,20.877849578857425,21100,0.0,0,-0.012534917823301961,0.9734553474960678,20.785092163085938,21.5995858555857,19.970598470586175,21.079071434997935,20.80423165579478,20.83858693372872,21.133056573914665,20.720802307128903
2019-09-27,20.966191553399568,21.137964372737976,20.67172145601232,21.00545310974121,32600,0.0,0,0.006111909677374294,0.9794050186549207,20.805705070495605,21.620600386394358,19.990809754596853,21.079071434997935,20.80423165579478,20.83858693372872,21.133056573914665,20.94655990600586
2019-09-30,20.966191405129173,21.29992305649796,20.96128254050661,21.152687072753903,49500,0.0,0,0.007009320972200861,0.9862699827924574,20.85232925415039,21.633542294893875,20.071116213406906,21.083978534136108,20.80423165579478,20.806686448749016,21.133056573914665,20.84840202331543
2019-10-01,21.270474324436808,21.515865121039827,20.95637440433426,21.05453109741211,36800,0.0,0,-0.00464035491113679,0.9816933400340996,20.893554878234863,21.62388753835164,20.163222218118086,21.083978534136108,20.80423165579478,20.806686448749016,21.133056573914665,21.26065826416016
2019-10-02,20.995636532525804,21.2213974944348,20.73061588780496,21.103609085083008,49300,0.0,0,0.0023309940954672204,0.9839816614132786,20.941160678863525,21.59062636193376,20.29169499579329,21.074162235110425,20.80423165579478,20.806686448749016,21.133056573914665,21.32936668395996
2019-10-03,21.025082467846836,21.11342329994484,20.6422734435442,20.809139251708984,62200,0.0,0,-0.013953529568654144,0.970251644205735,20.974042987823488,21.517068906111216,20.43101706953576,21.079069282292014,20.80423165579478,20.806686448749016,21.133056573914665,21.349000930786133
2019-10-04,20.809142596147154,21.44715836325425,20.809142596147154,21.250844955444336,137400,0.0,0,0.021226524480058684,0.9908467144832852,21.02557506561279,21.45537876277227,20.595771368453313,21.079069282292014,20.80423165579478,20.838587011357085,21.133056573914665,21.31955337524414
2019-10-07,21.10360923063811,21.319552465058663,20.877850139355267,20.956375122070312,13400,0.0,0,-0.013856852938856079,0.9771166972757416,21.04275245666504,21.430129680666862,20.655375232663214,21.079069282292014,20.80423165579478,20.79196269389614,21.133056573914665,21.633655548095703
2019-10-08,20.897481384847804,21.0937929011452,20.710983853009544,20.76006126403809,31000,0.0,0,-0.009367739262572838,0.9679633228265561,21.050605010986327,21.406795346810434,20.69441467516222,21.079069282292014,20.80423165579478,20.79196269389614,21.133056573914665,21.672914505004883
2019-10-09,20.868034592143644,21.12324125780024,20.583380355463223,20.63245964050293,24100,0.0,0,-0.0061464955190763115,0.9620137406001724,21.04422492980957,21.42500166407995,20.66344819553919,21.049622738251525,20.858217652845017,20.701167854257932,21.133056573914665,21.9968318939209
2019-10-10,20.65208981242313,21.10360796797373,20.50976270471052,20.917110443115234,41500,0.0,0,0.013796261210346161,0.9752859334534346,21.021158123016356,21.372613543462073,20.66970270257064,21.012813912875174,20.858217652845017,20.676629043575833,21.133056573914665,21.62384033203125
2019-10-11,21.02508338849226,21.31464460145211,20.760060880593443,21.201765060424805,46200,0.0,0,0.013608696960495381,0.9885583041716363,21.012324047088622,21.33479887930336,20.689849214873885,21.012813912875174,20.858218251440086,20.676629043575833,21.133056573914665,21.44715690612793
2019-10-14,21.05453060761743,21.12323972951857,20.66190384443977,20.887664794921875,22200,0.0,0,-0.01481481681396557,0.973912993985409,20.99956359863281,21.32054275638459,20.678584440881032,20.978460533982386,20.93968760655398,20.676629043575833,21.133056573914665,21.545312881469727
2019-10-15,20.89748116530224,21.152685946589383,20.69135192234483,20.995635986328125,34400,0.0,0,0.005169136543808461,0.9789472832331089,20.995637226104737,21.31476601850792,20.676508433701553,20.978460533982386,20.93968760655398,20.625097377356667,21.133056573914665,21.69254875183105
2019-10-16,20.98582195122563,21.216489919460034,20.75024699038732,21.0839786529541,24700,0.0,0,0.004207668045088209,0.9830663684345947,20.995637226104737,21.31476601850792,20.676508433701553,20.978460533982386,20.93968760655398,20.625097377356667,21.133056573914665,21.60420608520508
2019-10-17,21.349000520975604,21.349000520975604,20.94655974138935,21.123241424560547,25400,0.0,0,0.0018622088483732924,0.9848970433244318,21.008397579193115,21.326493191390192,20.69030196699604,20.929381612843063,21.052076253867156,20.508536514001,21.133056573914665,21.977201461791992
2019-10-18,20.93674517359791,21.12814971809238,20.75024762185668,21.07416343688965,46900,0.0,0,-0.0023234117664268084,0.9826087219452528,21.01575937271118,21.33277381362926,20.6987449317931,20.929381612843063,21.052076253867156,20.691352308162976,21.133056573914665,22.409088134765625
2019-10-21,21.231211241511527,21.497214779464056,21.07416127892171,21.36863136291504,50100,0.0,0,0.013972935481269655,0.9963386502203266,21.024102687835693,21.36819228030073,20.680013095370658,21.00348874208729,21.027538108070726,20.76496935890951,21.133056573914665,22.409088134765625
2019-10-22,21.368631938024475,21.447156921432786,21.211581971207863,21.417709350585938,85600,0.0,0,0.00229673051293644,0.9986269715995055,21.040789222717287,21.425329552393624,20.65624889304095,21.00348874208729,21.027538108070726,20.79196235743463,21.133056573914665,22.25203895568848
2019-10-23,19.925732308784585,21.20176559834848,19.925732308784585,20.61282730102539,20600,0.0,0,-0.03758021160832159,0.9610983586890187,21.01428689956665,21.438498208657638,20.59007559047566,20.71147354412432,20.735522910107758,20.79196235743463,21.133056573914665,22.41890525817871
2019-10-24,20.61282786060901,20.764970835470915,20.161309672786505,20.69135284423828,49200,0.0,0,0.0038095474272461516,0.964759708468693,21.004962062835695,21.448724887019097,20.561199238652293,20.71147354412432,20.735522910107758,20.791962656732167,21.133056573914665,22.00664710998535
2019-10-25,20.622641541735653,21.103607249742225,20.60300982985381,21.01526641845703,40300,0.0,0,0.01565453823426277,0.9798625762117923,21.005452728271486,21.449238589073605,20.561666867469366,20.71147354412432,20.720798714912206,20.832697334289115,21.133056573914665,21.66309928894043
2019-10-28,21.064344836209514,21.064344836209514,20.534301695260936,20.59319496154785,30300,0.0,0,-0.020084040264104708,0.9601829767778652,20.977478122711183,21.450512647909846,20.50444359751252,20.71147354412432,20.720798714912206,20.832697334289115,21.133056573914665,21.829965591430664
2019-10-29,20.593195812162488,20.612827525796757,20.259464169113024,20.37725257873535,12100,0.0,0,-0.010486103939467029,0.9501143982824657,20.943614196777343,21.48284225276843,20.404386140786254,20.71147354412432,20.720798714912206,20.864597896897184,21.133056573914665,21.829965591430664
2019-10-30,20.40669945869136,20.593195115356703,20.215293065508728,20.416513442993164,32900,0.0,0,0.0019267005748744293,0.951944984239833,20.909259414672853,21.48977112306212,20.328747706283586,20.71147354412432,20.720798714912206,20.95392061829457,21.133056573914665,22.25203895568848
2019-10-31,20.445962198486107,20.67172129418736,20.14167811853297,20.514671325683597,40900,0.0,0,0.004807769111239812,0.9565217159306609,20.894536018371582,21.499160970799476,20.289911065943688,20.71147354412432,20.720798714912206,20.95392061829457,21.133056573914665,21.94775390625
2019-11-01,20.5146730361664,20.80914315580092,20.41651632962156,20.720802307128903,10900,0.0,0,0.010047978745203467,0.9661328258016577,20.86803388595581,21.453836508409587,20.282231263502034,20.686444615108684,20.720798714912206,20.941651545396358,21.133056573914665,22.222591400146484
2019-11-04,20.76987822144614,21.044716605448293,20.52448740893172,20.94655990600586,25000,0.0,0,0.0108952151335997,0.9766590507863994,20.867543125152586,21.453062198201692,20.28202405210348,20.56374895356653,20.720798714912206,20.941651545396358,21.133056573914665,22.1146183013916
2019-11-05,20.93674286058152,21.103608678508213,20.57356365491169,20.84840202331543,56700,0.0,0,-0.004686109945064798,0.9720823190955716,20.871960163116455,21.4554770904994,20.28844323573351,20.62264339852059,20.720798714912206,20.944105094965444,21.133056573914665,22.261852264404297
2019-11-06,20.436145045701046,21.29010583345626,20.436145045701046,21.26065826416016,42800,0.0,0,0.019773997085421158,0.9913042720401569,20.903370094299316,21.499568735792305,20.307171452806326,20.715891975994616,20.71147354412432,20.944105094965444,21.133056573914665,22.50724220275879
2019-11-07,21.309734971742973,21.721991567384062,21.083975897797007,21.32936668395996,49900,0.0,0,0.003231716485261771,0.9945078863980196,20.923982906341553,21.54879362892532,20.299172183757786,20.931834842958516,20.823861938084324,20.9391969454526,21.133056573914665,22.63484764099121
2019-11-08,21.42752591679364,21.56494417426095,20.917112571653146,21.349000930786133,39900,0.0,0,0.0009205264796228185,0.9954233572416427,20.93134469985962,21.572508736636856,20.29018066308238,20.931834842958516,20.823861938084324,20.941650469043395,21.133056573914665,22.615217208862305
2019-11-11,21.231212531895316,21.48641920466044,21.133057703448483,21.31955337524414,16300,0.0,0,-0.0013793411521907384,0.9940503288411474,20.952939128875734,21.615729459542024,20.290148798209444,20.931834842958516,20.823861938084324,20.941650469043395,21.133056573914665,22.674110412597656
2019-11-12,21.349001298797056,21.65328539079845,21.22139889640401,21.633655548095703,28000,0.0,0,0.014733055956805075,1.0086957279598445,20.98484010696411,21.711817884749202,20.25786232917902,20.931834842958516,20.823861938084324,20.941650469043395,20.971098193649155,22.68392562866211
2019-11-13,21.476601124067383,21.682730361270075,21.378446305781782,21.672914505004883,24300,0.0,0,0.0018147167417867927,1.010526224984742,21.01428689956665,21.8008801419754,20.227693657157896,21.069253948502812,20.823861938084324,20.941650469043395,20.971098193649155,22.36982727050781
2019-11-14,21.623838689274397,22.252038559072,21.54531370554969,21.9968318939209,82300,0.0,0,0.014945723559294022,1.025629270592781,21.057966423034667,21.954518825414905,20.16141402065443,21.344091802386522,21.08888543392829,20.95392019554827,20.971098193649155,22.467981338500977
2019-11-15,22.1244378433752,22.1244378433752,21.49623605367,21.62384033203125,18700,0.0,0,-0.01695660373677399,1.0082380814705025,21.08545026779175,22.01574183397635,20.15515870160715,21.344091802386522,21.08888543392829,20.935515782860094,20.971098193649155,22.47779655456543
2019-11-18,21.57475930200664,21.57475930200664,21.005452704656854,21.44715690612793,25000,0.0,0,-0.008170770001552419,1.0000000000000007,21.089376544952394,22.025121685294856,20.153631404609932,21.344091802386522,21.08888543392829,20.93551608215763,20.971098193649155,22.546506881713867
2019-11-19,21.398076904457117,21.8201493779024,21.250842799627723,21.545312881469727,31000,0.0,0,0.004576642758358007,1.0045766427583587,21.09575672149658,22.042164970393607,20.149348472599556,21.58457556536257,21.08888543392829,20.959074070268183,20.971098193649155,22.526878356933597
2019-11-20,21.525682920194534,21.913400863141653,21.35881708855801,21.69254875183105,44000,0.0,0,0.006833777312556855,1.0114416958283652,21.149742794036865,22.10303189990327,20.196453688170457,21.58457556536257,21.08888543392829,20.959074070268183,20.86803486121082,22.585769653320312
2019-11-21,21.771071902768117,21.829965170089416,21.26065859349492,21.60420608520508,28500,0.0,0,-0.004072489020844672,1.0073226106268796,21.195385456085205,22.143863786746675,20.246907125423736,21.628745631864426,21.08888543392829,20.959074070268183,20.86803486121082,22.57595443725586
2019-11-22,21.72199478175564,21.98701731935301,21.32053687895525,21.977201461791992,32400,0.0,0,0.017264942535534455,1.0247139776140972,21.243482208251955,22.247116896823385,20.239847519680524,21.628745631864426,21.08888543392829,20.990728933355108,20.725707062024245,22.801713943481445
2019-11-25,21.84959740148524,22.546506385835684,21.84959740148524,22.409088134765625,63300,0.0,0,0.0196515772822341,1.0448512235373661,21.33427686691284,22.41277048601391,20.255783247811774,21.77597954524627,21.236119347310137,20.990728933355108,20.725707062024245,22.8115291595459
2019-11-26,22.232406456427977,22.55632224265258,22.232406456427977,22.409088134765625,27400,0.0,0,0.0,1.0448512235373661,21.435868644714354,22.517442373424128,20.35429491600458,21.780887473654715,21.241027275718583,21.015513425079007,20.725707062024245,22.89986991882324
2019-11-27,22.40908892593711,22.56613889618574,22.085173128276388,22.25203895568848,24600,0.0,0,-0.00700828066419612,1.0375286129104875,21.527644920349122,22.557370408624234,20.49791943207401,21.785795800421297,21.24593560248516,21.015513425079007,20.725707062024245,22.53669166564941
2019-11-29,22.25203942723057,22.546507659641,21.92812362270577,22.41890525817871,13300,0.0,0,0.00749892191104462,1.0453089589591777,21.622856616973877,22.611196129007862,20.634517104939892,21.785795800421297,21.353908507359357,20.72349822711604,20.725707062024245,22.566139221191406
2019-12-02,22.428719587281865,22.428719587281865,21.84959714710989,22.00664710998535,29000,0.0,0,-0.0183888616971144,1.0260869170821227,21.6871488571167,22.59564187950378,20.77865583472962,21.908490847906734,21.353908507359357,20.72349822711604,20.725707062024245,22.487611770629883
2019-12-03,22.06554004679064,22.06554004679064,21.525681041533005,21.66309928894043,26700,0.0,0,-0.01561109329049215,1.0100685784954002,21.72297582626343,22.565229206619094,20.880722445907764,21.91339874484033,21.353908507359357,20.71613612951826,20.725707062024245,22.36982727050781
2019-12-04,21.839781448204207,21.888858859888668,21.633654072509565,21.829965591430664,27700,0.0,0,0.007702789903909268,1.0178489245440905,21.77205400466919,22.511861064631905,21.032246944706475,21.91339874484033,21.353908507359357,20.71613612951826,20.725707062024245,22.39927101135254
2019-12-05,21.839781448204207,21.888858859888668,21.672915627420483,21.829965591430664,35200,0.0,0,0.0,1.0178489245440905,21.800519371032713,22.501831188453487,21.09920755361194,21.943337887570493,21.353908507359357,20.71613612951826,20.76006105590419,22.261852264404297
2019-12-06,21.96738471449825,22.448352354590927,21.89867558653739,22.25203895568848,42100,0.0,0,0.019334586785766605,1.0375286129104875,21.84665298461914,22.539162320639488,21.154143648598794,22.045909968859373,21.353908507359357,20.71613612951826,20.76006105590419,22.202960968017575
2019-12-09,22.13424956759644,22.45816535099891,21.71217896124668,21.94775390625,21000,0.0,0,-0.01367447945082323,1.0233409492136019,21.876590633392333,22.53076017413053,21.222421092654134,22.045909968859373,21.491327612903653,20.71613612951826,20.76006105590419,22.134248733520508
2019-12-10,21.996832301774973,22.320748099668155,21.996832301774973,22.222591400146484,20400,0.0,0,0.012522351720839264,1.0361555845099921,21.921742534637453,22.53912546763747,21.304359601637437,22.045909968859373,21.501141970943394,20.703621665010445,20.76006105590419,22.222591400146484
2019-12-11,22.301113950721444,22.35019323121597,21.721991546167864,22.1146183013916,18800,0.0,0,-0.004858708726209637,1.0311212063298225,21.945790672302245,22.553708625219382,21.337872719385107,22.036094350587003,21.501141970943394,20.64227383423937,20.76006105590419,21.92812156677246
2019-12-12,22.00664562391947,22.32074552845984,21.918304791744607,22.261852264404297,28800,0.0,0,0.0066577664152327465,1.0379861704673594,21.975237560272216,22.58449955764611,21.36597556289832,21.991923196265958,21.501141970943394,20.6717210567164,20.76006105590419,21.79070472717285
2019-12-13,22.32074468938008,22.526873914100342,22.19314231002604,22.50724220275879,28400,0.0,0,0.011022889534976432,1.0494277773632543,22.00075807571411,22.653213179898913,21.348302971529307,22.026277477816674,21.74162573391944,20.71368276005947,20.76006105590419,21.849597930908203
2019-12-16,22.526876958387543,22.929317734360197,22.409088546603293,22.63484764099121,101700,0.0,0,0.005669527927183449,1.0553775374545773,22.05130844116211,22.73536559908764,21.36725128323658,22.28148590343488,21.923215153006673,20.87784839052142,20.823861938084324,21.653284072875977
2019-12-17,22.713372031906573,22.733003745388725,22.556322068415856,22.615217208862305,35700,0.0,0,-0.0008672659273109007,1.0544622444758938,22.10971145629883,22.776522576781147,21.44290033581651,22.30111668089034,21.967385219508525,20.87784839052142,20.823861938084324,21.417709350585938
2019-12-18,22.72318782398012,22.772267107545822,22.53669029079693,22.674110412597656,32600,0.0,0,0.00260414053030944,1.0572082123444144,22.166151332855225,22.823232628584364,21.509070037126087,22.320748347803438,21.967385219508525,20.87784839052142,20.823861938084324,21.3980770111084
2019-12-19,22.625030490046605,22.752634751530344,22.566137223614287,22.68392562866211,28900,0.0,0,0.00043288207942215884,1.0576658588337562,22.215720176696777,22.871977745364248,21.559462608029307,22.320748347803438,21.967385219508525,20.87784839052142,20.823861938084324,21.231210708618164
2019-12-20,22.72318876591239,22.72318876591239,22.30111627066759,22.36982727050781,164400,0.0,0,-0.013846737257744435,1.0430206375799986,22.254001235961915,22.848930824499124,21.659071647424707,22.32565464026403,21.967385219508525,20.94655794329357,20.823861938084324,20.97600746154785
2019-12-23,22.585769747779825,22.585769747779825,22.237315256612412,22.467981338500977,27600,0.0,0,0.004387788372535839,1.047597191405887,22.278540229797365,22.866139216422127,21.690941243172603,22.32565464026403,21.967385219508525,21.216488618157406,21.08888543392829,20.367435455322266
2019-12-24,22.56613739096062,22.56613739096062,22.4483508572225,22.47779655456543,28400,0.0,0,0.0004368534901546539,1.0480548378952288,22.281975650787352,22.873420088996713,21.69053121257799,22.4238112630524,21.967385219508525,21.216488618157406,21.08888543392829,20.220203399658203
2019-12-26,22.507245325766032,22.585770309845003,22.320747786509735,22.546506881713867,12000,0.0,0,0.0030568088371847324,1.051258541185561,22.288846588134767,22.889260853858655,21.68843232241088,22.56123002219312,22.090080266993958,21.216488618157406,21.08888543392829,20.328174591064453
2019-12-27,22.575955772783672,22.644664903847147,22.399274080229933,22.526878356933597,17100,0.0,0,-0.000870579415394479,1.0503433371393474,22.302588558197023,22.911616969542138,21.693560146851908,22.583316495486304,22.09498816392756,21.33673049964543,21.08888543392829,20.45577812194824
2019-12-30,22.487612958029,22.62503120812689,22.28148558288216,22.585769653320312,23800,0.0,0,0.0026142679626353083,1.0530892160753982,22.310931777954103,22.93069985279933,21.691163703108877,22.504791182079117,22.09498816392756,21.33673049964543,21.08888543392829,20.190753936767575
2019-12-31,22.615217865359934,22.615217865359934,22.35215739030252,22.57595443725586,23600,0.0,0,-0.00043457523100220996,1.0526315695860562,22.339397144317626,22.9528435620067,21.725950726628554,22.504791182079117,22.124927306657725,21.358815532896358,21.08888543392829,19.925731658935547
2020-01-02,22.546507272752745,22.801713943481445,22.36982745964826,22.801713943481445,61600,0.0,0,0.009999998310282976,1.0631578835032673,22.396327877044676,22.956638778847225,21.836016975242128,22.51951460004693,22.2274993879466,21.358815532896358,21.08888543392829,20.043519973754883
2020-01-03,22.487613369683288,22.86060844418161,22.418904243376566,22.8115291595459,39200,0.0,0,0.00043045957373122334,1.063615529992609,22.44540605545044,22.969055245303768,21.921756865597114,22.548961850397014,22.2274993879466,21.506049446278205,21.236119347310137,20.141677856445312
2020-01-06,22.74281995291022,23.047104027843798,22.74281995291022,22.89986991882324,70300,0.0,0,0.003872636448853495,1.0677345262616251,22.498901271820067,22.97619908546135,22.021603458178785,22.642209642228103,22.286392534688403,21.510957374686647,21.241027275718583,20.08278083801269
2020-01-07,22.88023918283452,22.88023918283452,22.458166679337104,22.53669166564941,141700,0.0,0,-0.01585940245343065,1.0508008946962188,22.513133907318114,22.97677297076579,22.049494843870438,22.664294805362978,22.286392534688403,21.51586570145323,21.24593560248516,20.122045516967773
2020-01-08,22.53669164927693,22.6937434939708,22.31093254781597,22.566139221191406,200200,0.0,0,0.0013066494398945583,1.0521739230967144,22.544053173065187,22.927501467081957,22.160604879048417,22.664294805362978,22.286392534688403,21.569852153890327,21.24593560248516,19.778499603271484
2020-01-09,22.62503001347177,22.674109294617544,22.35117455175597,22.487611770629883,46400,0.0,0,-0.0034798797344908206,1.0485124843845706,22.557304191589356,22.912371592349263,22.20223679082945,22.664294805362978,22.286392534688403,21.631199677633045,21.24593560248516,19.84720802307129
2020-01-10,22.41890468392466,22.41890468392466,22.0753571734568,22.36982727050781,30200,0.0,0,-0.005237750514525796,1.0430206375799986,22.570064640045167,22.874855805024225,22.26527347506611,22.561230600650298,22.34037905017668,21.633653626099843,21.24593560248516,20.131860733032227
2020-01-13,22.36982531475015,22.44835029266177,22.168603069657003,22.39927101135254,21200,0.0,0,0.0013162256681145124,1.0443934881155545,22.57693557739258,22.858711633962695,22.295159520822462,22.561230600650298,22.36000982763214,21.633653626099843,21.24593560248516,20.09259605407715
2020-01-14,22.330561384499617,22.41890221667448,22.016461479959247,22.261852264404297,56500,0.0,0,-0.006134965145901172,1.0379861704673594,22.564666080474854,22.87752353699446,22.25180862395525,22.531782753901524,22.37964149454524,21.648623197464925,21.24593560248516,20.08278083801269
2020-01-15,22.183329254198227,22.27167009420203,21.8790451787314,22.202960968017575,38400,0.0,0,-0.0026453906749208667,1.0352402915313081,22.543071746826172,22.891569667609204,22.19457382604314,22.4630746032876,22.37964149454524,21.699909238109363,21.24593560248516,19.59200096130371
2020-01-16,22.30111454729949,22.418902951454204,21.992904520718028,22.134248733520508,44000,0.0,0,-0.0030947329320645256,1.032036499308506,22.51902332305908,22.90870649106127,22.12934015505689,22.4630746032876,22.38454778700583,21.76861879088151,21.24593560248516,19.6018180847168
2020-01-17,22.340379814009157,22.51706149871149,22.12443657280814,22.222591400146484,31300,0.0,0,0.0039912204696692655,1.036155584509992,22.496447372436524,22.899802881590315,22.093091863282734,22.37964218078296,22.38454778700583,21.773525969901385,21.24593560248516,19.33679580688477
2020-01-21,21.74358795873051,22.55632140218049,21.74358795873051,21.92812156677246,16800,0.0,0,-0.01325092236417047,1.0224255673024483,22.45865716934204,22.922467679919812,21.994846658764267,22.218665726350658,22.395345993287155,21.7686181607652,21.24593560248516,18.71841049194336
2020-01-22,21.947754696160704,21.947754696160704,21.67782330679098,21.79070472717285,61200,0.0,0,-0.006266694535652206,1.016018338586723,22.429701042175292,22.977736777996103,21.88166530635448,22.17596630070426,22.36246366731739,21.746532583604676,21.24593560248516,18.100027084350582
2020-01-23,21.77401789098834,22.016463756472167,21.77401789098834,21.849597930908203,19300,0.0,0,0.0027026754973147327,1.0187643064552436,22.398781871795656,23.002289754915573,21.79527398867574,22.117072354485735,22.36246366731739,21.883951605868056,21.24593560248516,18.04113006591797
2020-01-24,21.78088833968579,21.937938304849208,21.59439080398551,21.653284072875977,20900,0.0,0,-0.008984781260186203,1.009610932006058,22.35755624771118,23.04199545710722,21.67311703831514,22.075356103083003,22.320747415914653,22.102350528220775,21.427525021572393,17.98223876953125
2020-01-27,21.53549776179004,21.829965981525365,21.19195025730997,21.417709350585938,34900,0.0,0,-0.01087939924018877,0.998626971599505,22.301116371154784,23.09292031919963,21.509312423109936,21.874135829745228,22.119527142576885,22.13425095019943,21.427525021572393,17.56998062133789
2020-01-28,21.545312988854857,21.545312988854857,21.309736173333818,21.3980770111084,18800,0.0,0,-0.0009166404845718512,0.9977115896883515,22.244676303863525,23.121402188721436,21.367950419005613,21.874135829745228,22.119527142576885,22.14406678365598,21.427525021572393,17.314773559570312
2020-01-29,21.29992170368692,21.55021949022482,21.093792462847016,21.231210708618164,22400,0.0,0,-0.007798191510555275,0.9899312436396612,22.17694835662842,23.143512778898472,21.210383934358365,21.825056932513753,22.070448245345407,22.14406678365598,21.427525021572393,16.892702102661133
2020-01-30,20.61282823554193,20.99563730367476,20.28891243815646,20.97600746154785,64100,0.0,0,-0.012020192845937028,0.9780320791868943,22.096951007843018,23.17759345217238,21.016308563513654,21.422616920168473,21.66800823300013,22.146519929886278,21.427525021572393,15.06699562072754
2020-01-31,21.07416025255716,21.07416025255716,20.2692787654383,20.367435455322266,58100,0.0,0,-0.029012766482906183,0.9496566628606538,21.975237083435058,23.244981400417398,20.705492766452718,21.412800083809394,21.65819139664105,22.146519929886278,21.427525021572393,15.312387466430664
2020-02-03,20.269280813467446,20.76006244029321,20.122046699856384,20.220203399658203,27000,0.0,0,-0.00722879696793588,0.9427917876555866,21.845670795440675,23.268952283343808,20.422389307537543,21.069255228164273,21.584575363850092,22.195598241280464,21.427525021572393,13.84985637664795
2020-02-04,20.37725387828011,20.53430385300346,20.122047201308824,20.328174591064453,51000,0.0,0,0.00533976781895662,0.9478260769032865,21.717086029052734,23.200248347856384,20.233923710249083,21.069255228164273,21.584575363850092,22.32565514459354,21.427525021572393,12.01433277130127
2020-02-05,20.3870689945277,20.84840304448229,20.18093974008276,20.45577812194824,56200,0.0,0,0.006277176059864997,0.9537757480621395,21.613040351867674,23.143346105171506,20.082734598563842,21.029992502352798,21.584575363850092,22.339152329706934,21.427525021572393,12.161568641662598
2020-02-06,20.495037992685525,20.50485384896457,20.13186067127643,20.190753936767575,52200,0.0,0,-0.012955957167735566,0.9414186703226215,21.494271087646485,23.078611283166733,19.909930892126237,20.976006340690873,21.584575363850092,22.29988967300334,21.427525021572393,10.208256721496582
2020-02-07,20.12204504236851,20.23983344686492,19.925731658935547,19.925731658935547,32700,0.0,0,-0.013125922819029578,0.9290616815155733,21.366177082061768,23.021993342868285,19.71036082125525,20.737975574580183,21.486417843389674,22.31485924436842,21.427525021572393,10.384939193725586
2020-02-10,20.05333583010093,20.131860808686152,19.77359047687964,20.043519973754883,36600,0.0,0,0.005911367112409804,0.9345537061850846,21.24986171722412,22.934220480996444,19.565502953451798,20.66190498355223,21.410347252361717,22.373506993996763,21.427525021572393,9.216878890991213
2020-02-11,20.13186199951864,20.387068663062287,19.994443746911784,20.141677856445312,12300,0.0,0,0.004897237751600336,0.9391304378759122,21.13698205947876,22.800328503547323,19.4736356154102,20.4238753647184,21.410347252361717,22.388230619171807,21.427525021572393,11.827836990356444
2020-02-12,20.230016805969303,21.19194822868482,19.876653478366418,20.08278083801269,32400,0.0,0,-0.0029241366509976663,0.9363842921424518,21.02802848815918,22.66741323096522,19.38864374535314,20.482769352782228,21.32691482985708,22.464301088458253,21.48641816831419,10.257335662841797
2020-02-13,20.023888822936165,20.34780460271222,20.023888822936165,20.122045516967773,14000,0.0,0,0.001955141535018967,0.9382150559647588,20.92398271560669,22.51478395988107,19.333181471332313,20.482769352782228,21.23366698542522,22.47534367002569,21.48641816831419,9.953051567077637
2020-02-14,20.131862981128226,20.308544670056595,19.670528916180103,19.778499603271484,20900,0.0,0,-0.0170731108528005,0.922196806310506,20.80619525909424,22.36942554723766,19.242964970950815,20.431238572432463,21.172319105398824,22.47534367002569,21.594391073188383,10.76774787902832
2020-02-18,19.77849889587512,20.023889705680475,19.66561934802665,19.84720802307129,21200,0.0,0,0.003473894439820935,0.9254004206683687,20.68742609024048,22.159487080946008,19.21536509953495,20.428783788355734,21.11097037510357,22.47534367002569,21.594391073188383,9.972681999206545
2020-02-19,19.955179063833643,20.42632893357442,19.817760819871708,20.131860733032227,29900,0.0,0,0.014342204184590868,0.9386727024541007,20.597613048553466,21.970753901919444,19.224472195187488,20.428783788355734,21.11097037510357,22.45080482541349,21.594391073188383,10.14936351776123
2020-02-20,20.08278019838047,20.357618541338404,19.866836989602614,20.09259605407715,38900,0.0,0,-0.0019503750535415643,0.9368419386317938,20.51270761489868,21.785547370054072,19.23986785974329,20.428783788355734,21.11097037510357,22.46062021414122,21.594391073188383,9.540794372558594
2020-02-21,20.15149183007789,20.180937525922733,19.9355467422392,20.08278083801269,14100,0.0,0,-0.000488499148544097,0.9363842921424518,20.424366760253907,21.54889628149668,19.299837239011133,20.428783788355734,21.11097037510357,22.455712124223382,21.594391073188383,10.257335662841797
2020-02-24,19.68034180082765,19.778498497207952,19.562555262917908,19.59200096130371,33600,0.0,0,-0.02443784457280107,0.9135010783506622,20.321302604675292,21.349087576279,19.293517633071584,20.377251745801363,21.0594383325492,22.421358048916417,21.594391073188383,10.14936351776123
2020-02-25,19.670529087151,19.670529087151,18.99815689042025,19.6018180847168,35000,0.0,0,0.0005010781406391551,0.913958813772474,20.230508041381835,21.171049274590146,19.289966808173524,20.095052559552535,20.77723914630037,22.423811195146712,21.73181017873268,8.853700637817383
2020-02-26,19.690157286129317,19.79812983732852,18.708594085215022,19.33679580688477,50600,0.0,0,-0.01352029065297089,0.9016018249654256,20.127443981170654,20.98039695291126,19.274491009430047,19.56746150939472,20.632457743697756,22.382094983894394,21.74162453677242,9.030381202697754
2020-02-27,19.238639677701293,19.405505501647557,18.67914893628833,18.71841049194336,36800,0.0,0,-0.031979719965871345,0.8727688510823127,20.001803970336915,20.90667426713272,19.096933673541113,19.552738934931376,20.347806346380246,22.307005859818908,21.74162453677242,8.981303215026855
2020-02-28,18.47302030033248,18.747858687813007,17.285329651379158,18.100027084350582,60100,0.0,0,-0.03303610677086799,0.8439359661316697,19.85800495147705,20.98696444361993,18.72904545933417,18.85582929247679,19.65089670392566,22.269214984010823,21.74162453677242,9.521163940429688
2020-03-02,18.306152568572347,18.306152568572347,17.569980198210057,18.04113006591797,80600,0.0,0,-0.0032539740497701253,0.8411898203982096,19.741689682006836,21.09623847331467,18.387140890699,18.85582929247679,19.611633978114185,22.239768010901564,21.98210829974847,9.550610542297363
2020-03-03,18.011686341556146,19.12772292351437,17.668138823332455,17.98223876953125,50800,0.0,0,-0.003264279796861058,0.8384439414621585,19.629791450500488,21.16725177450029,18.092331126500685,18.82147409635878,19.55764781645226,22.198051759498828,21.98210829974847,9.796000480651855
2020-03-04,17.766294007035466,18.0126658270612,17.511087354501896,17.56998062133789,65600,0.0,0,-0.022925852196550855,0.8192218995851035,19.49188175201416,21.237193487213645,17.746570016814672,18.733133588650944,19.41777457080199,21.996831486161057,22.026278366250324,10.856088638305664
2020-03-05,17.40311439382797,17.56998020607208,17.049752928980492,17.314773559570312,55400,0.0,0,-0.014525176052706756,0.807322557267397,19.334831523895264,21.26274700666552,17.406916041125008,18.423941383154506,19.299986209602658,21.996831486161057,22.026278366250324,11.062217712402344
2020-03-06,17.363853870705096,17.462010567055223,16.588418028940673,16.892702102661133,67000,0.0,0,-0.02437637751698407,0.7876429578334699,19.16992893218994,21.32970402980181,17.01015383457807,18.1932739331346,18.890183128812744,21.947752588929582,22.026278366250324,10.355491638183594
2020-03-09,15.803168026898105,15.803168026898105,14.954115140351751,15.06699562072754,76400,0.0,0,-0.1080766398909021,0.702517153517097,18.92699213027954,21.70442669440731,16.14955756615177,17.376122488840135,18.073031684518284,21.5453125765843,21.66800823300013,9.796000480651855
2020-03-10,15.214230764481208,15.459621583263162,14.8608683224282,15.312387466430664,49700,0.0,0,0.016286713813438602,0.7139588493454615,18.69043550491333,21.83328126743949,15.547589742387174,17.13318691203788,18.02640827555651,21.535495740225223,21.65819139664105,9.0696439743042
2020-03-11,14.851051287198976,15.106257943154134,13.71243812812718,13.84985637664795,59800,0.0,0,-0.09551293637187674,0.6457665431957901,18.37584443092346,22.08919692043445,14.662491941412474,16.420080525820776,17.452193178406,21.326915296007183,21.584575363850092,10.002129554748535
2020-03-12,12.632717670189187,13.597594055141608,11.4155795848026,12.01433277130127,63900,0.0,0,-0.1325301544961528,0.5601830034576055,17.97242202758789,22.5247980343793,13.420046020796475,15.271651254158485,16.30376390674371,21.326915296007183,21.584575363850092,9.550610542297363
2020-03-13,12.603271903766412,12.603271903766412,11.602076969312243,12.161568641662598,119900,0.0,0,0.012255018498657844,0.5670480565276121,17.57439818382263,22.671096901710907,12.477699465934354,15.271651254158485,16.30376390674371,21.307283933101445,21.584575363850092,9.393559455871582
2020-03-16,11.13092663707107,11.778758187615251,10.06102261858803,10.208256721496582,83300,0.0,0,-0.16061348479952176,0.47597249211991616,17.095886039733887,23.01525892975452,11.176513149713255,14.036844222824614,15.626485423636424,21.280290852270483,21.584575363850092,9.521163940429688
2020-03-17,10.365308415335196,10.649961722683376,9.472085064326537,10.384939193725586,117700,0.0,0,0.01730780064111692,0.4842105291241833,16.6227725982666,23.081043922070435,10.164501274462763,13.521032635199308,15.332016646505679,21.11219670898493,21.486417843389674,9.599687576293944
2020-03-18,10.27696708429537,10.551804521350473,9.187431320666589,9.216878890991213,71000,0.0,0,-0.11247637380872644,0.4297482846482904,16.07702350616455,23.084497829072447,9.069549183256655,13.324720943860907,15.189689774675703,21.036126117956975,21.410347252361717,9.707660675048828
2020-03-19,9.226693895231255,12.29898688671763,9.226693895231255,11.827836990356444,93300,0.0,0,0.28328007021088686,0.5514874088964663,15.663785552978515,22.6498099025806,8.677761203376429,12.495299673782347,15.189689774675703,20.917111308540058,21.410347252361717,10.002129554748535
2020-03-20,11.847467998079928,12.28917220461134,9.83526410651083,10.257335662841797,83700,0.0,0,-0.13278009570093996,0.4782608579653301,15.172513294219971,22.228734156037977,8.116292432401966,12.323526451964876,14.806880127120504,20.904842091319654,21.410347252361717,10.34567642211914
2020-03-23,10.335860630674544,10.443833185918104,9.604596130933247,9.953051567077637,85000,0.0,0,-0.029665022747228487,0.46407323873467954,14.690565824508667,21.790569556752814,7.590562092264518,12.146844631910362,14.806880127120504,20.858218169103722,21.410347252361717,12.191015243530272
2020-03-24,10.424200406513036,11.6413384721869,10.227887966257825,10.76774787902832,130100,0.0,0,0.08185392253422141,0.5020594536682732,14.248862314224244,21.16663679256753,7.3310878358809575,11.392512687904098,14.806880127120504,20.801778838915645,21.358816472011952,11.27816104888916
2020-03-25,10.659776054536136,11.0229543275519,9.805816179700432,9.972681999206545,122600,0.0,0,-0.07383771321116062,0.46498853171336324,13.780656623840333,20.520999738199222,7.040313509481445,10.895351612216501,14.806880127120504,20.769877081729653,21.356361687935223,10.669591903686523
2020-03-26,10.041390967939344,10.296597621583585,9.815631883932856,10.14936351776123,129500,0.0,0,0.01771654992796745,0.47322652425139533,13.352204275131225,19.86575668427281,6.83865186598964,10.74320910369211,14.772524931002497,20.769877081729653,21.356361687935223,10.983692169189451
2020-03-27,9.78618516758053,10.198441778104714,9.501531882798746,9.540794372558594,385400,0.0,0,-0.05996131128199811,0.4448512413238594,12.924242639541626,19.253950095029904,6.59453518405335,10.74320910369211,14.68418442329466,20.769877081729653,21.356361687935223,10.178811073303224
2020-03-30,9.609504074717924,10.78737977458784,9.550609868483187,10.257335662841797,71800,0.0,0,0.07510289628965605,0.47826085796532997,12.535052919387818,18.50136725790251,6.568738580873125,10.74320910369211,14.492780578997554,20.769877081729653,21.356361687935223,9.786185264587402
2020-03-31,10.159179374307149,10.713762163869047,9.913788577208829,10.14936351776123,106000,0.0,0,-0.010526334384445057,0.47322652425139533,12.143409156799317,17.63231456366655,6.654503749932084,10.762840390974443,14.492780578997554,20.718345039175283,21.304829645380853,10.100285530090332
2020-04-01,9.97268210245294,10.014889537819682,8.843884781017374,8.853700637817383,125700,0.0,0,-0.12765952048879292,0.41281465308288406,11.707595157623292,16.76666136773994,6.648528947506644,10.566528492814356,14.321007309172948,20.43614585292645,21.022630459132024,10.640145301818848
2020-04-02,9.00093456896672,9.580057003529474,8.814437037789762,9.030381202697754,72800,0.0,0,0.019955561195022176,0.4210526011546814,11.293375539779664,15.764682506564903,6.822068572994426,10.22788775498833,14.10997126971866,20.099959626546237,20.87784905652941,10.384939193725586
2020-04-03,8.932225802209116,10.041391432666366,8.892963310299935,8.981303215026855,54400,0.0,0,-0.00543476366825324,0.4187642797755024,10.89780559539795,14.653006604710331,7.142604586085568,10.22788775498833,13.971079980652066,19.95027264065581,20.863126482066065,9.609503746032717
2020-04-06,9.315035607439,9.737108131203676,9.315035607439,9.521163940429688,86100,0.0,0,0.060109397542616794,0.4439359483451757,10.620514011383056,13.885371757129823,7.35565626563629,9.918695682670831,13.971079980652066,19.253362998201226,20.16621683961148,9.58005714416504
2020-04-07,9.815633084914069,10.240649615565426,9.4328230576094,9.550610542297363,75700,0.0,0,0.0030927523201902396,0.4453089322794361,10.332425165176392,12.803091541894998,7.861758788457786,9.800908406188801,13.971079980652066,19.233731635295488,20.16621683961148,9.864710807800291
2020-04-08,9.76655384617442,10.072801840232984,9.550609675792742,9.796000480651855,103400,0.0,0,0.025693638879705105,0.456750539175331,10.129732370376587,11.999139436508305,8.26032530424487,9.800908406188801,13.41355143242548,19.189560956405522,20.16621683961148,10.100285530090332
2020-04-09,10.168993697886515,11.081847709061092,9.81563130779872,10.856088638305664,152500,0.0,0,0.10821642564713985,0.5061784499372892,10.071820163726807,11.765831477365056,8.377808850088558,9.948142373425426,13.192208621930922,19.075454079726466,20.16621683961148,10.993507385253906
2020-04-13,10.93461438408198,11.86709923678597,10.556712327451478,11.062217712402344,153600,0.0,0,0.018987416275264568,0.5157894708758167,10.016852617263794,11.490898107947993,8.542807126579595,10.340768137287867,13.138223802422493,18.861963796378582,20.048428478412145,10.47327995300293
2020-04-14,11.366501441906788,12.026111825223708,10.070838356122051,10.355491638183594,122400,0.0,0,-0.06388647309177509,0.482837500723688,10.024214363098144,11.503528391183245,8.544900335013043,10.420274431506735,12.308802532343933,18.54172853097367,19.817761028392233,11.189820289611816
2020-04-15,9.864710542554718,10.424201278084176,9.59968802398289,9.796000480651855,80400,0.0,0,-0.05402844954929398,0.456750539175331,9.994767427444458,11.467548640320052,8.521986214568864,10.420274431506735,12.137029310526462,17.72457708667921,19.000609584097774,11.543184280395508
2020-04-16,9.71747555302712,9.8548947415196,8.794806533410881,9.0696439743042,120900,0.0,0,-0.0741482718158587,0.42288327604451853,9.987405681610108,11.477225438196085,8.497585925024131,10.410459179317295,11.950532238282507,17.579797593797196,18.953986175136,11.935809135437012
2020-04-17,9.413192139958284,10.031577127556824,9.413192139958284,10.002129554748535,114400,0.0,0,0.10281391233065174,0.46636156011385843,9.896120309829712,11.121296267484333,8.670944352175091,10.410459179317295,11.196200294276245,16.936136852113385,18.379771077985488,12.269540786743164
2020-04-20,9.766554732271151,10.208258033873944,9.344483146162217,9.550610542297363,30900,0.0,0,-0.045142287947751325,0.4453089322794361,9.86078405380249,11.082979879762519,8.638588227842462,10.410459179317295,10.699039218588647,15.787707580451098,17.2313418063232,12.887925148010254
2020-04-21,9.334666188512845,9.49171614959162,9.118722023983723,9.393559455871582,42500,0.0,0,-0.016444088650693023,0.4379862327200876,9.832809448242188,11.070959067693082,8.594659828791293,10.410459179317295,10.546896710064257,15.787707580451098,17.2313418063232,12.259723663330078
2020-04-22,9.560426435471165,9.845079758544808,9.501533160954809,9.521163940429688,92000,0.0,0,0.01358425261026519,0.44393594834517563,9.770480251312256,10.936758976215696,8.604201526408815,10.410459179317295,10.546896710064257,14.831664823230518,16.554063323215914,11.818020820617676
2020-04-23,9.609503432692533,10.699038218462704,9.373928495675996,9.599687576293944,53400,0.0,0,0.008247272744755563,0.44759720919238,9.751830530166625,10.916489644618729,8.587171415714522,10.410459179317295,10.546896710064257,14.426524640852493,16.259594546085168,11.925992012023926
2020-04-24,9.530978994220426,9.953051482380875,9.491716502490965,9.707660675048828,85800,0.0,0,0.011247563829214657,0.45263158737254966,9.729745388031006,10.879919480954548,8.579571295107463,10.410459179317295,10.546896710064257,14.257205359268305,16.117267674255192,11.945624351501465
2020-04-27,9.766554588832436,10.296598730189512,9.62913632676056,10.002129554748535,135300,0.0,0,0.030333660142918717,0.4663615601138584,9.752812147140503,10.905431445562833,8.600192848718173,9.746922375936792,10.54198936901111,13.842494724229024,16.117267674255192,12.78976821899414
2020-04-28,10.21807308969866,10.600883086960105,9.92360393304306,10.34567642211914,108700,0.0,0,0.03434737227608742,0.482379854234346,9.75722918510437,10.918286213194392,8.596172157014347,9.746922375936792,10.410459179317295,13.56520328954269,16.033835251750553,12.61308765411377
2020-04-29,10.787379542116266,13.604465865695516,10.512542103157507,12.191015243530272,117800,0.0,0,0.1783681168942981,0.5684210404618723,9.859311771392822,11.43171598062196,8.286907562163684,11.361593944839619,11.199636199553199,13.476862379515433,15.940587407318695,13.30018138885498
2020-04-30,11.837652714667684,12.760321719422535,10.84627364872748,11.27816104888916,70300,0.0,0,-0.07487925955351094,0.525858093837451,9.980534791946411,11.597816746347316,8.363252837545506,11.361593944839619,11.199636199553199,13.099696407512301,15.930770307642067,14.25229835510254
2020-05-01,10.924798561114338,11.052401889828246,10.267151140253528,10.669591903686523,70400,0.0,0,-0.05395996231695743,0.49748281090991503,10.06249532699585,11.644235236154053,8.480755417837646,11.361593944839619,11.199636199553199,12.851115869668503,15.871876361423539,13.99709129333496
2020-05-04,10.424201425735228,11.2811062707266,10.424201425735228,10.983692169189451,34900,0.0,0,0.029438826558530362,0.5121281210961421,10.162614774703979,11.710707337699404,8.614522211708554,11.489197180685757,11.199636199553199,12.757867017347303,15.871876361423539,13.251103401184082
2020-05-05,11.121111856957963,11.199636844254886,10.06102359235784,10.178811073303224,70600,0.0,0,-0.0732796479988772,0.47459955265189047,10.195497131347656,11.715062386122248,8.675931876573063,11.489197180685757,11.199636199553199,12.713696763493385,15.871876361423539,11.307608604431152
2020-05-06,10.188626022637973,10.257335146375894,9.786185264587402,9.786185264587402,61200,0.0,0,-0.03857285550230838,0.4562928926859889,10.207275867462158,11.710041748312806,8.70450998661151,11.548091184093241,11.199636199553199,12.617994841344832,15.871876361423539,11.837653160095217
2020-05-07,9.953051421035235,10.247519639145429,9.76655388440104,10.100285530090332,26300,0.0,0,0.032096292580883645,0.4709382028722161,10.222490119934083,11.714295696814993,8.730684543053172,11.616801096228038,11.199636199553199,12.627810484985998,15.871876361423539,12.29898738861084
2020-05-08,10.306413662035425,10.78737940826842,10.306413662035425,10.640145301818848,50800,0.0,0,0.0534499515008946,0.49610982697565453,10.211692953109742,11.687874912632184,8.7355109935873,11.685509875048279,11.199636199553199,12.443767900993652,15.700103091598933,13.03515911102295
2020-05-11,10.679408358314795,10.767749201300727,10.100285886377408,10.384939193725586,66000,0.0,0,-0.02398520892845668,0.48421052912418294,10.177829027175903,11.604111658729256,8.751546395622551,11.685509875048279,11.199636199553199,12.168929512353495,15.685379219985126,12.397143363952637
2020-05-12,10.139547839649037,10.139547839649037,9.609503746032717,9.609503746032717,43800,0.0,0,-0.07466923332217246,0.44805490014795674,10.14052963256836,11.585375730149089,8.69568353498763,11.184912732727625,11.199636199553199,12.099483867820197,15.415450397130964,12.348064422607422
2020-05-13,9.570241287413394,9.7469229645765,9.040197192015702,9.58005714416504,41000,0.0,0,-0.0030643207647255144,0.44668191621369635,10.129732465744018,11.58802685546276,8.671438076025277,10.16065173137115,11.199636199553199,11.944887831661449,15.415450397130964,12.406959533691406
2020-05-14,9.589873361073822,10.26715158881554,9.202155429647352,9.864710807800291,88600,0.0,0,0.029713148820685875,0.4599542424656631,10.169485807418823,11.55050538152808,8.788466233309567,10.16065173137115,11.199636199553199,11.885994193420434,15.376187671319485,12.426589965820312
2020-05-15,9.874526438060302,10.247519639145429,9.44754602405391,10.100285530090332,30100,0.0,0,0.023880550264460343,0.4709382028722161,10.174393606185912,11.553677093237098,8.795110119134726,10.119917018135293,11.199636199553199,11.60722991930714,15.322201509657564,12.348064422607422
2020-05-18,10.69903824520151,11.4106719223205,10.69903824520151,10.993507385253906,131700,0.0,0,0.0884353073487405,0.512585767585484,10.246538448333741,11.638788787185254,8.854288109482228,10.2254345571681,11.199636199553199,11.570175497678175,15.18232826400729,11.55299949645996
2020-05-19,10.905167371147984,10.905167371147984,10.306414125605787,10.47327995300293,52800,0.0,0,-0.04732133376730896,0.48832952539319907,10.300524473190308,11.638381973247075,8.96266697313354,10.2254345571681,11.199636199553199,11.73949596985518,15.18232826400729,12.083043098449709
2020-05-20,10.679407903984272,11.346871190511925,10.679407903984272,11.189820289611816,32700,0.0,0,0.0684160396575133,0.5217390975684348,10.383957290649414,11.725152361608723,9.042762219690106,10.2254345571681,11.199636199553199,11.364538481925333,15.00319263323729,11.366501808166504
2020-05-21,11.219268476167873,12.37751249827906,11.072033424006058,11.543184280395508,59000,0.0,0,0.031579058612026145,0.538215127110734,10.481132125854492,11.862421414630797,9.099842837078187,10.708854845147382,11.199636199553199,11.2786518710166,15.00319263323729,11.494104385375977
2020-05-22,11.710050034136124,11.935809135437012,11.474474139445697,11.935809135437012,21300,0.0,0,0.03401356553826518,0.5565217426104008,10.592539548873901,12.063817500710869,9.121261597036934,10.708854845147382,11.32233152885561,11.180495708799901,14.99337738104785,12.083043098449709
2020-05-26,12.27935664403456,12.819216625869592,12.132121592938638,12.269540786743164,53400,0.0,0,0.027960538537376012,0.5720823902415465,10.705910110473633,12.321715979296854,9.090104241650412,10.929706908942647,11.32233152885561,10.803329736796769,14.99337738104785,11.32723903656006
2020-05-27,12.68179683505306,13.064606826571172,12.377511825986105,12.887925148010254,57800,0.0,0,0.05039995970633515,0.6009153196584244,10.833022546768188,12.699011674866075,8.967033418670301,11.133381128109262,11.32233152885561,10.55474919895297,14.99337738104785,11.189820289611816
2020-05-28,13.123499357841451,13.77133089470209,12.12230541980908,12.259723663330078,53700,0.0,0,-0.04874341505445212,0.571624654819735,10.836457967758179,12.712771640733653,8.960144294782705,11.609438459378,11.405764043358896,10.478677944690777,14.99337738104785,11.543184280395508
2020-05-29,12.2008308033452,12.2008308033452,11.778758330293694,11.818020820617676,39900,0.0,0,-0.03602877640982849,0.5510297179408894,10.863450956344604,12.77994821044322,8.946953702245988,12.038872510153938,11.405764043358896,10.478677944690777,14.99337738104785,11.307608604431152
2020-06-01,11.975070357211216,12.348064470106404,11.798389625065182,11.925992012023926,45500,0.0,0,0.00913614834878973,0.5560640071885892,10.926270961761475,12.895452404562281,8.957089518960668,12.038872510153938,11.405764043358896,10.478677944690777,14.99337738104785,11.101480484008787
2020-06-02,12.132120949691544,12.318618483973248,11.925992637959553,11.945624351501465,27000,0.0,0,0.001646180834076194,0.5569793890997426,10.974367570877074,12.993710476797771,8.955024664956378,12.22536939934318,11.405764043358896,10.478677944690777,14.99337738104785,10.414384841918944
2020-06-03,12.32843418951756,13.064606588659911,12.17138329138357,12.78976821899414,25600,0.0,0,0.07066552928952374,0.5963386324338316,11.104915428161622,13.23733481578598,8.972496040537264,12.421682159354074,11.405764043358896,10.144455872473952,14.99337738104785,10.689223289489746
2020-06-04,12.613087654113768,12.878109234701206,12.446221833113976,12.61308765411377,45800,0.0,0,-0.013814211630354789,0.5881006843620342,11.24626054763794,13.385116131791202,9.107404963484678,12.622902517073893,11.405764043358896,10.078690777627044,14.610567733492651,10.679408073425291
2020-06-05,13.251103042221027,13.948012943366686,13.15294634895312,13.30018138885498,79300,0.0,0,0.054474665806125255,0.6201372726030095,11.406255340576172,13.655392175363106,9.157118505789237,12.863385636830191,11.494105067691194,11.280615072196408,14.610567733492651,10.551804542541504
2020-06-08,13.604465845795636,14.262113275839416,13.408153389683678,14.25229835510254,60200,0.0,0,0.0715867655042206,0.6645308941172682,11.586862993240356,14.125714795822946,9.048011190657766,13.020435803066555,11.65115523392756,11.280615072196408,14.610567733492651,10.757932662963867
2020-06-09,13.928381233594417,14.5271353777064,13.437599639321167,13.99709129333496,39800,0.0,0,-0.01790637940695461,0.6526315517995616,11.767470598220825,14.450069288679803,9.084871907761848,13.152946854000048,11.783666284861052,11.280615072196408,14.610567733492651,10.6990385055542
2020-06-10,13.99709166917199,13.99709166917199,13.251103401184082,13.251103401184082,43500,0.0,0,-0.05329592245398129,0.6178489512238307,11.949550580978393,14.511925256245481,9.387175905711304,13.152946854000048,11.783666284861052,11.344416690119477,14.576212537374643,10.630329132080078
2020-06-11,12.505115044093689,12.505115044093689,11.297792747690078,11.307608604431152,66700,0.0,0,-0.1466666388384883,0.5272311222379463,12.0359281539917,14.37766265021394,9.694193657769459,12.91246406269824,11.783666284861052,11.344416690119477,14.487872029666807,10.355491638183594
2020-06-12,11.94562478017549,12.053596400255762,11.43521144286876,11.837653160095217,38500,0.0,0,0.04687503558058714,0.551945099852043,12.134575271606446,14.255697484506072,10.01345305870682,12.91246406269824,11.783666284861052,11.373863691823221,14.2964681853697,11.77875804901123
2020-06-15,11.533368307734952,12.538489250965435,11.30760920720542,12.29898738861084,35600,0.0,0,0.038971764274255305,0.5734553741758072,12.24451036453247,14.146883893480906,10.342136835584034,12.91246406269824,11.783666284861052,11.408218647890617,14.2964681853697,11.523551940917969
2020-06-16,12.878109147868347,13.349259973423772,12.554193364839078,13.03515911102295,41400,0.0,0,0.05985628728214021,0.6077802837959615,12.346592950820924,14.186932824411512,10.506253077230335,12.91246406269824,11.783666284861052,11.44257303730074,14.2964681853697,11.376317977905272
2020-06-17,13.084237418708591,13.103869132088976,12.210645831205456,12.397143363952637,23300,0.0,0,-0.04894575828620196,0.5780320169341652,12.442786121368409,14.067718728969352,10.817853513767465,12.91246406269824,11.783666284861052,11.44257303730074,14.100156017529219,11.268345832824709
2020-06-18,12.456036032730864,12.848661856627292,12.191014467485475,12.348064422607422,33900,0.0,0,-0.0039588911658409165,0.5757436510887513,12.500698328018188,14.020973278731871,10.980423377304506,12.91246406269824,11.783666284861052,11.192274466140411,13.961264728462625,10.630329132080078
2020-06-19,12.505115294795113,12.505115294795113,11.90145413449116,12.406959533691406,78900,0.0,0,0.004769582427522456,0.5784897078897417,12.543887090682983,13.999941962081966,11.087832219284,12.91246406269824,11.864645403676876,10.680143965462175,13.961264728462625,10.708854675292969
2020-06-22,12.151752531846457,12.514930803620526,11.837652607304904,12.426589965820312,27200,0.0,0,0.001582211344818063,0.5794050008684254,12.568426132202148,13.998699278127464,11.138152986276832,12.647442208431034,11.987340700880155,10.680143965462175,13.961264728462625,11.091665267944336
2020-06-23,12.632717700288836,12.896758241567364,12.289171157482478,12.348064422607422,23400,0.0,0,-0.006319154605477273,0.5757436510887511,12.572352313995362,13.999718781382176,11.144985846608547,12.323526360556926,12.416774751656094,10.659776608844247,13.40373618023604,11.602076530456545
2020-06-24,12.092858516144414,12.092858516144414,11.415580309288636,11.55299949645996,32500,0.0,0,-0.06438781811761685,0.5386727736000759,12.505606031417846,13.991982656018545,11.019229406817148,12.328434590314597,12.416774751656094,10.712535378360649,13.182393369741481,11.435211181640623
2020-06-25,11.445026472922285,12.225369272084402,11.072032354019694,12.083043098449709,26700,0.0,0,0.045879306248750806,0.5633867067479378,12.496772003173827,13.991054015029935,11.00248999131772,12.210646163721734,12.603271640845335,10.712535378360649,13.128408550233052,11.572630882263184
2020-06-26,11.84746755264928,12.49529911641655,11.238898479531796,11.366501808166504,81100,0.0,0,-0.059301393237200295,0.5299770901064671,12.47419605255127,14.022087394422929,10.92630471067961,12.210646163721734,12.799583865863047,10.712535378360649,12.298987280154492,11.523551940917969
2020-06-29,11.660970193751645,11.660970193751645,11.24184268882206,11.494104385375977,55400,0.0,0,0.011226196006742795,0.5359267167990854,12.452601671218872,14.042424769847125,10.862778572590619,12.087950743054336,12.799583865863047,10.954245522350291,12.127214058337021,11.97507095336914
2020-06-30,11.26834480183906,12.112489731599716,11.26834480183906,12.083043098449709,28600,0.0,0,0.05123832995836053,0.5633867067479378,12.459472608566283,14.041557422417972,10.877387794714595,11.98439529779353,12.799583865863047,11.015593187001496,11.950532238282507,11.768943786621094
2020-07-01,11.886729748465005,12.04378064326033,11.297792403326008,11.32723903656006,42000,0.0,0,-0.06255080410882752,0.5281464152166301,12.38634614944458,14.035135934135795,10.737556364753367,11.98439529779353,12.799583865863047,11.126019218899128,11.199636199553199,12.51492977142334
2020-07-02,11.660971120128874,11.77875859373523,11.14074287767789,11.189820289611816,41000,0.0,0,-0.012131707162240324,0.521739097568435,12.315182781219482,14.040611315631175,10.58975424680779,11.98439529779353,12.799583865863047,11.227856328482435,11.199636199553199,12.387328147888184
2020-07-06,11.425396800321064,11.631525124474258,11.287977605521707,11.543184280395508,27700,0.0,0,0.031579058612026145,0.5382151271107342,12.227332925796508,13.92150758775388,10.533158263839137,11.98439529779353,12.799583865863047,11.507601251368449,11.283068714056485,12.53456211090088
2020-07-07,11.356686015953288,11.454842711180795,11.16037356158989,11.307608604431152,31300,0.0,0,-0.020408205417325576,0.5272311222379463,12.08009843826294,13.537672540520521,10.622524336005359,11.783665735218122,12.799583865863047,11.722318276756418,11.283068714056485,12.524746894836426
2020-07-08,11.189820387920951,11.297792941744104,10.84627382090706,11.101480484008787,24500,0.0,0,-0.018229152390505377,0.5176201457656536,11.935317897796631,13.15612741813622,10.714508377457042,11.670786468661806,12.68670459930673,11.722318276756418,11.283068714056485,12.475668907165527
2020-07-09,11.042585604407073,11.160373071856425,10.208256539859685,10.414384841918944,69400,0.0,0,-0.06189225329716841,0.4855834685922086,11.793481969833374,13.029074362368052,10.557889577298697,11.351777828138118,12.367695958783042,11.815566721351038,11.283068714056485,12.701427459716797
2020-07-10,10.247519112827352,10.744190587530724,10.247519112827352,10.689223289489746,44700,0.0,0,0.02639027189244536,0.49839814835483365,11.762562704086303,13.074674930882972,10.450450477289634,11.1603731357297,12.367695958783042,11.913723101356485,11.283068714056485,12.406959533691406
2020-07-13,10.826642183746369,11.729680431814469,10.561620597950103,10.679408073425291,30100,0.0,0,-0.0009182347303106075,0.4979405018654917,11.704650449752808,13.098978169269023,10.310322730236594,11.1603731357297,12.367695958783042,12.014333280216395,11.283068714056485,12.249908447265623
2020-07-14,10.748116997975114,10.826641980148558,10.512542051454782,10.551804542541504,28200,0.0,0,-0.01194855838511466,0.49199083070663857,11.61729130744934,13.070077977912177,10.164504636986504,11.126018591560008,12.367695958783042,12.178745352260693,11.371409738388785,12.51492977142334
2020-07-15,10.767748519583444,11.042585952290354,10.581250988177906,10.757932662963867,56600,0.0,0,0.019534869091947238,0.5016018071789311,11.503429985046386,12.845446658121462,10.16141331197131,10.993507566797458,12.367695958783042,12.335795518497058,11.528459904625148,12.024149894714355
2020-07-16,10.80701105665274,10.865904324441386,10.630329381103577,10.6990385055542,55000,0.0,0,-0.005474486525875122,0.4988557948441754,11.418524742126465,12.738066249850714,10.098983234402215,10.968968485837078,12.102674104515838,12.468306569430549,11.660970955558641,11.935809135437012
2020-07-17,10.59106664244353,10.944429049172465,10.59106664244353,10.630329132080078,45200,0.0,0,-0.006422013850913011,0.4956521360200779,11.332637977600097,12.62192875359639,10.043347201603805,10.968968485837078,11.778758256641728,12.468306569430549,11.660970955558641,12.446221351623535
2020-07-20,10.5027257393531,10.600882430860498,10.345675781814538,10.355491638183594,43600,0.0,0,-0.025854090732438717,0.48283750072368775,11.230064582824706,12.486813537273449,9.973315628375964,10.968968485837078,11.778758256641728,12.348065173779645,11.660970955558641,12.662165641784668
2020-07-21,10.532172372833582,12.024148841698963,10.532172372833582,11.77875804901123,112500,0.0,0,0.13744073778010257,0.5491990430510522,11.197672986984253,12.358094460427958,10.037251513540548,11.116202690779325,11.778758256641728,12.348065173779645,11.660970955558641,12.465852737426758
2020-07-22,11.84746772758442,11.857283584414706,11.34687119843094,11.523551940917969,45600,0.0,0,-0.02166663981307304,0.5372997451995806,11.15644736289978,12.20220051636156,10.110694209438,11.135833977263157,11.778758256641728,12.348065173779645,11.660970955558641,12.662165641784668
2020-07-23,11.503921310051368,11.670787133927671,11.356686263994348,11.376317977905272,28400,0.0,0,-0.012776786512316285,0.5304347810620436,11.147613286972046,12.182631894953639,10.112594678990453,11.18491231175675,11.65606283597433,12.348065173779645,11.660970955558641,12.583640098571776
2020-07-24,11.376318391072887,11.484290013229392,11.248715054292466,11.268345832824709,19500,0.0,0,-0.009490957029353653,0.5254004473481091,11.106878423690796,12.050583402044502,10.16317344533709,11.18491231175675,11.552507390713524,12.348065173779645,11.660970955558641,12.269540786743164
2020-07-27,11.180004923083343,11.180004923083343,10.267150868919106,10.630329132080078,49100,0.0,0,-0.05662026265524145,0.4956521360200778,11.070069789886475,12.027873991038259,10.11226558873469,11.145649855309035,11.552507390713524,12.348065173779645,11.660970955558641,12.18120002746582
2020-07-28,10.64996140578256,10.93461470466058,10.64014554883361,10.708854675292969,41000,0.0,0,0.007386934330745998,0.4993134857997521,11.030807304382325,11.980113057547085,10.081501551217565,11.145649855309035,11.552507390713524,12.388554733187558,11.660970955558641,12.29898738861084
2020-07-29,10.807011953758751,11.140743619236682,10.807011953758751,11.091665267944336,29300,0.0,0,0.035747108748666934,0.5171624992763117,10.981238412857056,11.798630697829763,10.16384612788435,11.145649855309035,11.552507390713524,12.317391454655596,11.660970955558641,12.426589965820312
2020-07-30,10.9444291225655,11.60207653045654,10.914982489163515,11.602076530456545,93100,0.0,0,0.04601755013174902,0.54096105051302,10.99498028755188,11.84415225123758,10.145808323866179,11.145649855309035,11.351777828138118,12.370150556106509,11.660970955558641,12.819215774536133
2020-07-31,11.415580403934324,11.494105386942802,11.287977072522636,11.435211181640623,51600,0.0,0,-0.014382369257596617,0.5331807489305643,11.00724983215332,11.874425475568287,10.140074188738353,11.145649855309035,11.351777828138118,12.372604670985346,11.660970955558641,12.544377326965332
2020-08-03,11.46465925986961,11.739496712566138,11.386134273384886,11.572630882263184,35000,0.0,0,0.012017242046495014,0.5395881110449944,11.008722162246704,11.879665234447868,10.13777909004554,11.062217226666906,11.351777828138118,12.406958902283534,11.660970955558641,11.788573265075684
2020-08-04,11.494105306518737,11.562814432147489,11.415580324059697,11.523551940917969,25900,0.0,0,-0.004240949343717104,0.5372997451995806,11.019519329071045,11.91036076324652,10.12867789489557,11.003323790742623,11.1603731357297,12.505115014792391,11.660970955558641,11.729680061340332
2020-08-05,11.62170853539397,11.975070953369142,11.435211001616135,11.97507095336914,33300,0.0,0,0.03918227771837546,0.5583523730340029,11.063198852539063,12.047647947774248,10.078749757303878,11.121110911144125,11.1603731357297,12.443767304458692,11.660970955558641,11.611892700195312
2020-08-06,11.925993765437354,11.975072117840364,11.749313007314916,11.768943786621094,13600,0.0,0,-0.017213022582555415,0.5487414410279452,11.13092679977417,12.113872860645259,10.14798073890308,11.121111493379736,11.126018591560008,12.391989581828287,11.783666284861052,11.690417289733888
2020-08-07,11.71691922500459,12.514929771423338,11.700232457268983,12.51492977142334,29200,0.0,0,0.06338597569395144,0.5835239526712064,11.22221212387085,12.353726663595324,10.090697584146376,11.577537660128474,11.361593155641511,12.391989581828287,11.783666284861052,11.346871376037598
2020-08-10,12.485484847683162,12.740690582185112,12.087951055995994,12.387328147888184,26900,0.0,0,-0.01019595202415935,0.577574370444823,11.307608127593994,12.51828349058588,10.096932764602109,11.773851267971931,11.474473561022398,12.391989581828287,11.783666284861052,11.356685638427734
2020-08-11,12.51493039820718,12.986080269756902,12.338248728330244,12.53456211090088,32900,0.0,0,0.011885853127883594,0.58443933458236,11.406746006011963,12.677522123778324,10.1359698882456,11.950531379460209,11.597168404808293,12.391989581828287,11.783666284861052,11.27816104888916
2020-08-12,12.691612716896923,12.72105935135124,12.240093598867034,12.524746894836426,37900,0.0,0,-0.0007830521702804072,0.583981688093018,11.495086717605592,12.818310934499104,10.171862500712079,12.13702867113977,11.597168404808293,12.291624800540585,11.783666284861052,11.621707916259766
2020-08-13,12.436406414728086,12.55419389204041,12.259724730713772,12.475668907165527,33200,0.0,0,-0.003918481393913931,0.5816933667138391,11.583918237686158,12.920069493663956,10.24776698170836,12.186107271570894,11.597168404808293,12.178745533984268,11.783666284861052,10.807010650634766
2020-08-14,12.397143390404525,12.829030788686712,12.338249186229326,12.701427459716797,17100,0.0,0,0.018095907660839128,0.5922196361648153,11.687473154067993,13.033050489185184,10.341895818950801,12.2008302969083,11.616799691292126,11.85973689346058,11.783666284861052,10.54198932647705
2020-08-17,12.544377786454922,12.544377786454922,12.30880283649606,12.406959533691406,16700,0.0,0,-0.023183845040985362,0.5784897078897415,11.790046548843383,13.020484889865987,10.55960820782078,12.210645635686518,11.626615569338004,11.76403454725637,11.783666284861052,10.326045036315918
2020-08-18,12.406959347641433,12.457018719527236,12.073227705491735,12.249908447265623,29500,0.0,0,-0.012658305687167526,0.5711670083303929,11.813604068756103,13.060386417597861,10.566821719914344,12.343156363512943,11.626615569338004,11.76403454725637,11.783666284861052,10.375123023986816
2020-08-19,12.27935484744675,12.613086457792685,11.984885724430248,12.51492977142334,40300,0.0,0,0.02163455549881066,0.5835239526712065,11.863172960281371,13.138699730226483,10.58764619033626,12.343156363512943,11.626615569338004,11.746857275171525,11.783666284861052,10.649961471557615
2020-08-20,12.298987344487871,12.3186190589461,11.896546559010876,12.024149894714355,32100,0.0,0,-0.039215551798751136,0.5606407388794168,11.895564556121826,13.152561240784642,10.63856787145901,12.441313414383888,11.626615569338004,11.68060176279025,11.783666284861052,11.08184814453125
2020-08-21,12.014334121636598,12.141937458233842,11.827837513435504,11.935809135437012,82900,0.0,0,-0.007346944278878054,0.5565217426104007,11.928937721252442,13.152180248753933,10.705695193750952,12.406958891596204,11.626615569338004,11.535821295176458,11.783666284861052,10.856088638305664
2020-08-24,12.05359552018706,12.495298761472952,12.03396474346561,12.446221351623535,16600,0.0,0,0.04276310138632544,0.5803203383133437,12.019732332229614,13.104222921302489,10.93524174315674,12.328434151061108,11.626615569338004,11.373863371239402,11.783666284861052,10.954245567321776
2020-08-25,12.544378163267098,12.711243991856572,12.328434920697386,12.662165641784668,16100,0.0,0,0.017350188789062804,0.590389005741213,12.117397880554199,13.052038573999553,11.182757187108844,12.328434151061108,11.626615569338004,11.373863371239402,11.783666284861052,11.189820289611816
2020-08-26,12.53456279953798,12.544377720332468,12.348065263068197,12.465852737426758,28100,0.0,0,-0.015503896403794126,0.5812356757582622,12.18610725402832,13.002369164208176,11.369845343848464,12.328434151061108,11.626615569338004,11.447480473710527,11.783666284861052,11.59226131439209
2020-08-27,12.573825734965242,12.740690627463048,12.416774827516813,12.662165641784668,29700,0.0,0,0.01574805257954881,0.5903890057412129,12.239111709594727,13.033957558890862,11.444265860298593,12.284264070449275,11.626615569338004,11.457296116952442,11.783666284861052,12.475668907165527
2020-08-28,12.760321776565856,12.760321776565856,12.43640599097113,12.583640098571776,22100,0.0,0,-0.006201588688254156,0.5867276559615385,12.296533155441285,13.011921393118344,11.581144917764226,12.29407964500068,11.626615569338004,11.42048757386554,11.783666284861052,12.593456268310549
2020-08-31,12.514931602478027,12.514931602478027,11.572630832612486,12.269540786743164,56600,0.0,0,-0.024960926200063627,0.5720823902415463,12.331378650665282,12.964674300223805,11.69808300110676,12.166476304589171,11.626615569338004,11.368709851235138,11.783666284861052,12.995896339416504
2020-09-01,12.132121676761424,12.33825000084655,12.102675040775456,12.18120002746582,18700,0.0,0,-0.007200005347616001,0.5679633939725302,12.364261054992676,12.8832075960414,11.845314513943952,12.166476304589171,11.813112909295256,11.34907862301128,11.783666284861052,13.13404655456543
2020-09-02,12.112490781046947,12.377512374542126,11.992740317915487,12.29898738861084,26400,0.0,0,0.009669602410225187,0.5734553741758066,12.38045687675476,12.868801880123302,11.892111873386218,12.166476304589171,11.896546111757827,11.34907862301128,11.864645403676876,12.986027717590332
2020-09-03,12.269540003549537,12.622902418658782,12.122305897943589,12.426589965820312,24200,0.0,0,0.010375047406556037,0.579405000868425,12.413339185714722,12.811999969516664,12.01467840191278,12.166476304589171,11.950531379460209,11.34907862301128,11.987340700880155,13.222856521606444
2020-09-04,12.554193261818815,12.858478265002594,12.259724115274556,12.819215774536133,95400,0.0,0,0.0315956195380831,0.5977116608343264,12.428553485870362,12.86354257106046,11.993564400680263,12.215554548807539,12.13702867113977,11.248713841723577,12.367695958783042,12.916954040527344
2020-09-08,12.642534020565284,12.779953204386896,12.465852346522013,12.544377326965332,49000,0.0,0,-0.021439567942739157,0.5848969810717014,12.43640594482422,12.873824437216664,11.998987452431775,12.215554548807539,12.186107271570894,11.248713841723577,12.367695958783042,12.541977882385254
2020-09-09,12.416773061136537,12.465851404226672,11.77875740923935,11.788573265075684,118400,0.0,0,-0.06025042472733788,0.5496566895403937,12.399106502532959,12.917389562970213,11.880823442095705,12.215554548807539,12.2008302969083,11.206997527402512,12.367695958783042,12.72946548461914
2020-09-10,11.827836755848598,11.9358083709344,11.30760852157466,11.729680061340332,79500,0.0,0,-0.00499578722641747,0.5469107216718729,12.359353160858154,12.95065906936836,11.768047252347948,12.083043393288627,12.14684439566578,11.081848463236161,12.367695958783042,13.143913269042969
2020-09-11,11.74931188659756,11.81409504348446,11.415580245400404,11.611892700195312,42000,0.0,0,-0.01004182215789784,0.5414187414685965,12.316164350509643,12.988717019637553,11.643611681381733,12.083043393288627,12.14684439566578,11.140742023436912,12.367695958783042,13.055103302001951
2020-09-14,11.60207645401836,11.867098961164936,11.562813964377192,11.690417289733888,27200,0.0,0,0.006762428104184481,0.5450800467820359,12.265613842010499,12.966436540105606,11.564791143915391,12.083043393288627,12.14684439566578,11.123565042469872,12.367695958783042,13.361005783081056
2020-09-15,11.710049659618209,11.710049659618209,11.346871376037598,11.346871376037598,22900,0.0,0,-0.029386967563423183,0.529061797127783,12.212609434127808,13.016610521264173,11.408608346991443,12.083043393288627,12.14684439566578,11.469565407884993,12.367695958783042,13.400476455688477
2020-09-16,11.513735596697709,11.56281394267997,11.346870718104554,11.356685638427734,31600,0.0,0,0.0008649311395969583,0.52951939915089,12.167948293685914,13.054625109141245,11.281271478230583,12.083043393288627,12.14684439566578,11.624162414497164,12.367695958783042,13.795188903808594
2020-09-17,11.30760861915072,11.464658582845876,11.22908270121152,11.27816104888916,21600,0.0,0,-0.006914393163518606,0.5258580938374505,12.106109857559204,13.05819559088412,11.154024124234288,12.043780483107057,12.043780483107057,11.773849892134251,12.367695958783042,13.854394912719728
2020-09-18,11.425395472287454,11.7591261589946,10.875719693073403,11.621707916259766,202200,0.0,0,0.030461248591980628,0.5418763879579381,12.085987758636474,13.061136219543268,11.11083929772968,11.82783644873015,11.867098979037998,11.867098537974032,12.367695958783042,13.834659576416016
2020-09-21,11.474472965015426,11.474472965015426,10.640144838016706,10.807010650634766,62200,0.0,0,-0.07010133721268008,0.5038901285581097,12.029547834396363,13.153919239947008,10.905176428845717,11.55299812112169,11.74931155150965,11.891637838189594,12.367695958783042,13.114310264587402
2020-09-22,10.9051676251257,11.091665171191458,10.473280196922133,10.54198932647705,181000,0.0,0,-0.024523092715019068,0.49153318421729625,11.934336233139039,13.214906653798732,10.653765812479346,11.204544283928266,11.665879230962364,11.908814994100213,12.367695958783042,12.601184844970703
2020-09-23,11.130926539174729,11.130926539174729,10.257334977616846,10.326045036315918,40200,0.0,0,-0.020484206867746657,0.4814645167894269,11.817530202865601,13.231943507385942,10.40311689834526,11.062216969390892,11.55790662130972,11.91863060251226,12.367695958783042,12.739333152770996
2020-09-24,10.36530810313308,10.64505347343484,10.30150596907977,10.375123023986816,38100,0.0,0,0.00475283494293266,0.4837528381686059,11.712993717193603,13.226946568139375,10.199040866247831,11.062216969390892,11.55790662130972,11.984885966425473,12.367695958783042,12.541977882385254
2020-09-25,10.41438558378612,10.89535228024704,10.41438558378612,10.649961471557615,46500,0.0,0,0.026490138664899243,0.4965675179312309,11.612383508682251,13.128115673948876,10.096651343415626,11.008230568305724,11.55790662130972,11.984885966425473,12.367695958783042,13.005764961242676
2020-09-28,10.79719486286307,11.214359397055642,10.79719486286307,11.08184814453125,24600,0.0,0,0.040552885954287854,0.5167047638544999,11.537293910980225,13.000447981079148,10.074139840881301,11.008230568305724,11.55790662130972,12.033964491860946,12.367695958783042,13.173516273498535
2020-09-29,11.05240107724333,11.05240107724333,10.61658680753763,10.856088638305664,9500,0.0,0,-0.02037200864704103,0.5061784499372888,11.46662130355835,12.917840005005415,10.015402602111285,11.008230568305724,11.55790662130972,12.016787230467104,12.102674104515838,12.453167915344238
2020-09-30,11.121111392379934,11.155465955875734,10.865904726280208,10.954245567321776,29500,0.0,0,0.009041647713686318,0.5107551371618816,11.405273580551148,12.833788465631757,9.976758695470538,11.008230568305724,11.55790662130972,11.977524860199555,11.778758256641728,13.479418754577637
2020-10-01,11.04258618162678,11.302700770898085,10.944429485575666,11.189820289611816,27600,0.0,0,0.021505335154508254,0.5217390975684347,11.349815225601196,12.719526720695924,9.980103730506467,10.865903971316136,11.55790662130972,11.977524860199555,11.778758256641728,13.824792861938477
2020-10-02,11.072032166373027,11.837652104030358,11.072032166373027,11.59226131439209,53800,0.0,0,0.035964922971451374,0.540503404023678,11.308098793029785,12.591270531489743,10.024927054569828,11.047493540823602,11.55790662130972,11.977524860199555,11.778758256641728,15.670071601867676
2020-10-05,11.822929385335785,12.534563113867518,11.778758964332203,12.475668907165527,37600,0.0,0,0.07620666656959019,0.581693366713839,11.290921449661255,12.498924247709619,10.082918651612891,11.395949045742181,11.55790662130972,11.95543981989364,11.778758256641728,15.842758178710938
2020-10-06,12.593456268310549,13.084237887297212,12.456037078001286,12.593456268310549,18800,0.0,0,0.009441366392576311,0.5871853469171155,11.293375396728516,12.511821182015824,10.074929611441208,11.692871928188492,11.670786432457028,11.960347607169343,11.65606283597433,15.699674606323242
2020-10-07,12.55419309356569,13.064606398880656,12.55419309356569,12.995896339416504,34100,0.0,0,0.031956284480745056,0.6059496089061238,11.353741550445557,12.770200180417902,9.937282920473212,11.749311735541665,11.670786432457028,11.896545936963587,11.597168404808293,15.087870597839355
2020-10-08,13.18338481801718,13.222855993418817,12.601185216109856,13.13404655456543,32800,0.07,0,0.010630295251733868,0.6123910321564686,11.423959875106812,13.036001433482173,9.81191831673145,11.919721400478224,11.74009548551783,11.989794606942214,11.597168404808293,15.56152629852295
2020-10-09,13.074838089143912,13.084706117331413,12.907085374224256,12.986027717590332,7800,0.0,0,-0.011269857797454375,0.605489472307629,11.492666625976563,13.243609614904292,9.741723637048834,11.919721400478224,11.74009548551783,12.031511208173498,11.597168404808293,15.837822914123535
2020-10-12,12.847880810846036,13.222856521606449,12.463036129507184,13.222856521606444,23500,0.0,0,0.01823720148812802,0.6165319058130435,11.56928858757019,13.477014880859668,9.661562294280712,12.04438062394333,11.740095749611648,12.05850384202469,11.597168404808293,15.808220863342283
2020-10-13,13.06497070638423,13.188318241620635,12.78867249095344,12.916954040527344,20600,0.0,0,-0.02313437195504986,0.6022688273818088,11.647792720794678,13.64070840154347,9.654877040045886,12.083643003591057,11.740095749611648,12.176291609973655,11.597168404808293,15.81808853149414
2020-10-14,12.828144137030169,12.926822545280295,12.541977882385254,12.541977882385254,14300,0.0,0,-0.029029766380339384,0.5847851040247539,11.707057332992553,13.73240662973504,9.681708036250066,12.147444343989738,11.740095749611648,12.200830910189216,11.597168404808293,15.788485527038574
2020-10-15,12.147265898524967,12.72946548461914,12.107794724195417,12.72946548461914,11400,0.0,0,0.01494880663895981,0.593526943470164,11.779622554779053,13.842364798906901,9.716880310651204,12.500807742969325,11.740095749611648,12.20819242285792,11.597168404808293,15.867427825927734
2020-10-16,12.650523120012023,13.203120500996176,12.606117931313875,13.143913269042969,14000,0.0,0,0.03255814511022481,0.6128510798224938,11.855732822418213,14.001139982029313,9.710325662807113,12.665325622900934,11.740095749611648,12.114943894477204,11.597168404808293,15.729277610778809
2020-10-19,12.986028980107887,13.173517769630434,12.986028980107887,13.055103302001951,10300,0.0,0,-0.0067567371469337,0.6087102061659186,11.968137454986572,14.117592080298008,9.818682829675135,12.665325622900934,11.740095749611648,12.114943894477204,11.597168404808293,16.873943328857422
2020-10-20,13.005765199009916,13.439948135096865,13.005765199009916,13.361005783081056,25700,0.0,0,0.023431640026333245,0.6229732845971535,12.109088277816772,14.235316865656209,9.982859689977335,12.77387142964614,11.848641556356856,12.114943894477204,11.597168404808293,16.242403030395508
2020-10-21,13.439947630213611,13.543560051508988,13.301798048842125,13.400476455688477,15500,0.0,0,0.0029541692630206118,0.6248136531261934,12.2628098487854,14.292506990605439,10.233112706965361,12.825677387852203,11.900447514562916,12.114943894477204,11.597168404808293,16.183198928833008
2020-10-22,13.439948314982765,14.110959257165298,13.439948314982765,13.795188903808594,32900,0.0,0,0.029455105527427916,0.6432176052140032,12.43381314277649,14.371782619336592,10.495843666216388,13.109376990680357,12.184147117391072,12.114943894477204,11.597168404808293,15.413509368896484
2020-10-23,13.913602142816396,14.278710728722691,13.637302990454604,13.854394912719728,21600,0.0,0,0.0042917867471019555,0.6459781580075633,12.594034814834595,14.442427111553423,10.745642518115767,13.193252726459054,12.268022853169768,12.043780483107057,11.597168404808293,15.61086368560791
2020-10-26,13.571189053548837,13.834659576416014,13.528757284410863,13.834659576416016,13400,0.0,0,-0.0014244820093581856,0.6450579737430432,12.731675386428833,14.51739548792171,10.945955284935955,13.193252726459054,12.268022853169768,11.847467713884074,11.597168404808293,15.985840797424316
2020-10-27,13.814924321386094,13.814924321386094,13.10444223564461,13.114310264587402,13400,0.0,0,-0.0520684522701661,0.6114708034257135,12.84458646774292,14.4116147050713,11.27755823041454,13.193252726459054,12.268022853169768,11.65115483631567,11.597168404808293,15.689806938171388
2020-10-28,12.867615035817872,12.986028558535171,12.48277038118638,12.601184844970703,18800,0.0,0,-0.03912713739908169,0.5875457012845487,12.926933431625367,14.237518594348348,11.616348268902385,13.380740554954535,12.268022853169768,11.435211757445316,11.616799691292126,16.489097595214844
2020-10-29,12.512374142068856,12.86268068669181,12.354489449220935,12.739333152770996,24300,0.0,0,0.01096312049223136,0.5939870356024238,13.004409074783325,14.048610810551367,11.960207339015284,13.316600088971814,12.290108348901231,11.310061795350306,11.621707623686873,16.321348190307617
2020-10-30,12.611052203520115,13.015631983424957,12.49263867826019,12.541977882385254,29500,0.0,0,-0.015491805420193017,0.5847851040247538,13.051894903182983,13.901175310066174,12.202614496299793,13.316600088971814,12.346548156254405,11.310061795350306,11.621707623686873,16.479230880737305
2020-11-02,12.778804997546136,13.326468378077289,12.778804997546136,13.005764961242676,16700,0.0,0,0.03697878302821711,0.6064097455046186,13.078399705886842,13.885699165652179,12.271100246121504,13.316600088971814,12.447648768130161,11.283068594807721,11.621707623686873,16.370685577392578
2020-11-03,13.252458615573907,13.380740156713127,12.72946442299087,13.173516273498535,26000,0.0,0,0.012898227267351015,0.6142313562192736,13.10740270614624,13.883683068853426,12.331122343439056,13.316600088971814,12.447648768130161,11.283068594807721,11.621707623686873,16.410154342651367
2020-11-04,12.995897296548918,12.995897296548918,12.324886356800071,12.453167915344238,13300,0.0,0,-0.054681555265805426,0.5806442303681788,13.080266284942628,13.907104379592983,12.253428190292272,13.301798542761382,12.57230772750145,11.283068594807721,11.621707623686873,16.42989158630371
2020-11-05,12.374224930919576,13.760650989656051,12.374224930919576,13.479418754577637,259100,0.0,0,0.08240881727523308,0.6284944346505084,13.097534894943237,13.942569765513909,12.252500024372566,13.079772966608044,12.611570107149179,11.283068594807721,11.621707623686873,16.390422821044922
2020-11-06,13.479419364695886,14.12082715370826,13.321534660036557,13.824792861938477,48300,0.0,0,0.025622329393361287,0.644597926077018,13.139473152160644,14.040248653181514,12.238697651139773,13.222856755254167,12.67537144754786,11.211905296312928,11.621707623686873,16.676586151123047
2020-11-09,14.308314646701804,17.041696586094265,14.308314646701804,15.670071601867676,106300,0.0,0,0.13347604975764238,0.7306363109317472,13.261833906173706,14.691607811196931,11.83206000115048,14.683291471447168,14.410227775213233,11.30270008106666,11.621707623686873,16.568044662475586
2020-11-10,15.975973746421394,16.291743144490297,15.443111475579563,15.842758178710938,41800,0.0,0,0.011020152379053627,0.7386880344118847,13.408124113082886,15.21933437747862,11.596913848687151,14.683291471447168,14.574745655144842,11.47692783352595,11.621707623686873,16.706192016601562
2020-11-11,16.133858470406476,16.163460675187416,15.433244411557338,15.699674606323242,28400,0.0,0,-0.009031481183621626,0.7320165873285273,13.566008949279786,15.588318087659202,11.54369981090037,14.683291471447168,14.574745655144842,11.68182918032276,11.670786432457028,16.1042537689209
2020-11-12,15.472715249758732,15.808220698960188,14.860911582830736,15.087870597839355,22200,0.0,0,-0.038969215848427496,0.7034904749322926,13.683929204940796,15.772061130744877,11.595797279136715,14.683291471447168,14.574745655144842,11.710049083999348,11.670786432457028,16.42989158630371
2020-11-13,15.196416747281845,15.68980691363602,15.186549659165726,15.56152629852295,14300,0.0,0,0.03139314442101737,0.7255752530106521,13.804809856414796,16.03080120856317,11.57881850426642,14.683291471447168,14.574745655144842,11.829908442998027,11.74009548551783,16.12398910522461
2020-11-16,15.739145449686006,15.93650131962808,15.650335072945316,15.837822914123535,32300,0.0,0,0.017755110282904107,0.7384579216464022,13.943945837020873,16.31012201987769,11.577769654164058,14.683291471447168,14.574745655144842,11.829908442998027,11.74009548551783,16.548307418823242
2020-11-17,15.670071282508951,15.95623753196819,15.581260904906598,15.808220863342283,15500,0.0,0,-0.0018690732269051047,0.737077689715857,14.066306591033936,16.550708225257097,11.581904956810774,14.707960758506921,14.574745655144842,11.892238186777488,11.740095749611648,16.311479568481445
2020-11-18,15.58126054959936,16.53843768261204,15.58126054959936,15.81808853149414,47600,0.0,0,0.0006242111770300429,0.7375377818481171,14.187187194824219,16.76478170282492,11.60959268682352,15.181615623065412,14.574745655144842,11.911869376601352,11.740095749611648,16.587778091430664
2020-11-19,15.8674278793884,16.049981716297225,15.087871444133556,15.788485527038574,8000,0.0,0,-0.0018714653415060623,0.7361575054513372,14.286852025985718,16.949783234133367,11.62392081783807,15.675005616398035,14.574745655144842,11.943770046800694,11.740095749611648,16.390422821044922
2020-11-20,15.482583153718643,15.946370178011588,15.354302537382685,15.867427825927734,25200,0.0,0,0.004999991845574314,0.7398382869756522,14.387503671646119,17.129316290678545,11.645691052613692,15.69967463272139,14.683291471447168,12.120451746290486,11.740095749611648,16.508832931518555
2020-11-23,16.035179918681614,16.13879139875169,15.650335261849122,15.729277610778809,39900,0.0,0,-0.00870652866138677,0.7333968637253074,14.482234573364257,17.272120680776506,11.692348465952008,15.69967463272139,14.683291471447168,12.20271068625629,11.740095749611648,16.577909469604492
2020-11-24,16.18319637327273,17.051564082129715,16.143726140397796,16.873943328857422,47600,0.0,0,0.07277293632952397,0.7867683069934618,14.67021622657776,17.571734254248224,11.768698198907293,15.956237832480227,14.688225219464893,12.20271068625629,11.740095749611648,16.66719627380371
2020-11-25,16.548306282220025,16.588764636377533,15.946369689680129,16.242403030395508,22800,0.0,0,-0.037426953863349155,0.7573219658664722,14.852277135848999,17.666346394175036,12.03820787752296,16.069717763131635,14.688225219464893,12.311256493001498,11.848641556356856,16.627513885498047
2020-11-27,16.193066959143554,16.222671050075196,15.531923985411588,16.183198928833008,17700,0.0,0,-0.003645033401258879,0.7545615020053819,15.0244704246521,17.717898121455846,12.331042727848354,16.069717763131635,14.688225219464893,12.36306245120756,11.900447514562916,17.92715835571289
2020-11-30,15.975974823459758,15.99570900056891,15.1964174225551,15.413509368896484,39100,0.0,0,-0.04756102692188968,0.7186737820942823,15.168046998977662,17.60848706481194,12.727606933143385,16.069717763131635,14.688225219464893,12.646762054035715,12.184147117391072,18.26447105407715
2020-12-01,15.670070916314874,16.035179505984637,15.586194555102429,15.61086368560791,42000,0.0,0,0.012803983310230027,0.7278756692057174,15.298301935195923,17.530219607787636,13.066384262604208,16.069717763131635,14.688225219464893,12.730637789814411,12.268022853169768,17.71881866455078
2020-12-02,15.719409678302654,15.985840797424316,15.561524988926992,15.985840797424316,11800,0.0,0,0.024020266871083384,0.7453594370290072,15.438918161392213,17.459870464769644,13.417965858014782,16.069717763131635,14.688225219464893,12.730637789814411,12.268022853169768,17.897396087646484
2020-12-03,15.76874928962614,15.995708314791786,15.645401747844708,15.689806938171388,20300,0.0,0,-0.018518504156542437,0.7315564951962674,15.60075011253357,17.080145427548384,14.121354797518755,16.123990752342408,14.688225219464893,12.730637789814411,12.268022853169768,18.423206329345703
2020-12-04,15.818088585000083,16.548305767222576,15.788484498996215,16.489097595214844,39900,0.0,0,0.05094330734554031,0.7688244025716772,15.75123405456543,16.91172326942708,14.590744839703783,16.123990752342408,14.688225219464893,12.824381704062151,12.268022853169768,17.55016326904297
2020-12-07,16.46936486908226,16.46936486908226,16.20293371800739,16.321348190307617,23300,0.0,0,-0.010173352661573598,0.7610028807894919,15.876061820983887,16.65006571095167,15.102057931016104,16.123990752342408,14.688225219464893,12.803354218936523,12.268022853169768,18.284313201904297
2020-12-08,16.227600863711732,16.612444557828546,16.227600863711732,16.479230880737305,24200,0.0,0,0.009673385347139796,0.7683643549056521,15.916519784927369,16.727348251134675,15.105691318720062,15.904430990191823,14.688225219464893,12.831574122613109,12.268022853169768,17.808109283447266
2020-12-09,16.5384383062379,16.5384383062379,16.360817548385903,16.370685577392578,26800,0.0,0,-0.0065867942581959715,0.7633032969845571,15.94291615486145,16.77672073532184,15.109111574401057,15.904430990191823,14.688225219464893,12.882124428550988,12.268022853169768,18.135498046875
2020-12-10,16.380552140414686,16.469362511392564,16.230561124351258,16.410154342651367,16500,0.0,0,0.002410941501026276,0.7651435765811274,15.978440141677856,16.82832511162511,15.128555171730603,15.904430990191823,14.688225219464893,12.882124428550988,12.268022853169768,17.73866081237793
2020-12-11,16.232536655971764,16.498965906026598,16.18319651178824,16.42989158630371,15800,0.0,0,0.0012027457658363438,0.7660638497781173,16.045541191101073,16.810358609855612,15.280723772346535,16.086984773377768,14.712894506524645,12.937053135131416,12.268022853169768,17.431110382080078
2020-12-14,16.42989305779271,16.627249887934322,16.23253810978532,16.390422821044922,18400,0.0,0,-0.002402253542055699,0.764223570181547,16.086986017227172,16.831755681245564,15.34221635320878,16.094387438430658,15.186549371083135,12.845671536878612,12.268022853169768,17.93708038330078
2020-12-15,16.528569487364493,16.962753332239046,16.47923122682297,16.676586151123047,43400,0.0,0,0.017459179253795476,0.7775662864833222,16.12892417907715,16.906937036433142,15.350911321721156,16.304077540041877,15.679939364415759,12.949114101401014,12.268022853169768,17.679134368896484
2020-12-16,16.785135683953754,16.992358675073685,16.548308601759114,16.568044662475586,34500,0.0,0,-0.006508615592175748,0.7725054064271666,16.166915369033813,16.952828671120557,15.381002066947069,16.39042158703495,15.956237832480227,14.5467596233302,13.649515781855555,18.353759765625
2020-12-17,16.67658792784224,16.78513437115889,16.52857124831403,16.706192016601562,22900,0.0,0,0.00833818093446248,0.7789466962788067,16.211320543289183,17.01374452670257,15.408896559875796,16.587777593430964,15.956237832480227,14.629018563296004,13.649515781855555,17.867633819580078
2020-12-18,16.656850195307868,16.725926395473493,16.09438574032581,16.1042537689209,79000,0.0,0,-0.03603084695078895,0.7508805870823624,16.2271089553833,17.00752208327138,15.446695827495223,16.543372207699747,15.956237832480227,14.629018563296004,13.649515781855555,18.34383773803711
2020-12-21,16.133858249738765,16.42989158630371,16.074651958852588,16.42989158630371,36500,0.0,0,0.020220608918325,0.7660638497781171,16.2552321434021,17.02204580872942,15.488418478074781,16.533505316963137,16.069717763131635,14.629018563296004,13.649515781855555,17.798187255859375
2020-12-22,16.380552190824254,16.380552190824254,15.985840475337849,16.12398910522461,27300,0.0,0,-0.018618654875002805,0.7518007713468824,16.27496771812439,17.005706745374287,15.544228690874494,16.489099575205767,16.069717763131635,14.629018563296004,13.649515781855555,18.135498046875
2020-12-23,16.4012769766242,16.612446788365336,16.22266996881662,16.548307418823242,12900,0.0,0,0.026315963799624642,0.7715851332301769,16.258685922622682,16.948232263514292,15.569139581731072,16.489099575205767,16.069717763131635,14.629018563296004,13.649515781855555,18.55217933654785
2020-12-24,16.627248973637155,16.627248973637155,16.301611539303565,16.311479568481445,7900,0.0,0,-0.014311303527780206,0.7605427441909971,16.262139749526977,16.952020788127076,15.572258710926876,16.489099575205767,16.069717763131635,14.641353206825881,13.649515781855555,18.492652893066406
2020-12-28,16.489099674442073,16.883813342396436,16.321348812336005,16.587778091430664,15100,0.0,0,0.01693890010340371,0.7734255017592169,16.28236870765686,16.985548164899875,15.579189250413847,16.489099575205767,16.069717763131635,14.878180639105127,13.649515781855555,19.14743423461914
2020-12-29,16.69632421384362,16.824604835941713,16.23253810978532,16.390422821044922,12400,0.0,0,-0.011897631454793611,0.7642235701815469,16.33121438026428,16.909606803050792,15.752821957477773,16.489099575205767,16.123990752342408,15.124875635771438,13.649515781855555,19.21688270568848
2020-12-30,16.43975861599375,16.607511331754253,16.350948243995013,16.508832931518555,10100,0.0,0,0.007224347520894847,0.7697445868361973,16.376112842559813,16.853446712677638,15.898778972441988,16.434826908867144,16.123990752342408,15.19148305208428,13.649515781855555,19.841901779174805
2020-12-31,16.577909469604492,16.80487038521489,16.380554524808122,16.577909469604492,25000,0.0,0,0.004184216920267936,0.772965365160722,16.405716276168825,16.85487258818063,15.95655996415702,16.434826908867144,16.123990752342408,15.19148305208428,13.649515781855555,19.792299270629883
2021-01-04,16.607671099958523,16.835852509924386,16.24059698693016,16.66719627380371,30500,0.09,0,0.00538589044432447,0.7771284719347349,16.45458574295044,16.77439908197015,16.13477240393073,16.434826908867144,16.094388048814395,15.32223152597256,13.65444952987328,19.653404235839844
2021-01-05,16.864624929196967,17.09379789517898,16.61759270755532,16.627513885498047,28400,0.0,0,-0.0023808676428700437,0.7752782319015524,16.4615065574646,16.789976289914346,16.13303682501485,16.539819185258416,16.14510765886704,15.378971491298264,13.65444952987328,19.20696258544922
2021-01-06,16.964826779115267,18.462890624023967,16.964826779115267,17.92715835571289,54900,0.0,0,0.07816228446204154,0.8358757496006701,16.541797065734862,17.257466158512837,15.826127972956886,17.342780296420294,16.829654023289535,15.378971491298264,13.65444952987328,19.16727828979492
2021-01-07,18.05613198663969,18.69107225952101,18.05613198663969,18.26447105407715,24500,0.0,0,0.018815737088458517,0.8516033679437746,16.631059074401854,17.669899618575055,15.592218530228655,17.461805184653166,17.126298624224003,15.378971491298264,13.65444952987328,19.395458221435547
2021-01-08,18.254549021660075,18.254549021660075,17.44103136202707,17.71881866455078,27400,0.0,0,-0.029875072095480237,0.8261616559297005,16.698465728759764,17.832636612877693,15.564294844641836,17.461805184653166,17.126298624224003,15.378971491298264,13.65444952987328,19.464906692504883
2021-01-11,17.51047772108229,18.075971611901668,17.51047772108229,17.897396087646484,17600,0.0,0,0.010078404575186273,0.8344880473426658,16.77282781600952,18.01291245348423,15.532743178534812,17.461805184653166,17.16823700368286,15.378971491298264,13.65444952987328,19.355775833129883
2021-01-12,17.91723758410537,18.62162611298668,17.91723758410537,18.423206329345703,25800,0.0,0,0.029379147621488633,0.8590045948739138,16.872493553161622,18.295369787712573,15.44961731861067,17.465834623225586,17.239778379258613,15.40610798590365,13.65444952987328,20.0998477935791
2021-01-13,18.27439225523823,18.27439225523823,17.55016326904297,17.55016326904297,50600,0.0,0,-0.04738822573528334,0.8182978912243831,16.930480575561525,18.36465108062813,15.496310070494921,17.465834623225586,17.33845636742943,15.40610798590365,13.65444952987328,20.0998477935791
2021-01-14,17.867633179515714,18.45296944649661,17.63945175808825,18.284313201904297,20700,0.0,0,0.041831515844431344,0.8525285324266006,17.010866928100587,18.556268544266707,15.465465311934468,17.465834623225586,17.33845636742943,15.40610798590365,13.676535025604743,20.7248649597168
2021-01-15,18.036290721285635,18.113673267509597,17.748582210059645,17.808109283447266,13000,0.0,0,-0.02604439735846542,0.8303249405686529,17.07287015914917,18.64181351478885,15.503926803509488,17.654332483538166,17.33845636742943,15.296328104828358,13.732974832957918,21.3399658203125
2021-01-19,17.917235926606786,18.145419224366385,17.818026043964064,18.135498046875,32800,0.0,0,0.018384251703354337,0.8455898432716398,17.14433546066284,18.769774911549995,15.518896009775688,17.82794951931814,17.33845636742943,15.296328104828358,13.834075444833672,20.42723846435547
2021-01-20,18.05613285638212,18.100777214736503,17.70889916832258,17.73866081237793,18000,0.0,0,-0.021881794118438935,0.8270868204125267,17.226055812835693,18.79696112939529,15.655150496276097,18.06605181077404,17.33845636742943,15.296328104828358,13.834075444833672,20.595895767211918
2021-01-21,18.35375911608448,18.35375911608448,17.361664028728555,17.431110382080078,23600,0.0,0,-0.017337860707232422,0.8127469043274266,17.27611675262451,18.805151600445196,15.747081904803823,17.991645070857615,17.33845636742943,15.399939639951207,13.95873440420496,21.60783195495605
2021-01-22,17.26245537300892,18.343839246752403,17.26245537300892,17.93708038330078,30000,0.0,0,0.029026837082097856,0.8363383763083182,17.36677131652832,18.824392622882954,15.909150010173688,17.942040742997797,17.33845636742943,15.640468404756897,13.997996783852692,21.310203552246094
2021-01-25,17.48071648437527,17.90731578761793,17.222771531453592,17.679134368896484,19700,0.0,0,-0.014380602020629962,0.8243113269640484,17.423312664031982,18.83611718944736,16.010508138616604,17.922198822220135,17.33845636742943,15.992008452228818,14.061798124251371,22.41142845153809
2021-01-26,17.897396917580753,18.44304847802866,17.897396917580753,18.353759765625,43000,0.0,0,0.038159413388214825,0.8557665636502575,17.52542667388916,18.896175251388353,16.15467809638997,17.8378704889751,17.33845636742943,16.17332970975759,14.41516152323096,22.48087501525879
2021-01-27,18.00652653459468,18.24462914273599,17.64937356851837,17.867633819580078,58500,0.0,0,-0.026486450310600262,0.8331003450846618,17.589419460296632,18.896441899155324,16.28239702143794,17.8378704889751,17.33845636742943,16.272007712955595,14.579679403162565,23.35391998291016
2021-01-28,18.0759716132279,18.452968801982603,17.857711377608098,18.34383773803711,26700,0.0,0,0.02665176168627248,0.8553039369426095,17.68709020614624,18.909440803990627,16.464739608301855,17.837870166718098,17.33845636742943,16.249805020089987,14.579679403162565,23.62178421020508
2021-01-29,18.284313645049444,18.284313645049444,17.57000393663032,17.798187255859375,25300,0.0,0,-0.02974571024722339,0.8298623138610053,17.751557922363283,18.846607014483006,16.65650883024356,17.837870166718098,17.33845636742943,16.301611540047386,14.579679403162565,23.58210182189941
2021-02-01,17.79818558125242,18.30415427968629,17.609686993458357,18.135498046875,29100,0.0,0,0.01895197449979502,0.84558984327164,17.829437351226808,18.791676835069858,16.86719786738376,17.837870166718098,17.456871114168816,16.279408669168703,14.579679403162565,23.98886108398437
2021-02-02,18.304155558745187,18.80020311435052,18.304155558745187,18.55217933654785,16300,0.0,0,0.022976004772289782,0.865018119546049,17.923686504364014,18.77367515156271,17.073697857165318,18.011487322902056,17.51637061206792,16.279408669168703,14.579679403162565,23.750757217407227
2021-02-03,18.5720204289575,18.62162632155901,18.20494628506294,18.492652893066406,18800,0.0,0,-0.003208595734312314,0.8622426260975707,18.01694345474243,18.65965226964492,17.374234639839944,18.011487322902056,17.51637061206792,16.279408669168703,14.579679403162565,23.39360237121582
2021-02-04,18.40336292665822,19.18711894600056,18.16526033518327,19.14743423461914,15500,0.0,0,0.0354076478555565,0.8927726093684838,18.077957248687746,18.887148820507225,17.268765676868266,18.204945238727078,17.709828527892938,16.279408669168703,14.579679403162565,23.24478912353516
2021-02-05,19.137515174262795,19.2466443473036,19.018462930988672,19.21688270568848,29200,0.0,0,0.0036270379737759484,0.8960107295246104,18.12557783126831,19.074712958537514,17.176442703999104,18.40832414196696,17.74362066711688,16.30654516377409,14.579679403162565,22.41142845153809
2021-02-08,19.28632905919385,19.841901779174805,19.187119171843733,19.841901779174805,35000,0.0,0,0.03252447772402278,0.925153010537519,18.231731986999513,19.422294719991815,17.04116925400721,18.705952857902563,18.04124938305248,16.279408830604776,14.688225219464893,22.391586303710938
2021-02-09,19.792299270629883,19.841903271901096,19.39545969137478,19.792299270629883,15400,0.0,0,-0.002499886810093055,0.9228402327291584,18.326477146148683,19.686971669158233,16.965982623139134,18.70595360426571,18.04125012941563,16.279408830604776,14.688225219464893,22.213008880615234
2021-02-10,19.66332541433374,19.84190284268129,19.46490752126972,19.653404235839844,23000,0.0,0,-0.00701763008384515,0.9163640813493756,18.387987041473387,19.867769523347736,16.90820455959904,18.70595360426571,18.22974798972821,16.26460747884077,14.688225219464893,22.87771415710449
2021-02-11,19.772456514532696,19.836943228702083,19.11767387114432,19.20696258544922,21900,0.0,0,-0.022715741508867793,0.8955481917494321,18.4708270072937,19.939054486842995,17.002599527744405,18.72579513267973,18.40336502550818,16.34246342206273,14.709342125989526,22.68921661376953
2021-02-12,19.137516645891203,19.345855722302677,18.88949285457963,19.16727828979492,13000,0.0,0,-0.002066141144272615,0.8936978627837797,18.51497526168823,20.011253154744853,17.01869736863161,19.003581803542183,18.532337401677346,17.086217159854915,15.393888490412019,21.994749069213867
2021-02-16,19.375617757793545,19.59189300352549,19.117672807735342,19.395458221435547,14200,0.0,0,0.011904660024794289,0.9043370320051058,18.594342708587646,20.10069475022679,17.087990666948503,19.003581803542183,18.532337401677346,17.294051904438582,15.507979308160541,21.65606117248535
2021-02-17,19.246644559474777,19.48474715637661,19.0680671387306,19.464906692504883,19000,0.0,0,0.003580656372045965,0.9075751521612321,18.66081314086914,20.197659510203692,17.12396677153459,19.003581803542183,18.532337401677346,17.294051904438582,15.507979308160541,22.443012237548828
2021-02-18,19.28632947815756,19.42522218810221,19.08394160633017,19.355775833129883,20300,0.0,0,-0.0056065441822550355,0.9024867919719233,18.741668891906738,20.245389984194595,17.23794779961888,19.365698063240362,18.532337401677346,17.315021094168014,15.507979308160541,22.96100234985352
2021-02-19,19.40538043763037,20.129611329041357,19.40538043763037,20.0998477935791,66300,0.0,0,0.038441856676994846,0.9371800598817888,18.875105762481688,20.363350150026935,17.38686137493644,19.50955209181049,18.676191430247474,17.3528065012421,15.507979308160541,22.602394104003903
2021-02-22,19.8518240082076,20.258582864835155,19.8518240082076,20.0998477935791,49100,0.0,0,0.0,0.9371800598817888,18.983244132995605,20.497496965327016,17.468991300664193,19.574037859707392,18.740677198144375,17.40214549532751,15.507979308160541,22.87135124206543
2021-02-23,20.16929226233699,20.833996020589503,19.98079367326717,20.7248649597168,45200,0.0,0,0.031095616870161713,0.9663222519622281,19.13553066253662,20.706710821065002,17.56435050400824,19.861744437584566,19.02838377602155,17.40214549532751,15.507979308160541,22.223859786987305
2021-02-24,20.843918270492885,21.50862206294202,20.675262027863365,21.3399658203125,40000,0.0,0,0.029679366393521978,0.9950020841324283,19.284840965270995,21.084127495601958,17.48555443494003,20.199057458760826,19.365696797197806,17.4963944254838,15.507979308160541,22.811582565307617
2021-02-25,21.43917593060515,21.57806864046525,20.169293508707245,20.42723846435547,73100,0.0,0,-0.04277079746248935,0.9524450515172455,19.412821197509764,21.153217169543378,17.67242522547615,20.233780747522438,19.40042008595942,17.583202943373784,15.507979308160541,22.73189163208008
2021-02-26,20.585974588530423,21.46893867619839,20.040323006947794,20.595895767211918,51400,0.0,0,0.008256490624062973,0.9603089051550328,19.525424098968507,21.26601474126937,17.784833456667645,20.323067889597926,19.40042008595942,17.702254089101736,15.507979308160541,23.01081085205078
2021-03-01,21.36972935807556,21.836013373765955,20.64351539684088,21.60783195495605,73900,0.0,0,0.04913290488462785,1.007491671251876,19.71590633392334,21.492563481029546,17.939249186817133,20.452040256248278,19.529392452609773,17.665050719143522,15.532648595220294,22.8215446472168
2021-03-02,21.6078332351842,21.687200772180088,21.18123201422953,21.310203552246094,21000,0.0,0,-0.013774098360742393,0.993614381874424,19.874641609191894,21.624937271021935,18.124345947361853,20.45997749004806,19.529392452609773,17.640248555213613,16.006303459778785,22.761775970458984
2021-03-03,21.38956981772367,22.88763364520508,21.38956981772367,22.41142845153809,93100,0.0,0,0.05167594465215353,1.0449603436777504,20.067604064941406,22.032420417439894,18.102787712442918,21.146507041417728,20.2288187909177,17.630327594824784,16.49969345311141,22.602394104003903
2021-03-04,22.133641348705503,23.34399859256146,22.12372017054441,22.48087501525879,66400,0.0,0,0.0030987120642875787,1.0481983749014068,20.267015171051025,22.358833580567502,18.175196761534547,21.59791130038453,20.45700126459589,17.588163428202265,16.775991921175873,22.65220069885254
2021-03-05,22.738820177232448,23.37376044714136,22.550321575001515,23.35391998291016,40800,0.0,0,0.038835008292995576,1.0889051674834074,20.477339458465575,22.900157023225226,18.054521893705925,21.677277060204265,20.47188219188584,17.588163428202265,16.775991921175873,21.6162166595459
2021-03-08,23.06621147442058,24.028543056866923,22.9471592277597,23.62178421020508,87500,0.0,0,0.011469775844523689,1.1013946656703857,20.697584533691405,23.409007688132085,17.986161379250724,22.03443303190736,20.799273496748622,17.588163267073764,16.775991921175873,21.85528945922852
2021-03-09,23.63170582175941,24.306330816574693,23.205104610786737,23.58210182189941,205900,0.0,0,-0.0016799064775355754,1.099544425637203,20.884594535827638,23.8417311221184,17.927457949536876,22.173326911761244,20.958008905016527,17.588163267073764,16.889471851827285,22.19397735595703
2021-03-10,23.582102222946705,24.246806050639957,23.09597582542049,23.98886108398437,81100,0.0,0,0.017248643278574338,1.1185100752039638,21.094422626495362,24.299695846325818,17.889149406664906,22.173326911761244,21.23579557587898,17.647370640443455,16.889471851827285,22.19397735595703
2021-03-11,24.008702170409958,24.058306168488038,23.264630845611357,23.750757217407227,40700,0.0,0,-0.0099256011256037,1.1074081903425204,21.299290275573732,24.63258805277682,17.965992498370642,22.474923106707784,21.23579557587898,17.763928967484986,16.94403727924204,22.19397735595703
2021-03-12,23.869807564844905,24.00870216552348,22.68921575884003,23.39360237121582,57600,0.0,0,-0.015037619345022124,1.0907554075165897,21.508622264862062,24.81548716735464,18.201757362369484,22.74378141540211,21.23579557587898,17.763928967484986,16.94403727924204,21.65606117248535
2021-03-15,23.314235479647294,23.393603014099927,22.351903887875263,23.24478912353516,42600,0.0,0,-0.006361279691740163,1.0838168072940986,21.712497806549074,24.916924180643257,18.50807143245489,22.847950317149184,21.59791183557716,17.957386883310008,17.137495195067057,22.233821868896484
2021-03-16,22.689215760646118,22.891601737978288,21.99474843401166,22.41142845153809,28400,0.0,0,-0.03585150493592992,1.0449603436777504,21.8632963180542,24.894743689020377,18.831848947088023,23.150539625293177,21.59791183557716,18.075972404541922,17.22153088492935,22.99088859558105
2021-03-17,22.520559727531783,22.699135257614778,22.12372017017957,22.391586303710938,21800,0.0,0,-0.0008853584620925892,1.044035179194924,22.009630298614503,24.83743175014729,19.181828847081718,23.150539625293177,21.59791183557716,18.373601120477524,17.519159600864953,23.90733528137207
2021-03-18,22.193168416565285,23.215025167580745,22.098918170175217,22.213008880615234,59100,0.0,0,-0.007975201965307321,1.0357087877819586,22.152491950988768,24.7016650740535,19.603318827924035,23.150539625293177,21.59791183557716,18.37360186684067,17.519160347228098,22.522703170776367
2021-03-19,22.361826105325747,23.790441791858026,22.361826105325747,22.87771415710449,211500,0.0,0,0.029924144003261377,1.0667014866929891,22.29138526916504,24.673552310549326,19.909218227780755,23.150539625293177,21.59791183557716,18.46785079699696,17.519160347228098,22.403165817260746
2021-03-22,22.85787286273537,23.71107339373493,22.14356315310533,22.68921661376953,47300,0.0,0,-0.008239352150329227,1.0579125575048458,22.420853710174562,24.581375637717358,20.260331782631766,23.120777242325808,21.59791183557716,18.564580079093954,17.519160347228098,22.542625427246094
2021-03-23,22.619768167418265,22.857872663399384,21.826092821718824,21.994749069213867,33200,0.0,0,-0.030607823812401236,1.0255321563358106,22.484347915649415,24.510844806402098,20.457851024896733,22.94219949510343,21.68719897765265,18.767959602609764,17.519160347228098,22.572509765625
2021-03-24,22.283629793160312,22.85142870711478,21.52656394122625,21.65606117248535,34000,0.09,0,-0.015398579709307914,1.0097404176820153,22.500152683258058,24.495047168581223,20.505258197934893,22.767633053374865,21.68719897765265,18.767959602609764,17.701714130414043,23.08053970336914
2021-03-25,21.516602668358004,22.52270328113597,21.287491155542995,22.443012237548828,28100,0.0,0,0.036338605566155424,1.0464329764443672,22.600941371917724,24.353192242149255,20.848690501686193,22.538966473700512,21.695136211452432,18.767959602609764,17.701714130414043,23.120384216308597
2021-03-26,22.6721230384156,23.200077373091897,22.472894485711716,22.96100234985352,31000,0.0,0,0.023080240157693943,1.0705849008496338,22.719196701049803,24.21157814470477,21.226815257394836,22.538966473700512,21.85585562710253,18.949017732458856,17.743652509872902,22.741853713989254
2021-03-29,22.95104312878715,23.200077875063133,21.526564076091027,22.602394104003903,43200,0.0,0,-0.015618144207537377,1.053864351481752,22.7689248085022,24.17257376050165,21.36527585650275,22.538966473700512,22.079077412391147,19.09287176102898,17.959047914018786,23.19011688232422
2021-03-30,22.512742482858805,23.52880475057715,22.502780864549678,22.87135124206543,47600,0.0,0,0.01189949776222532,1.0664048079738981,22.846982192993163,24.07884278008406,21.615121605902267,22.538966473700512,22.14356224492093,19.157357528925886,18.1222116700865,22.97096443176269
2021-03-31,22.841466781553653,23.33455450545561,21.875210769086184,22.223859786987305,69900,0.0,0,-0.028310153091752888,1.0362147246023758,22.837603759765624,24.08551181018373,21.58969570934752,22.538966473700512,22.173326911761244,19.44506410680306,18.409918247963674,23.19011688232422
2021-04-01,22.25374526108618,22.91119684462896,21.81544357206288,22.811582565307617,27200,0.0,0,0.026445576238941282,1.0636180201017615,22.854139137268067,24.09130365980986,21.616974614726274,22.499282274638965,22.173326911761244,19.782377127979316,18.747231269139935,22.91119766235352
2021-04-05,23.08054066140329,23.08054066140329,22.373280984777992,22.73189163208008,20100,0.0,0,-0.003493441675928799,1.0599023325830692,22.823037719726564,24.03925441473967,21.606821024713458,22.408147953060073,22.173326911761244,19.817100416740928,18.78195455790155,22.682085037231445
2021-04-06,22.91119657390649,23.50888034278788,22.403165465356537,23.01081085205078,48900,0.0,0,0.012269952034131615,1.0729072833647277,22.792489051818848,23.955907369065464,21.62907073457223,22.408147953060073,22.474923106707784,19.861743987778674,18.78195455790155,22.233821868896484
2021-04-07,23.04069454619175,23.04069454619175,22.60239474824184,22.8215446472168,26600,0.0,0,-0.008225099326176655,1.0640825143912744,22.754461193084715,23.85981285717986,21.64910952898957,22.408147953060073,22.74378141540211,19.990716354429026,18.9109269245519,22.80162048339844
2021-04-08,22.73189111719925,22.861390248007105,22.662161692910864,22.761775970458984,19400,0.0,0,-0.00261895843080473,1.0612957265191376,22.693106937408448,23.64100254806462,21.745211326752276,22.52768441333409,22.796910986058844,19.994684971328915,18.9109269245519,23.2498836517334
2021-04-09,22.80162076103409,22.81158237888325,22.348377598811176,22.602394104003903,43200,0.0,0,-0.007002171827977466,1.0538643514817525,22.63568878173828,23.448501246333034,21.82287631714353,22.52768441333409,22.796910986058844,20.687662916167714,19.436737060271465,23.30965232849121
2021-04-12,22.731891743088347,23.060617538059105,22.522703464463486,22.65220069885254,21400,0.0,0,0.0022035981949279915,1.0561866450643767,22.598618698120116,23.332797137564476,21.864440258675756,22.672124161320014,22.796910986058844,21.02745628249021,19.664919533949654,22.63227653503418
2021-04-13,22.5525859342106,22.78169934395431,21.41698810324293,21.6162166595459,59700,0.0,0,-0.04573436608122228,1.0078826183889045,22.517190074920656,23.306442609171913,21.727937540669398,22.462934223015402,22.796910986058844,21.07457962604505,19.679800461239605,22.841466903686523
2021-04-14,21.54648501159341,22.31351247187266,21.426949399592463,21.85528945922852,46000,0.0,0,0.011059881728981757,1.0190296809449821,22.489383125305174,23.329688381680132,21.649077868930217,22.462934223015402,22.796910986058844,21.41685326432799,20.007191766102387,22.97096443176269
2021-04-15,21.964863944529466,22.47289505684989,21.72081095624821,22.19397735595703,14700,0.0,0,0.015496838756601239,1.0348214195987773,22.47950267791748,23.328872061037043,21.63013329479792,22.462934223015402,22.767148603091478,21.565667908388885,20.14608564595627,22.99088859558105
2021-04-16,22.42308886740026,22.632277143069903,21.646099772089432,22.19397735595703,42100,0.0,0,0.0,1.0348214195987773,22.47855110168457,23.329167844132897,21.627934359236242,22.462934223015402,22.672898662015516,21.704561243820113,20.26450039269566,22.97096443176269
2021-04-19,22.13420764863627,22.283630016953836,21.790540381471427,22.19397735595703,39900,0.0,0,0.0,1.0348214195987773,22.444364261627197,23.282804107628642,21.60592441562575,22.238802820651017,22.648096660533238,21.855359341293383,20.269434463180005,22.502779006958008
2021-04-20,22.31351274653624,22.367305102587824,21.436911281129827,21.65606117248535,30500,0.0,0,-0.024237033986488132,1.0097404176820157,22.39270648956299,23.290321974817918,21.495091004308062,22.238802820651017,22.538966473700512,21.989788495640546,20.269434463180005,22.93111991882324
2021-04-21,21.65606133287621,22.48285661545668,21.65606133287621,22.233821868896484,26200,0.0,0,0.026678937218056697,1.0366792188918885,22.404660129547118,23.28682741058157,21.522492848512666,22.238802820651017,22.538966473700512,22.222931076363174,20.269434463180005,23.18015480041504
2021-04-22,22.40316641948211,23.28972954275688,22.1142870905434,22.99088859558105,43100,0.0,0,0.034050229022642764,1.0719783837181718,22.471401500701905,23.317796536760138,21.625006464643672,22.353358822999905,22.538966473700512,22.37422573043517,20.27346390175243,22.99088859558105
2021-04-23,23.180154289226568,23.90733528137207,22.794647474222984,23.90733528137207,34200,0.0,0,0.03986129905249358,1.1147088346493705,22.544617652893066,23.598866246726836,21.490369059059297,22.6621616923075,22.597413218457532,22.37422573043517,20.27346390175243,22.89127349853516
2021-04-26,23.917297376710238,24.17629374209549,21.91505777891156,22.522703170776367,100600,0.0,0,-0.05791662242151141,1.05014866396306,22.52270269393921,23.559303031523477,21.48610235635494,22.801621570843977,22.73189244881924,22.37422573043517,20.27346390175243,22.921157836914062
2021-04-27,22.56254790480141,23.005829454522907,22.26370696565875,22.403165817260746,38600,0.0,0,-0.005307415926464998,1.0445750882187865,22.51274127960205,23.549922095642707,21.475560463561393,22.80660251161266,22.73189244881924,22.37422573043517,20.46196176206501,23.29969024658203
2021-04-28,22.35336037941449,22.692047801828675,22.129228717525034,22.542625427246094,18100,0.0,0,0.006224995660117916,1.0510775636096157,22.496304988861084,23.5204291936195,21.47218078410267,22.80660251161266,22.73189244881924,22.359344538951483,20.63557879784498,23.967103958129883
2021-04-29,22.67212404640574,22.80162128143164,22.42308929444608,22.572509765625,36600,0.0,0,0.0013256813619759722,1.052470957545684,22.51373748779297,23.530481243779814,21.496993731806125,22.80660251161266,22.73189244881924,22.31469923637804,20.764551174014144,24.37552070617676
2021-04-30,22.522702419597493,23.30965120742017,22.42308814392792,23.08053970336914,45300,0.0,0,0.02250657738191819,1.0761584765939076,22.527185344696044,23.566442939280087,21.487927750112,22.80660251161266,22.73189244881924,22.227416015513757,20.764551174014144,24.455211639404297
2021-05-03,23.30965114961299,23.409265425035525,22.79165843740321,23.120384216308597,53400,0.0,0,0.0017263250102266259,1.078016275887019,22.546609973907472,23.61488208416377,21.478337863651173,22.91617753748585,22.79664092266921,22.117051342576474,20.764551174014144,24.106563568115234
2021-05-04,22.96100361404207,23.200078650443466,22.592433241226683,22.741853713989254,87000,0.0,0,-0.016372154492672153,1.0603668268725817,22.533162117004395,23.584167923560077,21.482156310448712,23.045675760503524,22.79664092266921,22.19741105040152,20.764551174014144,24.46517372131348
2021-05-05,23.070579364896403,23.409266780960102,22.821544611907463,23.19011688232422,30000,0.0,0,0.01971093359285936,1.0812676469811382,22.551590728759766,23.634959439086355,21.468222018433178,23.045675760503524,22.79664092266921,22.309021943045828,20.764551174014144,24.694286346435547
2021-05-06,23.249884031188635,23.409266116579367,22.68208511448612,22.97096443176269,48300,0.0,0,-0.009450252091164235,1.0710493951391464,22.562050151824952,23.657437304013854,21.46666299963605,23.045675760503524,22.79664092266921,22.34126435931072,20.764551174014144,23.90733528137207
2021-05-07,22.58247147703621,23.273792194531502,22.58247147703621,23.19011688232422,41900,0.0,0,0.009540411383794467,1.0812676469811382,22.591436290740965,23.720953518715483,21.461919062766448,22.769247749242567,22.79664092266921,22.356146692730878,20.764551174014144,23.83760643005371
2021-05-10,23.19011727441134,23.41225585223678,22.88131280749519,22.91119766235352,38200,0.0,0,-0.012027503845109755,1.0682626961994799,22.604386138916016,23.742392210301688,21.466380067530345,22.770742284880907,22.79664092266921,22.336304593200104,20.764551174014144,24.0567569732666
2021-05-11,22.61235561260854,23.070578631550102,22.443011909959623,22.682085037231445,22500,0.0,0,-0.010000028304872899,1.0575800390004453,22.657679557800293,23.70044490875333,21.614914206847256,22.917671998082348,22.79664092266921,22.29073743241066,20.764551174014144,23.977066040039062
2021-05-12,22.771737833458975,22.9111966835377,21.99474874019682,22.233821868896484,42700,0.0,0,-0.01976287310444169,1.036679218891889,22.67660617828369,23.67262817567012,21.680584180897263,22.703502296216797,22.79664092266921,22.44153552988393,20.764551174014144,22.921157836914062
2021-05-13,22.323474232366763,22.911196378420644,22.323474232366763,22.80162048339844,15400,0.0,0,0.02553760742755018,1.0631535258122493,22.70698833465576,23.67878611137547,21.735190557936054,22.703502296216797,22.79664092266921,22.575964684231092,20.764551174014144,23.568649291992188
2021-05-14,22.91119625080964,23.26980688707816,22.632276655935875,23.2498836517334,37100,0.0,0,0.01965926801831186,1.0840543459208056,22.75978364944458,23.729061515994896,21.79050578289426,22.703502296216797,22.79664092266921,22.662297699696467,20.764551174014144,23.35946083068848
2021-05-17,22.821544444217576,23.359460418713645,22.642239119385557,23.30965232849121,36300,0.0,0,0.0025707086389379352,1.0868411337929424,22.815567398071288,23.776463250865245,21.85467154527733,22.703502296216797,22.79664092266921,22.662297699696467,20.938167376602507,23.21999931335449
2021-05-18,23.020772022244497,23.26980676277078,22.632276535034183,22.63227653503418,98400,0.0,0,-0.029059884030491534,1.0552576564853515,22.86437816619873,23.669762935485966,22.058993396911493,22.703502296216797,22.79664092266921,22.73451757368943,20.938167376602507,23.6299991607666
2021-05-19,22.47289464850961,23.010810604716298,22.29358932977405,22.841466903686523,103800,0.0,0,0.009243010455820544,1.0650114140378304,22.894760417938233,23.64617723216541,22.143343603711056,22.703502296216797,22.801621570843977,22.62992260453712,20.938167376602507,23.3700008392334
2021-05-20,22.83150558204189,23.72305042843551,22.62231540747635,22.97096443176269,63900,0.0,0,0.005669405061514254,1.0710493951391469,22.893764209747314,23.64471626070514,22.142812158789486,22.858899584316163,22.80660251161266,22.62992260453712,20.938167376602507,23.200000762939453
2021-05-21,23.1602323056432,23.359460870416687,22.761777076080627,22.99088859558105,90000,0.0,0,0.0008673629649964543,1.0719783837181724,22.847941875457764,23.439237917137987,22.25664583377754,22.858899584316163,22.80660251161266,22.61504141305344,20.958008905016527,22.920000076293945
2021-05-24,23.090501945797907,23.15026975282335,22.72192968584164,22.97096443176269,28400,0.0,0,-0.0008666112984510033,1.071049395139147,22.87035493850708,23.44417723717895,22.296532639835213,22.858899584316163,22.80660251161266,22.56791644251546,21.23579557587898,22.84000015258789
2021-05-25,23.00084848139269,23.30965102354661,22.502779006958004,22.502779006958008,52300,0.0,0,-0.020381618116012135,1.0492196753840353,22.875335597991942,23.434226402838576,22.31644479314531,23.008319879104782,22.80660251161266,22.44344974059213,21.23579557587898,22.920000076293945
2021-05-26,22.632277082966084,23.13034657607701,22.472894997169337,22.93111991882324,24700,0.0,0,0.01903502281797209,1.0691915958460356,22.8947603225708,23.432422617366377,22.357098027775223,23.008319879104782,22.91617753748585,22.388884647175765,21.23579557587898,22.729999542236328
2021-05-27,23.090502139134053,23.309652033385163,22.85840195159063,23.18015480041504,87300,0.0,0,0.010860127306184353,1.080803152691626,22.925142574310303,23.45506698425852,22.39521816436209,23.008319879104782,23.045675760503524,22.388884647175765,21.59791183557716,22.299999237060547
2021-05-28,23.140309069168968,23.27877233269137,22.761777076080627,22.99088859558105,25700,0.0,0,-0.008165010392018557,1.0719783837181724,22.9206600189209,23.446711417151676,22.39460862069012,23.008319879104782,23.045675760503524,22.44616264835021,21.59791183557716,22.280000686645508
2021-06-01,23.090502056218455,23.149274271736758,22.542624472581544,22.89127349853516,37500,0.0,0,-0.004332807609055966,1.0673337076204548,22.909204483032227,23.42718973920244,22.391219226862013,23.008319879104782,23.045675760503524,22.629787455382516,21.59791183557716,21.989999771118164
2021-06-02,23.03073373117504,23.200077431403688,22.81158194265308,22.921157836914062,49600,0.0,0,0.0013054904254590216,1.068727101556523,22.918169689178466,23.430370841781826,22.405968536575106,23.097972712802424,22.858899584316163,22.766757009831608,21.59791183557716,22.229999542236328
2021-06-03,22.916176509434184,23.409266142905512,22.83150560771828,23.29969024658203,42600,0.0,0,0.016514541384045955,1.0863766395034296,22.923648357391357,23.44967682358132,22.397619891201394,22.941080570037425,22.858899584316163,22.769247480215952,21.59791183557716,22.43000030517578
2021-06-04,23.259846175692243,24.23606194581083,23.216015436222825,23.967103958129883,68900,0.0,0,0.02864474610969392,1.1174956225215078,22.973455333709715,23.670854451722157,22.276056215697274,23.354478471490083,23.115405343003825,22.769247480215952,21.59791183557716,22.46999931335449
2021-06-07,24.086641383455525,24.37552070617676,23.967103867167328,24.37552070617676,145300,0.0,0,0.017040721680866122,1.136538554404483,23.032725524902343,23.9601575462867,22.105293503517988,23.42420785167305,23.185134723186792,22.769247480215952,21.68719897765265,22.399999618530277
2021-06-08,24.375520595568563,24.77397771473158,24.156370700016392,24.455211639404297,91800,0.0,0,0.0032693017797704726,1.1402542419231754,23.109926223754883,24.224451645365566,21.9954008021442,23.62343635595046,23.3843632274642,22.769247480215952,21.68719897765265,22.709999084472656
2021-06-09,24.31575183751557,24.31575183751557,24.02189076860728,24.106563568115234,99200,0.0,0,-0.014256595953039741,1.123998097912337,23.18115015029907,24.35821215583941,22.004088144758732,23.65830109365656,23.3843632274642,22.85640923007753,21.695136211452432,22.520000457763672
2021-06-10,24.42532914863222,24.684325521005768,24.186256012591496,24.46517372131348,60600,0.0,0,0.014876037896689898,1.1407187362126883,23.292717742919923,24.512161322540166,22.07327416329968,23.65830109365656,23.3843632274642,22.921158341586366,21.85585562710253,21.920000076293945
2021-06-11,24.495057789471723,24.843706814166254,24.25598466110573,24.694286346435547,41000,0.0,0,0.009364847670076726,1.1514013934117224,23.387351036071777,24.72871049395099,22.045991578192563,23.6931656433739,23.419227777181536,22.921158341586366,22.079077412391147,21.81999969482422
2021-06-14,24.67436274431232,24.67436274431232,23.77783805125773,23.90733528137207,63600,0.0,0,-0.031867738715885885,1.1147088346493708,23.42022361755371,24.778797626956262,22.061649608151157,23.827644378409666,23.419227777181536,22.921158341586366,22.14356224492093,22.549999237060547
2021-06-15,23.987026899154564,24.744092762581133,23.449112830394636,23.83760643005371,40600,0.0,0,-0.0029166300006965296,1.1114576414201909,23.446621322631835,24.816167454068392,22.077075191195277,23.83760621094227,23.419227777181536,22.78294433595589,22.173326911761244,22.26000022888184
2021-06-16,23.75791602700864,24.28586849206333,23.4690347989728,24.0567569732666,39000,0.0,0,0.009193479381243153,1.1216758043297126,23.517845344543456,24.858116861300168,22.177573827786745,24.02986112519454,23.419227777181536,22.783691603775058,22.173326911761244,23.100000381469727
2021-06-17,24.10656517734669,24.21215491085903,23.62841700111352,23.977066040039062,70000,0.0,0,-0.0033126216187866486,1.11796011681102,23.574625301361085,24.89122316937936,22.25802743334281,24.146409822280447,23.419227777181536,22.857156460375776,22.173326911761244,23.739999771118164
2021-06-18,23.57860940251134,23.57860940251134,22.716949424872244,22.921157836914062,91900,0.0,0,-0.04403825728142674,1.0687271015565225,23.572134971618652,24.893522353874136,22.25074758936317,23.780328119519247,23.568648071970152,22.750071609443005,22.474923106707784,23.309999465942383
2021-06-21,22.98092711243829,23.75791623964117,22.791660164789302,23.568649291992188,51200,0.0,0,0.028248636464400345,1.098917184928045,23.60102300643921,24.895002633564108,22.30704337931431,23.780328119519247,23.568648071970152,22.750071609443005,22.74378141540211,23.489999771118164
2021-06-22,23.53876425869838,23.53876425869838,23.11042607513736,23.35946083068848,34700,0.0,0,-0.008875708519061498,1.089163516308036,23.620447826385497,24.88709369268923,22.353801960081764,23.780328119519247,23.568648071970152,22.750071609443005,22.796910986058844,23.59000015258789
2021-06-23,23.279769020713488,23.53876348599844,23.090502080712017,23.21999931335449,34700,0.0,0,-0.005970236999253586,1.0826609519847366,23.65630884170532,24.830635252338645,22.481982431071998,23.780328119519247,23.568648071970152,22.750071609443005,22.796910986058844,23.280000686645508
2021-06-24,23.43000030517578,23.649999618530277,23.165000915527344,23.6299991607666,27100,0.09,0,0.017657186026543537,1.1017776978176057,23.69125280380249,24.817269431107473,22.56523617649751,23.730521093726686,23.568648071970152,22.750071609443005,22.796910986058844,22.8799991607666
2021-06-25,23.649999618530277,23.899999618530277,23.11000061035156,23.3700008392334,229900,0.0,0,-0.011002891695607198,1.0896549571358831,23.700745105743408,24.812320311617025,22.58916989986979,23.730521093726686,23.658300905667794,22.752561933530387,22.796910986058844,22.780000686645508
2021-06-28,23.450000762939453,23.73500061035156,23.020000457763672,23.200000762939453,37200,0.0,0,-0.007274286272534125,1.0817284950393908,23.711200714111328,24.79930587005021,22.623095558172448,23.501408958467785,23.658300905667794,22.83275104796441,22.796910986058844,22.73500061035156
2021-06-29,23.3799991607666,23.645000457763672,22.8700008392334,22.920000076293945,18700,0.0,0,-0.012068994717137738,1.068673119547383,23.71263704299927,24.796429789021566,22.628844296976972,23.464552167865637,23.658300905667794,22.83275104796441,22.767148603091478,22.899999618530277
2021-06-30,23.32999992370605,23.32999992370605,22.84000015258789,22.84000015258789,42600,0.0,0,-0.0034903980558358416,1.064943024968591,23.70857915878296,24.80486698252494,22.612291335040982,23.30847452170126,23.658300905667794,22.83275104796441,22.73189244881924,23.38999938964844
2021-07-01,22.979999542236328,23.200000762939453,22.770000457763672,22.920000076293945,33600,0.0,0,0.0035026236064621408,1.068673119547383,23.689594650268553,24.826396484544947,22.55279281599216,23.335000038146973,23.658300905667794,22.90746119535872,22.73189244881924,23.06999969482422
2021-07-02,23.0,23.0,22.56999969482422,22.729999542236328,24700,0.0,0,-0.00828972658923044,1.0598141115730753,23.627739429473877,24.83084223862034,22.424636620327416,23.234999656677246,23.6931656433739,22.962248708295316,22.73189244881924,22.979999542236328
2021-07-06,22.739999771118164,22.739999771118164,22.11000061035156,22.299999237060547,39500,0.0,0,-0.018917743679526478,1.0397648198623908,23.523963356018065,24.807429689568906,22.240497022467224,23.005000114440918,23.476853712258908,23.02699781980415,22.73189244881924,23.0
2021-07-07,22.309999465942383,22.600000381469727,22.15999984741211,22.280000686645508,39700,0.0,0,-0.0008967960134188546,1.038832362917045,23.415202808380126,24.733150340648862,22.09725527611139,23.005000114440918,23.476853712258908,23.02699781980415,22.73189244881924,23.190000534057617
2021-07-08,22.540000915527344,22.540000915527344,21.739999771118164,21.989999771118164,46100,0.0,0,-0.013016198679974389,1.0253107144861295,23.309374618530274,24.725616968001326,21.893132269059222,22.81999969482422,23.29185329264221,23.02699781980415,22.73189244881924,22.959999084472656
2021-07-09,22.100000381469727,22.51000022888184,22.020000457763672,22.229999542236328,71700,0.0,0,0.010914041546893571,1.0365009982225062,23.197615909576417,24.583508118647515,21.81172370050532,22.737500190734863,23.29185329264221,22.978436148559293,22.73189244881924,22.780000686645508
2021-07-12,22.11000061035156,22.63999938964844,21.82999992370605,22.43000030517578,33700,0.0,0,0.00899688560764278,1.0458262791357216,23.084401607513428,24.323390686282785,21.84541252874407,22.692500114440918,23.29185329264221,22.899990077176795,22.73189244881924,22.450000762939453
2021-07-13,22.420000076293945,22.809999465942383,22.209999084472656,22.46999931335449,64700,0.0,0,0.0017832816600309442,1.0476912819588826,23.012534809112548,24.218190748546256,21.80687886967884,22.53499984741211,23.29185329264221,23.234941907246956,22.761776550676913,22.38999938964844
2021-07-14,22.61000061035156,22.979999542236328,22.209999084472656,22.399999618530277,31900,0.0,0,-0.003115251311227585,1.0444274603189985,22.940654468536376,24.111523853212972,21.76978508385978,22.47000026702881,23.29185329264221,23.30467128742992,22.831505930859876,22.049999237060547
2021-07-15,22.309999465942383,22.799999237060547,22.270000457763672,22.709999084472656,28700,0.0,0,0.01383926210810893,1.0588815656952597,22.87331657409668,23.927589546495952,21.81904360169741,22.369999885559082,23.29185329264221,23.50389979170733,23.030734435137287,22.38999938964844
2021-07-16,22.8700008392334,22.959999084472656,22.5,22.520000457763672,34800,0.0,0,-0.008366298298923769,1.0500226466534217,22.80046329498291,23.732637379347313,21.86828921061851,22.359999656677246,23.29185329264221,23.52133216056038,23.095482908987254,22.51000022888184
2021-07-19,22.36000061035156,22.649999618530277,21.530000686645508,21.920000076293945,37700,0.0,0,-0.026643000411790796,1.022046892846245,22.750405406951906,23.75669100680817,21.744119807095643,22.255000114440918,23.18685375040588,23.52133216056038,23.095482908987254,22.149999618530277
2021-07-20,21.899999618530277,22.46999931335449,21.700000762939453,21.81999969482422,58600,0.0,0,-0.004562061182557864,1.0173842523896373,22.662972927093506,23.673593518820077,21.652352335366935,22.255000114440918,23.13704672461332,23.556196710277717,23.13034745870459,22.75
2021-07-21,22.07999992370605,22.81999969482422,22.059999465942383,22.549999237060547,45600,0.0,0,0.03345552486004322,1.0514213765376752,22.622499847412108,23.581264334234724,21.66373536058949,22.255000114440918,23.13704672461332,23.623436077795603,23.13034745870459,23.049999237060547
2021-07-22,22.290000915527344,22.795000076293945,21.895000457763672,22.26000022888184,30000,0.0,0,-0.012860266873184534,1.0378998170392297,22.574499893188477,23.504176501408057,21.644823284968897,22.255000114440918,22.90793458935442,23.6284169940619,23.13034745870459,23.709999084472656
2021-07-23,22.6299991607666,23.11000061035156,22.38999938964844,23.100000381469727,29500,0.0,0,0.037735855523397754,1.0770658545827831,22.547999954223634,23.379888557633763,21.716111350813506,22.320000648498535,22.871077798752268,23.724544451188038,23.13034745870459,23.26000022888184
2021-07-26,23.270000457763672,24.670000076293945,23.25,23.739999771118164,66200,0.0,0,0.02770560082595619,1.1069066112131212,22.56649990081787,23.4837358786826,21.64926392295314,23.100000381469727,23.100000381469727,23.78281879973099,23.13034745870459,23.649999618530277
2021-07-27,23.6299991607666,23.790000915527344,23.13999938964844,23.309999465942383,35200,0.0,0,-0.018112902667291264,1.0868573195024367,22.57199983596802,23.5057154272057,21.638284244730336,23.100000381469727,23.100000381469727,23.6744880957447,23.13034745870459,23.670000076293945
2021-07-28,23.46999931335449,23.88999938964844,23.100000381469727,23.489999771118164,35000,0.0,0,0.007722020990981848,1.0952500545378367,22.600499820709228,23.60769600365686,21.593303637761597,23.100000381469727,23.100000381469727,23.6744880957447,23.13034745870459,23.68000030517578
2021-07-29,23.559999465942383,23.69499969482422,23.31999969482422,23.59000015258789,18800,0.0,0,0.004257146975057857,1.0999126949944444,22.63799982070923,23.731217923385405,21.544781718033054,23.100000381469727,23.100000381469727,23.6744880957447,23.13034745870459,23.3799991607666
2021-07-30,23.440000534057617,23.76000022888184,23.190000534057617,23.280000686645508,20800,0.0,0,-0.013141138784959927,1.0854585896181832,22.655999851226806,23.77897453036009,21.53302517209352,23.1850004196167,23.100000381469727,23.6744880957447,23.13034745870459,23.229999542236328
2021-08-02,23.34000015258789,23.63500022888184,22.65999984741211,22.8799991607666,29200,0.0,0,-0.017182195622028718,1.0668080277917522,22.66349983215332,23.79039045867883,21.536609205627812,23.28250026702881,23.100000381469727,23.64958458284842,23.13034745870459,22.88999938964844
2021-08-03,22.950000762939453,23.11000061035156,22.309999465942383,22.780000686645508,45100,0.0,0,-0.004370562840429026,1.0621454762676141,22.687499904632567,23.802659810712157,21.572339998552977,23.28250026702881,23.100000381469727,23.69441099969724,23.135328106879356,22.850000381469727
2021-08-04,22.649999618530277,23.18000030517578,22.530000686645508,22.73500061035156,26400,0.0,0,-0.001975420322104293,1.0600472925087638,22.71024990081787,23.809508837406224,21.61099096422952,23.489999771118164,23.100000381469727,23.57985493206779,23.14030904764804,23.530000686645508
2021-08-05,22.700000762939453,23.100000381469727,22.700000762939453,22.899999618530277,24900,0.0,0,0.00725748861882991,1.0677405736695678,22.755749893188476,23.805697757853594,21.705802028523358,23.489999771118164,23.100000381469727,23.561426536766717,23.14030904764804,23.68000030517578
2021-08-06,23.100000381469727,23.69099998474121,23.100000381469727,23.38999938964844,29100,0.0,0,0.021397370274262473,1.0905874140812288,22.813749885559083,23.869322989471016,21.75817678164715,23.09999942779541,23.100000381469727,23.48338771368453,23.14030904764804,22.979999542236328
2021-08-09,23.3799991607666,23.3799991607666,22.90900039672852,23.06999969482422,36400,0.0,0,-0.013681047591897033,1.0756670357660596,22.845749855041504,23.8915008433167,21.79999886676631,23.09999942779541,23.100000381469727,23.496650471907383,23.14030904764804,23.36000061035156
2021-08-10,22.96999931335449,23.229999542236328,22.88999938964844,22.979999542236328,24200,0.0,0,-0.0039011770168372317,1.0714706682483597,22.871249866485595,23.903753080620255,21.838746652350935,23.03499984741211,23.100000381469727,23.464082650025574,23.24988407352123,23.18000030517578
2021-08-11,22.88999938964844,23.049999237060547,22.770000457763672,23.0,48300,0.0,0,0.0008703419565745385,1.0724032141261752,22.901249885559082,23.9116327312677,21.890867039850463,23.03499984741211,23.100000381469727,23.240926913349913,23.379382296538907,23.36000061035156
2021-08-12,23.049999237060547,23.38999938964844,22.799999237060547,23.190000534057617,52500,0.0,0,0.008260892785113771,1.081262222100483,22.92524995803833,23.939156629893763,21.911343286182895,23.000499725341797,23.100000381469727,23.240926913349913,23.379382296538907,22.84000015258789
2021-08-13,23.190000534057617,23.450000762939453,22.910999298095703,22.959999084472656,24600,0.0,0,-0.009918130413458681,1.0705381223705444,22.94724988937378,23.943788247372023,21.950711531375536,23.000499725341797,23.100000381469727,23.055926493733214,23.29185329264221,22.920000076293945
2021-08-16,22.809999465942383,23.0,22.770000457763672,22.780000686645508,23600,0.0,0,-0.00783965178591306,1.0621454762676141,22.990249919891358,23.872241169681004,22.108258670101712,23.11050033569336,23.100000381469727,23.014676741688536,23.29185329264221,23.07999992370605
2021-08-17,22.65999984741211,22.756000518798828,22.32999992370605,22.450000762939453,41300,0.0,0,-0.014486387785734967,1.0467588250135373,23.02174997329712,23.767413034354984,22.276086912239254,23.010499954223633,23.100000381469727,22.992176703541563,23.29185329264221,23.670000076293945
2021-08-18,22.34000015258789,22.95499992370605,22.34000015258789,22.38999938964844,30500,0.0,0,-0.0026726668709099455,1.0439611873800911,23.013749980926512,23.782809914040328,22.244690047812696,23.010499954223633,23.100000381469727,22.91342657002716,23.29185329264221,23.729999542236328
2021-08-19,22.309999465942383,22.3799991607666,21.790000915527344,22.049999237060547,37200,0.0,0,-0.015185357831902668,1.0281082631871064,23.00324993133545,23.81807040396607,22.18842945870483,22.6200008392334,23.100000381469727,22.88092677983551,23.29185329264221,24.51000022888184
2021-08-20,22.020000457763672,22.75,22.020000457763672,22.38999938964844,36600,0.0,0,0.01541950858739427,1.043961187380091,22.967749881744385,23.823893696916457,22.111606066572314,22.6200008392334,23.100000381469727,22.830926589100645,23.29185329264221,24.239999771118164
2021-08-23,22.299999237060547,22.81599998474121,21.780000686645508,22.51000022888184,17800,0.0,0,0.005359573135534701,1.0495563737145142,22.90624990463257,23.705920853299602,22.10657895596554,22.61500072479248,23.100000381469727,22.825926474659727,23.29185329264221,24.57999992370605
2021-08-24,22.51000022888184,22.795000076293945,21.989999771118164,22.149999618530277,56900,0.0,0,-0.015992919000047734,1.032770903643714,22.848249912261966,23.69000151269896,22.006498311824974,22.61500072479248,23.1850004196167,22.7209269324234,23.18685375040588,24.200000762939453
2021-08-25,22.200000762939453,22.940000534057617,22.200000762939453,22.75,57800,0.0,0,0.02708805380600432,1.0607466574508906,22.811249923706058,23.59972393164458,22.022775915767536,22.61500072479248,23.225000381469727,22.69602341952712,23.18685375040588,24.690000534057617
2021-08-26,22.75,23.420000076293945,22.46999931335449,23.049999237060547,48800,0.0,0,0.013186779651013003,1.074734489888244,22.78424987792969,23.496745621065703,22.071754134793675,22.600000381469727,23.225000381469727,22.69602341952712,23.18685375040588,24.21999931335449
2021-08-27,23.030000686645508,23.850000381469727,23.030000686645508,23.709999084472656,30500,0.0,0,0.02863339996779435,1.1055077923963976,22.805749797821047,23.599076843822072,22.012422751820022,22.815000534057617,23.225000381469727,22.58146735189767,23.18685375040588,24.350000381469727
2021-08-30,23.709999084472656,23.899999618530277,23.15999984741211,23.26000022888184,17900,0.0,0,-0.018979286080424762,1.0845260437403677,22.82474985122681,23.642376780834045,22.007122921619573,22.84000015258789,23.225000381469727,22.5955392236254,23.18685375040588,24.149999618530277
2021-08-31,23.26000022888184,23.81999969482422,23.100000381469727,23.649999618530277,39700,0.0,0,0.01676695553786689,1.102710243695421,22.868249797821047,23.761645354617,21.974854241025096,22.84000015258789,22.84000015258789,23.100000381469727,23.18685375040588,24.25
2021-09-01,23.71999931335449,23.739999771118164,23.13999938964844,23.670000076293945,35500,0.0,0,0.0008456853313434376,1.1036427895732364,22.91499977111817,23.87191974451501,21.958079797721325,22.84000015258789,22.84000015258789,23.100000381469727,23.18685375040588,24.350000381469727
2021-09-02,23.670000076293945,23.790000915527344,23.559999465942383,23.68000030517578,24700,0.0,0,0.0004224853759866587,1.1041090625121441,22.953999805450444,23.967817455354925,21.940182155545962,22.84000015258789,22.84000015258789,23.100000381469727,23.18685375040588,24.01000022888184
2021-09-03,23.68000030517578,23.68000030517578,23.229999542236328,23.3799991607666,21700,0.0,0,-0.012668967083738103,1.0901211411423208,22.95349979400635,23.96645700201372,21.940542585998983,22.94499969482422,22.84000015258789,23.100000381469727,23.18685375040588,23.68000030517578
2021-09-07,23.5,23.549999237060547,23.059999465942383,23.229999542236328,27300,0.0,0,-0.006415723862898348,1.083127224923644,22.961499786376955,23.98058621737707,21.94241335537684,23.050000190734863,22.84000015258789,23.142500400543213,23.18685375040588,23.65999984741211
2021-09-08,23.1200008392334,23.1200008392334,22.809999465942383,22.88999938964844,23800,0.0,0,-0.014636253090307028,1.0672743007306598,22.956999778747562,23.976519138014762,21.937480419480362,23.184999465942383,22.84000015258789,23.191250324249268,23.18685375040588,24.020000457763672
2021-09-09,22.850000381469727,23.020000457763672,22.68000030517578,22.850000381469727,17700,0.0,0,-0.0017474447027203688,1.0654092979074983,22.949499797821048,23.969859171248352,21.929140424393744,23.289999961853027,22.84000015258789,23.191250324249268,23.18685375040588,24.09000015258789
2021-09-10,23.0,23.65999984741211,22.920000076293945,23.530000686645508,72600,0.0,0,0.02975931263997822,1.0971151462934672,22.966499805450443,24.013592877465282,21.919406733435604,23.289999961853027,22.84000015258789,23.295000076293945,23.18685375040588,23.96999931335449
2021-09-13,23.600000381469727,23.729999542236328,23.600000381469727,23.68000030517578,35600,0.0,0,0.0063748242308978575,1.104109062512144,23.0024998664856,24.09524219865044,21.90975753432076,23.25,22.84000015258789,23.295000076293945,23.18685375040588,24.09000015258789
2021-09-14,23.739999771118164,23.75900077819824,22.81999969482422,22.979999542236328,45200,0.0,0,-0.029560842648572616,1.0714706682483595,23.01249980926514,24.100513698293355,21.924485920236926,23.235000610351562,22.84000015258789,23.09999990463257,23.18685375040588,24.5
2021-09-15,22.96999931335449,23.44499969482422,22.96999931335449,23.36000061035156,34600,0.0,0,0.016536165173406614,1.0891886841969747,23.057999801635745,24.12375987282313,21.99223973044836,23.235000610351562,22.84000015258789,23.09999990463257,23.18685375040588,24.11000061035156
2021-09-16,23.36000061035156,23.36000061035156,23.11000061035156,23.18000030517578,37300,0.0,0,-0.007705492314756812,1.0807959491615748,23.097499847412113,24.11844191146964,22.076557783354588,23.21950054168701,22.84000015258789,23.067500114440918,23.18685375040588,24.440000534057617
2021-09-17,23.26000022888184,23.76000022888184,22.920000076293945,23.36000061035156,101900,0.0,0,0.007765327989904591,1.0891886841969747,23.162999916076664,24.066909242936394,22.259090589216935,23.22000026702881,22.84000015258789,23.067500114440918,23.18685375040588,24.479999542236328
2021-09-20,23.059999465942383,23.09000015258789,22.43000030517578,22.84000015258789,32600,0.0,0,-0.022260292987031804,1.0649430249685903,23.185499954223634,24.031245100207304,22.339754808239963,23.09500026702881,22.84000015258789,23.05025005340576,23.18685375040588,24.350000381469727
2021-09-21,23.125,23.209999084472656,22.649999618530277,22.920000076293945,25100,0.0,0,0.0035026236064621408,1.0686731195473824,23.20599994659424,24.003231902658925,22.408767990529554,23.09500026702881,22.84000015258789,23.05025005340576,23.18685375040588,23.979999542236328
2021-09-22,23.06999969482422,23.32999992370605,23.0,23.07999992370605,18100,0.0,0,0.006980796111671683,1.076133308704967,23.252499961853026,23.888562979545206,22.616436944160846,23.09500026702881,22.84000015258789,23.105250358581543,23.18685375040588,23.989999771118164
2021-09-23,23.190000534057617,23.7450008392334,23.100000381469727,23.670000076293945,92300,0.0,0,0.025563264927999096,1.1036427895732361,23.298499965667723,23.91511030677501,22.681889624560437,23.09500026702881,22.84000015258789,23.05525016784668,23.18685375040588,24.32999992370605
2021-09-24,23.530000686645508,23.979999542236328,23.530000686645508,23.729999542236328,55000,0.0,0,0.0025348316750735123,1.106440338274213,23.332499980926514,23.96550392952202,22.69949603233101,23.204999923706055,22.880000114440918,23.05525016784668,23.18685375040588,24.93000030517578
2021-09-27,23.700000762939453,24.93000030517578,23.700000762939453,24.51000022888184,85300,0.0,0,0.03286981465200678,1.14280882711679,23.372500038146974,24.17608443162628,22.56891564466767,23.68000030517578,23.355000495910645,22.860000610351562,23.18685375040588,24.46999931335449
2021-09-28,24.65999984741211,24.86000061035156,24.1200008392334,24.239999771118164,50500,0.0,0,-0.011015930446443445,1.1302197245636898,23.42150001525879,24.307862612941143,22.535137417576436,23.68000030517578,23.355000495910645,22.860000610351562,23.18685375040588,25.459999084472656
2021-09-29,24.020000457763672,24.75,23.049999237060547,24.57999992370605,46800,0.0,0,0.014026409067585677,1.1460726487566741,23.46800003051758,24.486676221861163,22.449323839173996,23.68000030517578,23.460000038146973,22.857500553131104,23.18685375040588,25.059999465942383
2021-09-30,24.71999931335449,24.739999771118164,24.149999618530277,24.200000762939453,23600,0.0,0,-0.01545968925736696,1.1283547217405285,23.494500064849852,24.559840137605555,22.42915999209415,23.68000030517578,23.565000534057617,22.90000057220459,23.18685375040588,26.11000061035156
2021-10-01,23.9950008392334,24.86199951171875,23.9950008392334,24.690000534057617,25900,0.0,0,0.020247923788025757,1.1512015621521898,23.545000076293945,24.731024064429697,22.358976088158194,23.789999961853027,23.68000030517578,22.920000553131104,23.13704672461332,25.82999992370605
2021-10-04,24.899999618530277,24.940000534057617,24.06999969482422,24.21999931335449,59000,0.0,0,-0.019036096012019277,1.1292871786858742,23.58700008392334,24.806072417462882,22.367927750383796,23.97000026702881,23.6850004196167,22.912500381469727,23.13704672461332,25.709999084472656
2021-10-05,24.4950008392334,24.75,24.266000747680664,24.350000381469727,43700,0.0,0,0.005367509157754524,1.1353486379592055,23.64300012588501,24.89415783883997,22.39184241293005,23.994999885559082,23.6850004196167,23.020000457763672,23.100000381469727,26.06999969482422
2021-10-06,24.290000915527344,24.36000061035156,23.700000762939453,24.149999618530277,49000,0.0,0,-0.008213583564936955,1.12602335704599,23.706000137329102,24.925292899126475,22.48670737553173,23.994999885559082,23.6850004196167,23.03250026702881,23.100000381469727,26.200000762939453
2021-10-07,24.299999237060547,24.520000457763672,23.93000030517578,24.25,22800,0.0,0,0.004140802610737682,1.1306859975025978,23.776000118255617,24.95011424113387,22.601885995377362,23.994999885559082,23.6850004196167,22.84000015258789,23.100000381469727,25.959999084472656
2021-10-08,24.25,24.440000534057617,24.06999969482422,24.350000381469727,25800,0.0,0,0.004123727070916461,1.1353486379592055,23.817000102996825,25.01120585033522,22.62279435565843,23.994999885559082,23.6850004196167,22.84000015258789,23.100000381469727,25.51000022888184
2021-10-11,24.450000762939453,24.450000762939453,24.01000022888184,24.01000022888184,16300,0.0,0,-0.013963045062070134,1.1194957137662211,23.833500099182128,25.028808815916005,22.63819138244825,23.994999885559082,23.6850004196167,22.84000015258789,23.100000381469727,25.43000030517578
2021-10-12,24.01000022888184,24.263999938964844,23.46999931335449,23.68000030517578,83300,0.0,0,-0.013744269910880624,1.1041090625121441,23.8685001373291,25.00043905369662,22.73656122096158,24.204999923706055,23.6850004196167,22.892499923706055,23.100000381469727,25.350000381469727
2021-10-13,23.68000030517578,23.93000030517578,23.23200035095215,23.65999984741211,55800,0.0,0,-0.0008446139149458354,1.1031765166343286,23.88350009918213,24.99565342867576,22.7713467696885,24.086000442504883,23.6850004196167,22.945000171661377,23.100000381469727,26.75
2021-10-14,23.88999938964844,24.104999542236328,23.69499969482422,24.020000457763672,41300,0.0,0,0.015215579571989712,1.1199619867051287,23.925500106811523,24.990137630548332,22.860862583074713,24.086000442504883,23.6850004196167,23.012499809265137,23.100000381469727,28.920000076293945
2021-10-15,24.309999465942383,24.46999931335449,24.049999237060547,24.09000015258789,40500,0.0,0,0.0029142253742795443,1.1232258083450133,23.96200008392334,24.99586609010584,22.92813407774084,23.991000175476074,23.6850004196167,23.06500005722046,23.100000381469727,28.88999938964844
2021-10-18,23.920000076293945,24.3700008392334,23.90999984741211,23.96999931335449,26200,0.0,0,-0.0049813548556789655,1.1176306220105898,24.01850004196167,24.91373745536934,23.123262628554,23.87600040435791,23.6850004196167,23.06500005722046,23.100000381469727,29.06999969482422
2021-10-19,23.940000534057617,24.47900009155273,23.799999237060547,24.09000015258789,32200,0.0,0,0.005006292977511428,1.123225808345013,24.077000045776366,24.81501246762225,23.338987623930482,23.87600040435791,23.6850004196167,23.045000076293945,23.100000381469727,28.88999938964844
2021-10-20,24.371000289916992,24.524999618530277,24.209999084472656,24.5,30900,0.0,0,0.017019503728316288,1.142342554177882,24.148000049591065,24.747564004992217,23.548436094189913,23.87849998474121,23.6850004196167,23.037500381469727,23.100000381469727,27.790000915527344
2021-10-21,24.459999084472656,24.520000457763672,24.030000686645508,24.11000061035156,23800,0.0,0,-0.015918342434630195,1.1241583542228284,24.170000076293945,24.7282246155246,23.61177553706329,23.87849998474121,23.6850004196167,23.037500381469727,23.100000381469727,27.84000015258789
2021-10-22,24.030000686645508,24.489999771118164,24.030000686645508,24.440000534057617,17700,0.0,0,0.013687263183409959,1.1395450054769052,24.20550012588501,24.7366442887635,23.67435596300652,23.87849998474121,23.6850004196167,23.02975034713745,23.100000381469727,27.799999237060547
2021-10-25,24.5,24.56999969482422,24.183000564575195,24.479999542236328,26800,0.0,0,0.0016366205934803535,1.1414100083000664,24.204000091552736,24.731819108063803,23.67618107504167,23.901000022888184,23.6850004196167,23.03000020980835,23.100000381469727,27.51000022888184
2021-10-26,24.479999542236328,24.59000015258789,24.350000381469727,24.350000381469727,38800,0.0,0,-0.005310423333232062,1.1353486379592053,24.209500122070313,24.741024762370355,23.67797548177027,24.142499923706055,23.795000076293945,22.96750020980835,23.100000381469727,28.61000061035156
2021-10-27,24.32999992370605,24.32999992370605,23.8700008392334,23.979999542236328,16200,0.0,0,-0.0151951060959723,1.1180968949494976,24.179500102996826,24.691138532113786,23.667861673879866,24.19499969482422,23.97000026702881,22.96750020980835,23.100000381469727,28.690000534057617
2021-10-28,23.8799991607666,24.350000381469727,23.124000549316406,23.989999771118164,26600,0.0,0,0.0004170237311398317,1.1185631678884054,24.16900005340576,24.68717355188918,23.65082655492234,23.85700035095215,23.994999885559082,22.96750020980835,23.100000381469727,29.280000686645508
2021-10-29,23.959999084472656,24.63999938964844,23.959999084472656,24.32999992370605,24400,0.0,0,0.014172578400655889,1.1344160920813897,24.151000022888184,24.617424628811705,23.684575416964663,23.881999969482422,23.994999885559082,22.96750020980835,23.100000381469727,28.739999771118164
2021-11-01,24.38999938964844,24.950000762939453,24.190000534057617,24.93000030517578,51400,0.0,0,0.02466092821007848,1.1623918458885667,24.186500072479248,24.764591812712258,23.60840833224624,24.03700065612793,24.0,23.042500019073486,23.100000381469727,28.75
2021-11-02,24.86000061035156,24.93600082397461,24.31999969482422,24.46999931335449,34000,0.0,0,-0.018451704219425547,1.1409437353611587,24.192500019073485,24.779773228243013,23.605226809903957,24.03700065612793,24.0,23.517500400543213,23.230000495910645,28.770000457763672
2021-11-03,24.399999618530277,25.88999938964844,24.399999618530277,25.459999084472656,115900,0.0,0,0.04045769509187824,1.187103689123389,24.257999992370603,25.065467663887837,23.45053232085337,24.506999969482422,24.469999313354492,23.517500400543213,23.230000495910645,28.93000030517578
2021-11-04,25.540000915527344,25.604999542236328,24.549999237060547,25.059999465942383,41700,0.0,0,-0.015710904670621972,1.1684532162294279,24.298499965667723,25.17907204733439,23.417927884001056,24.506999969482422,24.506999969482422,23.570000171661377,23.230000495910645,28.51000022888184
2021-11-05,25.25,26.3700008392334,25.024999618530277,26.11000061035156,48600,0.0,0,0.041899487900475485,1.2174108076251045,24.386499977111814,25.57269033377807,23.20030962044556,24.747000694274902,24.747000694274902,23.6225004196167,23.315000534057617,28.6299991607666
2021-11-08,26.18000030517578,26.32999992370605,25.70499992370605,25.82999992370605,24500,0.0,0,-0.010723886637310054,1.2043554321330967,24.477499961853024,25.806484832545827,23.14851509116022,24.747000694274902,24.747000694274902,23.735000133514404,23.355000495910645,28.63999938964844
2021-11-09,25.625,25.75,25.350000381469727,25.709999084472656,17200,0.0,0,-0.004645793247690322,1.1987602457986737,24.57899990081787,25.958522932412603,23.199476869223137,24.747000694274902,24.747000694274902,23.827500343322754,23.360000610351562,28.489999771118164
2021-11-10,25.600000381469727,26.31999969482422,25.600000381469727,26.06999969482422,58900,0.0,0,0.01400235796075866,1.2155457158694738,24.699499893188474,26.156582271520975,23.242417514855973,25.164999961853027,24.747000694274902,23.84000015258789,23.360000610351562,27.6299991607666
2021-11-11,26.25,26.63999938964844,25.3700008392334,26.200000762939453,38100,0.0,0,0.004986615636249692,1.2216071751428048,24.808499908447263,26.36956369322364,23.247436123670887,25.414999961853027,24.881999969482422,23.84000015258789,23.360000610351562,27.40999984741211
2021-11-12,26.34000015258789,26.34000015258789,25.709999084472656,25.959999084472656,19600,0.0,0,-0.00916036914038132,1.2104168024739583,24.901999855041502,26.503649906704634,23.30034980337837,25.479999542236328,24.881999969482422,23.84000015258789,23.360000610351562,27.899999618530277
2021-11-15,25.959999084472656,25.959999084472656,25.020000457763672,25.51000022888184,54800,0.0,0,-0.017334317082467576,1.1894350538179281,24.97899990081787,26.541185120203924,23.416814681431813,25.51999950408936,24.881999969482422,23.84000015258789,23.360000610351562,28.170000076293945
2021-11-16,25.44700050354004,25.6200008392334,25.07999992370605,25.43000030517578,31800,0.0,0,-0.003136022069317068,1.1857049592391358,25.045999908447264,26.563761814329194,23.528238002565335,25.594999313354492,24.881999969482422,23.84000015258789,23.360000610351562,28.34000015258789
2021-11-17,25.399999618530277,25.450000762939453,25.131999969482425,25.350000381469727,14300,0.0,0,-0.0031458876423910986,1.1819748646603436,25.08849992752075,26.590068042952073,23.58693181208943,25.829999923706055,24.881999969482422,23.945000171661377,23.360000610351562,28.63999938964844
2021-11-18,25.75,26.979999542236328,25.75,26.75,83100,0.0,0,0.055226808578418884,1.247251564255443,25.220499897003172,26.817002340703805,23.62399745330254,26.0,25.052000045776367,23.88550043106079,23.360000610351562,28.81999969482422
2021-11-19,30.459999084472656,30.459999084472656,28.520000457763672,28.920000076293945,851100,0.0,0,0.08112149817921299,1.3484304797542115,25.44449987411499,27.678325156666222,23.210674591563755,27.739999771118164,26.79199981689453,23.88550043106079,23.360000610351562,29.059999465942383
2021-11-22,28.40999984741211,29.209999084472656,28.40999984741211,28.88999938964844,398500,0.0,0,-0.0010373681385325018,1.3470316609374884,25.664999866485594,28.311802095277837,23.01819763769335,27.739999771118164,26.79199981689453,23.838000297546387,23.360000610351562,28.88999938964844
2021-11-23,29.09000015258789,29.38999938964844,28.959999084472656,29.06999969482422,200000,0.0,0,0.006230540290017128,1.355424395972888,25.90099983215332,28.863245257979315,22.938754406327327,27.739999771118164,26.79199981689453,23.780500411987305,23.360000610351562,28.780000686645508
2021-11-24,28.6299991607666,29.07999992370605,28.18000030517578,28.88999938964844,88300,0.0,0,-0.006191961027362081,1.3470316609374882,26.146499824523925,29.243503917619464,23.049495731428387,27.739999771118164,26.79199981689453,23.780500411987305,23.360000610351562,29.40999984741211
2021-11-26,28.280000686645508,28.280000686645508,27.040000915527344,27.790000915527344,58300,0.0,0,-0.038075406623761854,1.295742882712212,26.336499881744384,29.34503872696956,23.32796103651921,27.739999771118164,26.79199981689453,23.781750202178955,23.360000610351562,30.1200008392334
2021-11-29,28.100000381469727,28.270000457763672,27.309999465942383,27.84000015258789,124200,0.0,0,0.0017991808353130523,1.298074158474281,26.511999893188477,29.439419380978116,23.58458040539884,27.769999504089355,26.79199981689453,23.781750202178955,23.360000610351562,29.6200008392334
2021-11-30,27.049999237060547,28.201000213623047,27.049999237060547,27.799999237060547,105200,0.0,0,-0.0014368144866416799,1.2962090667186499,26.655499839782713,29.53923191530547,23.771767764259955,27.79599952697754,26.79199981689453,23.781750202178955,23.360000610351562,30.600000381469727
2021-12-01,28.209999084472656,28.75,27.420000076293945,27.51000022888184,156000,0.0,0,-0.010431619285518057,1.2826875072202042,26.807499885559082,29.528598091859955,24.08640167925821,28.104999542236328,26.79199981689453,23.79300022125244,23.360000610351562,31.46999931335449
2021-12-02,27.57999992370605,28.899999618530277,27.57999992370605,28.61000061035156,166600,0.0,0,0.03998547336669467,1.3339763743779496,26.964999961853028,29.7206944756664,24.209305448039657,28.75,26.79199981689453,23.96875,23.360000610351562,30.950000762939453
2021-12-03,28.770000457763672,29.07999992370605,28.59000015258789,28.690000534057617,132700,0.0,0,0.0027962223697790556,1.337706468956742,27.146500015258788,29.853625809582915,24.43937422093466,28.21500015258789,26.79199981689453,24.082499980926514,23.360000610351562,30.489999771118164
2021-12-06,28.959999084472656,30.0,28.90999984741211,29.280000686645508,272500,0.0,0,0.020564661610497526,1.365215949825011,27.305000019073486,30.121035117008574,24.488964921138397,28.520000457763672,27.209999084472656,23.926000118255615,23.360000610351562,30.3700008392334
2021-12-07,29.549999237060547,29.69499969482422,28.61000061035156,28.739999771118164,127100,0.0,0,-0.018442653786331253,1.340037744718811,27.450500011444092,30.247089111074366,24.653910911813817,28.520000457763672,27.324999809265137,23.938499927520752,23.360000610351562,30.530000686645508
2021-12-08,28.799999237060547,28.989999771118164,28.61000061035156,28.75,122900,0.0,0,0.0003479550786873453,1.3405040176577185,27.60250005722046,30.33314446275207,24.87185565168885,28.520000457763672,27.389999389648438,24.018500328063965,23.36500072479248,30.96999931335449
2021-12-09,28.559999465942383,29.020000457763672,28.25,28.770000457763672,106300,0.0,0,0.000695668096127644,1.3414365635355339,27.73750009536743,30.41769840945881,25.05730178127605,28.524999618530273,27.429999351501465,24.018500328063965,23.36500072479248,30.149999618530277
2021-12-10,28.84000015258789,29.06999969482422,28.65999984741211,28.93000030517578,69900,0.0,0,0.0055613432348393665,1.3488967526931184,27.874000072479248,30.504149591449746,25.24385055350875,28.524999618530273,27.5049991607666,24.488499641418457,23.835000038146973,29.459999084472656
2021-12-13,28.850000381469727,28.90999984741211,28.190000534057617,28.51000022888184,69400,0.0,0,-0.0145178040740912,1.329313733921342,28.001500129699707,30.490080765371676,25.512919494027738,28.710000038146973,27.739999771118164,24.506999969482422,23.9399995803833,28.559999465942383
2021-12-14,28.56999969482422,29.290000915527344,28.489999771118164,28.6299991607666,103000,0.0,0,0.0042090119579585306,1.3349088313232953,28.157500076293946,30.375468830244927,25.939531322342965,28.789999961853027,27.739999771118164,24.747000694274902,24.285000801086426,28.32999992370605
2021-12-15,28.75,29.440000534057617,28.59000015258789,28.63999938964844,123200,0.0,0,0.00034929197258048994,1.3353751042622033,28.318000030517577,30.150525122016372,26.485474939018783,29.09500026702881,27.739999771118164,24.747000694274902,24.40000057220459,29.100000381469727
2021-12-16,29.01000022888184,29.20499992370605,28.3799991607666,28.489999771118164,63100,0.0,0,-0.00523741695973956,1.3283811880435263,28.475,29.692933878875625,27.257066121124378,29.09500026702881,27.739999771118164,24.747000694274902,24.40000057220459,28.82999992370605
2021-12-17,28.40999984741211,28.71999931335449,27.11000061035156,27.6299991607666,108300,0.0,0,-0.030186051851898932,1.2882826046221574,28.51899995803833,29.5280900159154,27.509909900161258,28.40250015258789,27.739999771118164,24.956000328063965,24.40000057220459,28.6200008392334
2021-12-20,27.299999237060547,27.440000534057617,26.84000015258789,27.40999984741211,60100,0.0,0,-0.007962335144290567,1.2780248667635963,28.443499946594237,29.54412198886512,27.342877904323355,28.140000343322754,27.739999771118164,25.148499965667725,24.53499984741211,27.68000030517578
2021-12-21,27.649999618530277,28.393999099731445,27.600000381469727,27.899999618530277,76600,0.0,0,0.01787667908959989,1.3008717071752578,28.39399995803833,29.498932995455203,27.289066920621455,28.140000343322754,27.739999771118164,25.180999755859375,24.53499984741211,27.540000915527344
2021-12-22,27.71999931335449,28.200000762939453,27.709999084472656,28.170000076293945,41400,0.0,0,0.0096774358944558,1.3134608097283575,28.348999977111816,29.412220431099833,27.2857795231238,28.140000343322754,27.769999504089355,25.20099973678589,24.53499984741211,27.84000015258789
2021-12-23,28.170000076293945,28.8799991607666,28.170000076293945,28.34000015258789,68100,0.0,0,0.006034791474388568,1.3213872718248498,28.32150001525879,29.35504687648632,27.287953154031257,28.140000343322754,27.79599952697754,25.238499641418457,24.53499984741211,27.88999938964844
2021-12-27,28.559999465942383,28.70499992370605,28.280000686645508,28.63999938964844,72200,0.0,0,0.01058571755276283,1.3353751042622035,28.363999938964845,29.37608133615918,27.35191854177051,28.140000343322754,28.104999542236328,25.35599994659424,24.53499984741211,27.709999084472656
2021-12-28,28.520000457763672,29.0049991607666,28.520000457763672,28.81999969482422,75300,0.0,0,0.00628492699063532,1.3437678392976036,28.41299991607666,29.413562617166118,27.412437214987204,28.140000343322754,28.649999618530273,25.526000022888184,24.704999923706055,27.649999618530277
2021-12-29,28.770000457763672,29.1200008392334,28.68000030517578,29.059999465942383,91500,0.0,0,0.008327542458692827,1.3549581230339802,28.475999927520753,29.472863721388567,27.47913613365294,28.022500038146973,28.420000076293945,27.265999794006348,26.44499969482422,27.88999938964844
2021-12-30,29.18000030517578,29.270000457763672,28.71999931335449,28.88999938964844,44800,0.0,0,-0.0058499683213407705,1.3470316609374882,28.544999885559083,29.450795193262245,27.63920457785592,28.05500030517578,28.420000076293945,27.265999794006348,26.44499969482422,28.059999465942383
2021-12-31,28.770000457763672,29.030000686645508,28.700000762939453,28.780000686645508,40400,0.0,0,-0.0038075010497351514,1.341902836474442,28.55349988937378,29.464809219754443,27.642190558993114,28.05500030517578,28.420000076293945,27.265999794006348,26.44499969482422,29.530000686645508
2022-01-03,28.71999931335449,29.75,28.649999618530277,29.40999984741211,91900,0.0,0,0.02189017184627562,1.3712773201658723,28.589499855041502,29.574284750571262,27.604714959511742,28.675000190734863,28.420000076293945,27.265999794006348,26.44499969482422,29.07999992370605
2022-01-04,29.5,30.32999992370605,29.46999931335449,30.1200008392334,93300,0.0,0,0.024141482336109688,1.4043819873685646,28.6314998626709,29.78903223363921,27.473967491702588,29.019999504089355,28.585000038146973,27.265999794006348,26.44499969482422,28.93000030517578
2022-01-05,29.989999771118164,30.32999992370605,29.57999992370605,29.6200008392334,84100,0.0,0,-0.01660026514171653,1.3810688740179955,28.67549991607666,29.911314796674347,27.439685035478973,29.25,28.585000038146973,27.280999660491943,26.44499969482422,28.86000061035156
2022-01-06,29.979999542236328,30.690000534057617,29.940000534057617,30.600000381469727,360300,0.0,0,0.03308573647770663,1.4267625548413179,28.767999935150147,30.264785187920968,27.271214682379327,29.485000610351562,28.765000343322754,27.293999671936035,26.44499969482422,28.71999931335449
2022-01-07,31.36000061035156,31.6200008392334,30.709999084472656,31.46999931335449,177100,0.0,0,0.028431337288858494,1.4673273222691248,28.902999877929688,30.811615167055876,26.9943845888035,30.070000648498535,29.230000495910645,27.44849967956543,26.44499969482422,29.51000022888184
2022-01-10,31.649999618530277,31.75,30.690000534057617,30.950000762939453,57400,0.0,0,-0.016523627637779148,1.4430817519732102,29.00399990081787,31.113177724258556,26.894822077377185,30.199999809265137,29.295000076293945,27.770999908447266,26.554999351501465,29.36000061035156
2022-01-11,30.63999938964844,30.770000457763672,30.26000022888184,30.489999771118164,57100,0.0,0,-0.014862713424295237,1.4216336414458024,29.102999877929687,31.29528872587321,26.910711029986164,30.199999809265137,29.295000076293945,27.50349998474121,26.729999542236328,28.530000686645508
2022-01-12,30.34000015258789,30.91900062561035,30.290000915527344,30.3700008392334,41900,0.0,0,-0.0039356816262896555,1.416038544043849,29.189999961853026,31.438301573259707,26.941698350446345,30.199999809265137,29.295000076293945,27.864999771118164,26.7549991607666,
2022-01-13,30.309999465942383,30.979999542236328,29.940000534057617,30.530000686645508,55800,0.0,0,0.005268351761301693,1.4234987332014335,29.28450002670288,31.591150716334894,26.977849337070865,30.199999809265137,29.295000076293945,27.922500133514404,26.7549991607666,
2022-01-14,29.790000915527344,31.02899932861328,29.790000915527344,30.96999931335449,44900,0.0,0,0.014412008411825772,1.444014208918556,29.408500003814698,31.797063083969434,27.019936923659962,30.609999656677246,29.295000076293945,27.954999923706055,26.7549991607666,
2022-01-18,30.88999938964844,30.950000762939453,30.1299991607666,30.149999618530277,28600,0.0,0,-0.026477226767991024,1.405780717252818,29.53450002670288,31.795620107729807,27.273379945675952,30.664999961853027,29.295000076293945,27.97749948501587,26.7549991607666,
2022-01-19,30.200000762939453,30.450000762939453,29.3700008392334,29.459999084472656,45200,0.0,0,-0.022885590142214918,1.3736085959279412,29.636999988555907,31.676293696129772,27.59770628098204,30.5600004196167,29.295000076293945,28.014999389648438,26.7549991607666,
2022-01-20,29.34000015258789,29.61000061035156,28.479999542236328,28.559999465942383,97800,0.0,0,-0.03054988616766907,1.3316450096834107,29.669999980926512,31.613913747183343,27.72608621466968,30.114999771118164,29.295000076293945,28.22499990463257,26.79199981689453,
2022-01-21,28.239999771118164,29.15999984741211,28.13999938964844,28.32999992370605,83300,0.0,0,-0.008053205410966657,1.3209209988859416,29.67799997329712,31.59806953469869,27.757930411895547,29.94499969482422,29.295000076293945,28.264999866485596,26.79199981689453,
2022-01-24,27.799999237060547,29.170000076293945,27.799999237060547,29.100000381469727,53000,0.0,0,0.027179684427720563,1.3568232147896109,29.71599998474121,31.55621944521544,27.87578052426698,29.414499282836914,29.295000076293945,28.417500019073486,26.79199981689453,
2022-01-25,28.940000534057617,29.299999237060547,28.350000381469727,28.82999992370605,38000,0.0,0,-0.009278366124545023,1.3442341122365107,29.72550001144409,31.545024751477094,27.905975271411087,29.414499282836914,29.295000076293945,28.417500019073486,26.79199981689453,
2022-01-26,28.780000686645508,29.3799991607666,28.11000061035156,28.6200008392334,47900,0.0,0,-0.007284047347498435,1.3344426473168574,29.71550006866455,31.557125987682195,27.873874149646905,29.414499282836914,29.295000076293945,28.071249961853027,26.79199981689453,
2022-01-27,29.5,29.5,27.600000381469727,27.68000030517578,75900,0.0,0,-0.03284418261683031,1.290613969316696,29.64650011062622,31.677061608974533,27.61593861227791,29.314499855041504,29.675000190734863,27.94000005722046,26.79199981689453,
2022-01-28,27.71999931335449,27.950000762939453,27.07999992370605,27.540000915527344,52500,0.0,0,-0.0050577813621721646,1.284086326036927,29.579000186920165,31.789481366099803,27.368519007740527,29.015000343322754,29.414999961853027,27.94000005722046,26.79199981689453,
2022-01-31,27.290000915527344,27.850000381469727,27.11000061035156,27.84000015258789,74700,0.0,0,0.010893218122276949,1.2980741584742805,29.532000160217287,31.8470945339246,27.216905786509972,28.765000343322754,29.414999961853027,27.954999923706055,26.79199981689453,
2022-02-01,27.799999237060547,27.950000762939453,27.34000015258789,27.88999938964844,33000,0.0,0,0.0017959495972166284,1.3004054342363498,29.456000137329102,31.88054795193725,27.031452322720956,28.345000267028805,29.414999961853027,27.967999935150146,26.79199981689453,
2022-02-02,27.84000015258789,27.8799991607666,27.36000061035156,27.709999084472656,44600,0.0,0,-0.006453937221762462,1.2920126992009497,29.335500049591065,31.854815245428416,26.816184853753715,28.289999961853027,29.414999961853027,28.12249994277954,26.79199981689453,
2022-02-03,27.63999938964844,28.209999084472656,27.549999237060547,27.649999618530277,33300,0.0,0,-0.0021652640896693276,1.2892151504999732,29.236999988555908,31.857258036072498,26.61674194103932,28.289999961853027,29.414999961853027,28.394999980926514,26.79199981689453,
2022-02-04,27.76000022888184,28.020000457763672,27.399999618530277,27.88999938964844,97600,0.0,0,0.008679919509196665,1.3004054342363498,29.101499938964842,31.705869415369694,26.49713046255999,28.289999961853027,29.414999961853027,28.22125005722046,26.79199981689453,
2022-02-07,28.07999992370605,28.239999771118164,27.86000061035156,28.059999465942383,52200,0.0,0,0.006095377555190629,1.3083318963328419,28.930999946594238,31.328971106956313,26.533028786232162,28.289999961853027,29.414999961853027,28.237500190734863,26.79199981689453,
2022-02-08,28.18000030517578,29.57999992370605,28.18000030517578,29.530000686645508,274800,0.0,0,0.052387785056351444,1.3768725065002954,28.85999994277954,31.09119445558452,26.628805429974562,28.32999992370605,29.414999961853027,28.237500190734863,26.79199981689453,
2022-02-09,29.559999465942383,29.559999465942383,28.8700008392334,29.07999992370605,45700,0.0,0,-0.015238765745879679,1.355890668911795,28.789499950408935,30.894427308546476,26.684572592271394,28.32999992370605,29.414999961853027,28.547500133514404,26.79199981689453,
2022-02-10,29.07999992370605,29.46999931335449,28.799999237060547,28.93000030517578,57400,0.0,0,-0.0051581712147114045,1.3488967526931186,28.717499923706054,30.69453851050237,26.74046133690974,28.345000267028805,29.414999961853027,28.802499771118164,26.79199981689453,
2022-02-11,28.739999771118164,29.34000015258789,28.729999542236328,28.86000061035156,25900,0.0,0,-0.0024196230240515204,1.345632931053234,28.63399991989136,30.4285384224514,26.839461417331318,28.460000038146973,29.414999961853027,28.917500019073486,26.79199981689453,
2022-02-14,28.979999542236328,29.309999465942383,28.559999465942383,28.71999931335449,28200,0.0,0,-0.004851049689404863,1.3391051988409952,28.521499919891358,29.959331009296893,27.083668830485824,28.470000267028805,29.414999961853027,29.125000476837158,26.90700054168701,
2022-02-15,28.979999542236328,29.59000015258789,28.756999969482425,29.51000022888184,79800,0.0,0,0.027506996323638733,1.37593996062248,28.489499950408934,29.80273055674654,27.17626934407133,28.494999885559082,29.414999961853027,29.65000057220459,27.372000694274902,
2022-02-16,29.18000030517578,29.61000061035156,29.100000381469727,29.36000061035156,72800,0.0,0,-0.005083009737948951,1.3689460444038029,28.484500026702882,29.783442297863896,27.18555775554187,28.505000114440918,29.054499626159668,29.74749994277954,27.437000274658203,
2022-02-17,29.01000022888184,29.11000061035156,28.479999542236328,28.530000686645508,68300,0.0,0,-0.028269751582137737,1.3302462797991572,28.483000087738038,29.781656319192845,27.18434385628323,28.73500061035156,29.054499626159668,29.74749994277954,27.437000274658203,
